image_path	suggested_text	confidence	status
ocr_dataset/unlabeled/plate_20260826_115943_463898_conf0.653.jpg	SYL-040	manual	approved
ocr_dataset/unlabeled/plate_20260826_115959_765003_conf0.662.jpg	LEZ-356	manual	approved
ocr_dataset/unlabeled/plate_20260826_121103_818580_conf0.701.jpg	SJF-677	manual	approved
ocr_dataset/unlabeled/plate_20260826_121115_435351_conf0.780.jpg	SIV-256	manual	approved
ocr_dataset/unlabeled/plate_20260826_121133_712204_conf0.741.jpg	SVE-756	manual	approved
ocr_dataset/unlabeled/plate_20260826_121148_507076_conf0.726.jpg	AILB-612	manual	approved
ocr_dataset/unlabeled/plate_20260826_121158_677075_conf0.403.jpg	LPM-304	manual	approved
ocr_dataset/unlabeled/plate_20260826_121224_893241_conf0.457.jpg	GNV-998	manual	approved
ocr_dataset/unlabeled/plate_20260826_121234_928091_conf0.783.jpg	JLR-808	manual	approved
ocr_dataset/unlabeled/plate_20260826_121244_931416_conf0.673.jpg	GNV-998	manual	approved
ocr_dataset/unlabeled/plate_20260826_121257_975827_conf0.757.jpg	RWK-167	manual	approved
ocr_dataset/unlabeled/plate_20260826_121308_176633_conf0.730.jpg	AEEC-160	manual	approved
ocr_dataset/unlabeled/plate_20260826_121322_584577_conf0.767.jpg	AOFI-228	manual	approved
ocr_dataset/unlabeled/plate_20260826_121333_892539_conf0.687.jpg	NDP-763	manual	approved
ocr_dataset/unlabeled/plate_20260826_121343_910754_conf0.786.jpg	GUS-464	manual	approved
ocr_dataset/unlabeled/plate_20260826_121410_137395_conf0.778.jpg	AORJ-790	manual	approved
ocr_dataset/unlabeled/plate_20260826_121420_295927_conf0.730.jpg	NDP-763	manual	approved
ocr_dataset/unlabeled/plate_20260826_121433_665529_conf0.757.jpg	JXK-981	manual	approved
ocr_dataset/unlabeled/plate_20260826_121519_508664_conf0.730.jpg	HXW-974	manual	approved
ocr_dataset/unlabeled/plate_20260826_121529_531898_conf0.775.jpg	GXM-974	manual	approved
ocr_dataset/unlabeled/plate_20260826_121541_253080_conf0.728.jpg	GXM-974	manual	approved
ocr_dataset/unlabeled/plate_20260826_121551_710464_conf0.572.jpg	GXM-974	manual	approved
ocr_dataset/unlabeled/plate_20260826_121602_170129_conf0.743.jpg	PHH-608	manual	approved
ocr_dataset/unlabeled/plate_20260826_121651_858792_conf0.792.jpg	ROT-768	manual	approved
ocr_dataset/unlabeled/plate_20260826_121701_871814_conf0.770.jpg	ROT-768	manual	approved
ocr_dataset/unlabeled/plate_20260826_121711_890318_conf0.768.jpg	ROT-768	manual	approved
ocr_dataset/unlabeled/plate_20260826_121742_561960_conf0.626.jpg	SFR-896	manual	approved
ocr_dataset/unlabeled/plate_20260826_121805_696598_conf0.796.jpg	SHB-930	manual	approved
ocr_dataset/unlabeled/plate_20260826_121926_790848_conf0.693.jpg	PUW-379	manual	approved
ocr_dataset/unlabeled/plate_20260826_122012_558188_conf0.683.jpg	PAK-331	manual	approved
ocr_dataset/unlabeled/plate_20260826_122022_572041_conf0.673.jpg	PAK-331	manual	approved
ocr_dataset/unlabeled/plate_20260826_122032_598497_conf0.683.jpg	PAK-331	manual	approved
ocr_dataset/unlabeled/plate_20260826_122044_333277_conf0.682.jpg	PAK-331	manual	approved
ocr_dataset/unlabeled/plate_20260826_122054_350134_conf0.690.jpg	AIFM-038	manual	approved
ocr_dataset/unlabeled/plate_20260826_122133_597465_conf0.696.jpg	JAF-632	manual	approved
ocr_dataset/unlabeled/plate_20260826_122143_622557_conf0.733.jpg	JAF-632	manual	approved
ocr_dataset/unlabeled/plate_20260826_122155_370521_conf0.754.jpg	RZF-853	manual	approved
ocr_dataset/unlabeled/plate_20260826_122205_376570_conf0.817.jpg	RZF-853	manual	approved
ocr_dataset/unlabeled/plate_20260826_122215_478973_conf0.714.jpg	JAF-632	manual	approved
ocr_dataset/unlabeled/plate_20260826_122227_458607_conf0.690.jpg	MLR-114	manual	approved
ocr_dataset/unlabeled/plate_20260826_122243_411691_conf0.571.jpg	RZG-287	manual	approved
ocr_dataset/unlabeled/plate_20260826_122310_365666_conf0.496.jpg	NYP-277	manual	approved
ocr_dataset/unlabeled/plate_20260826_122327_985636_conf0.757.jpg	JRJ-296	manual	approved
ocr_dataset/unlabeled/plate_20260826_122355_993109_conf0.772.jpg	SHK-255	manual	approved
ocr_dataset/unlabeled/plate_20260826_122408_520551_conf0.284.jpg	LOV-741	manual	approved
ocr_dataset/unlabeled/plate_20260826_122418_658914_conf0.718.jpg	PYM-233	manual	approved
ocr_dataset/unlabeled/plate_20260826_122433_956073_conf0.634.jpg	IBM-685	manual	approved
ocr_dataset/unlabeled/plate_20260826_122502_645444_conf0.725.jpg	AIJZ-117	manual	approved
ocr_dataset/unlabeled/plate_20260826_122517_232090_conf0.732.jpg	AIJZ-117	manual	approved
ocr_dataset/unlabeled/plate_20260826_122527_246610_conf0.730.jpg	AIJZ-117	manual	approved
ocr_dataset/unlabeled/plate_20260826_122537_994429_conf0.708.jpg	PJF-805	manual	approved
ocr_dataset/unlabeled/plate_20260826_122550_246818_conf0.783.jpg	AONX-270	manual	review
ocr_dataset/unlabeled/plate_20260826_122600_268614_conf0.704.jpg	AAEL-828	manual	approved
ocr_dataset/unlabeled/plate_20260826_122629_397972_conf0.768.jpg	KZG-790	manual	approved
ocr_dataset/unlabeled/plate_20260826_122642_965069_conf0.490.jpg	MMV-860	manual	approved
ocr_dataset/unlabeled/plate_20260826_122710_099617_conf0.696.jpg	UNG-332	manual	approved
ocr_dataset/unlabeled/plate_20260826_122737_800646_conf0.731.jpg	RNY-630	manual	approved
ocr_dataset/unlabeled/plate_20260826_122859_884820_conf0.653.jpg	LBZ-270	manual	approved
ocr_dataset/unlabeled/plate_20260826_122925_871591_conf0.781.jpg	AILL-159	manual	approved
ocr_dataset/unlabeled/plate_20260826_123029_164709_conf0.756.jpg	SAV-394	manual	approved
ocr_dataset/unlabeled/plate_20260826_123131_995075_conf0.337.jpg	AAFU-211	manual	approved
ocr_dataset/unlabeled/plate_20260826_123142_024652_conf0.793.jpg	RHU-682	manual	approved
ocr_dataset/unlabeled/plate_20260826_123206_341138_conf0.673.jpg	AOKG-554	manual	review
ocr_dataset/unlabeled/plate_20260826_123233_390651_conf0.547.jpg	MAA-118	manual	approved
ocr_dataset/unlabeled/plate_20260826_123308_003748_conf0.531.jpg		manual	rejected
ocr_dataset/unlabeled/plate_20260826_123319_823852_conf0.289.jpg	MHR-932	manual	approved
ocr_dataset/unlabeled/plate_20260826_123353_927123_conf0.666.jpg	HHU-382	manual	approved
ocr_dataset/unlabeled/plate_20260826_123409_163663_conf0.323.jpg	JBA-628	manual	approved
ocr_dataset/unlabeled/plate_20260826_123420_978437_conf0.774.jpg	NRM-842	manual	approved
ocr_dataset/unlabeled/plate_20260826_123430_993388_conf0.776.jpg	NRM-842	manual	approved
ocr_dataset/unlabeled/plate_20260826_123440_996388_conf0.687.jpg	RZW-056	manual	approved
ocr_dataset/unlabeled/plate_20260826_123451_011130_conf0.772.jpg	NRM-842	manual	approved
ocr_dataset/unlabeled/plate_20260826_123502_860050_conf0.695.jpg	RZW-056	manual	approved
ocr_dataset/unlabeled/plate_20260826_123512_923353_conf0.729.jpg	SPU-771	manual	approved
ocr_dataset/unlabeled/plate_20260826_123522_983550_conf0.733.jpg	SVE-754	manual	approved
ocr_dataset/unlabeled/plate_20260826_123534_711598_conf0.686.jpg	RLR-412	manual	approved
ocr_dataset/unlabeled/plate_20260826_123551_991356_conf0.614.jpg	LBZ-475	manual	approved
ocr_dataset/unlabeled/plate_20260826_123605_010936_conf0.314.jpg	AIEM-991	manual	approved
ocr_dataset/unlabeled/plate_20260826_123615_026235_conf0.736.jpg	RVT-420	manual	approved
ocr_dataset/unlabeled/plate_20260826_123625_050430_conf0.740.jpg	LBZ-475	manual	approved
ocr_dataset/unlabeled/plate_20260826_123636_857003_conf0.712.jpg	LBZ-475	manual	approved
ocr_dataset/unlabeled/plate_20260826_123646_911446_conf0.666.jpg	LBZ-475	manual	approved
ocr_dataset/unlabeled/plate_20260826_123658_889282_conf0.725.jpg	TGV-211	manual	approved
ocr_dataset/unlabeled/plate_20260826_123712_646988_conf0.756.jpg	FEF-683	manual	approved
ocr_dataset/unlabeled/plate_20260826_123722_663728_conf0.716.jpg	LLU-437	manual	approved
ocr_dataset/unlabeled/plate_20260826_123746_506440_conf0.539.jpg	AEEG-160	manual	approved
ocr_dataset/unlabeled/plate_20260826_123756_549541_conf0.709.jpg	LLU-437	manual	approved
ocr_dataset/unlabeled/plate_20260826_123819_620056_conf0.674.jpg	LLU-437	manual	approved
ocr_dataset/unlabeled/plate_20260826_123829_626675_conf0.543.jpg	XHR-649	manual	approved
ocr_dataset/unlabeled/plate_20260826_123841_223748_conf0.421.jpg	AOPA-047	manual	approved
ocr_dataset/unlabeled/plate_20260826_123917_699592_conf0.441.jpg	LCA-981	manual	approved
ocr_dataset/unlabeled/plate_20260826_124003_761449_conf0.700.jpg	PEV-941	manual	approved
ocr_dataset/unlabeled/plate_20260826_124013_818047_conf0.661.jpg	PPT-686	manual	approved
ocr_dataset/unlabeled/plate_20260826_124043_886032_conf0.616.jpg	HRB-037	manual	approved
ocr_dataset/unlabeled/plate_20260826_124106_317154_conf0.784.jpg	MHG-634	manual	approved
ocr_dataset/unlabeled/plate_20260826_124126_559032_conf0.772.jpg	KRP-919	manual	approved
ocr_dataset/unlabeled/plate_20260826_124137_068041_conf0.729.jpg	RIR-355	manual	approved
ocr_dataset/unlabeled/plate_20260826_124150_162950_conf0.549.jpg	AEML-551	manual	approved
ocr_dataset/unlabeled/plate_20260826_124213_092013_conf0.730.jpg	MER-240	manual	approved
ocr_dataset/unlabeled/plate_20260826_124224_917355_conf0.781.jpg	MER-240	manual	approved
ocr_dataset/unlabeled/plate_20260826_124234_928854_conf0.770.jpg	MER-240	manual	approved
ocr_dataset/unlabeled/plate_20260826_124244_964186_conf0.783.jpg	MER-240	manual	approved
ocr_dataset/unlabeled/plate_20260826_124256_717054_conf0.477.jpg	AAKZ-856	manual	approved
ocr_dataset/unlabeled/plate_20260826_124309_171277_conf0.549.jpg	SXK-762	manual	approved
ocr_dataset/unlabeled/plate_20260826_124319_624007_conf0.595.jpg	PJR-932	manual	approved
ocr_dataset/unlabeled/plate_20260826_124337_524523_conf0.649.jpg	RDP-271	manual	approved
ocr_dataset/unlabeled/plate_20260826_124403_826373_conf0.673.jpg	AOBO-544	0.1143	approved
ocr_dataset/unlabeled/plate_20260826_124426_197741_conf0.685.jpg	AOBO-544	0.2566	approved
ocr_dataset/unlabeled/plate_20260826_124438_002960_conf0.704.jpg	AOBO-544	0.1327	approved
ocr_dataset/unlabeled/plate_20260826_124511_892134_conf0.783.jpg	AEBQ-863	manual	approved
ocr_dataset/unlabeled/plate_20260826_124521_917121_conf0.700.jpg	KIK-650	manual	approved
ocr_dataset/unlabeled/plate_20260826_124531_925372_conf0.695.jpg	KIK-650	manual	approved
ocr_dataset/unlabeled/plate_20260826_124546_337222_conf0.492.jpg	IWH-985	manual	approved
ocr_dataset/unlabeled/plate_20260826_124618_348001_conf0.699.jpg	KIK-650	0.1497	review
ocr_dataset/unlabeled/plate_20260826_124639_803799_conf0.786.jpg	AIMH-169	manual	approved
ocr_dataset/unlabeled/plate_20260826_124655_988279_conf0.783.jpg	JNG-335	manual	approved
ocr_dataset/unlabeled/plate_20260826_124707_949419_conf0.713.jpg	AIFK-541	manual	approved
ocr_dataset/unlabeled/plate_20260826_124743_613054_conf0.763.jpg	LIS-524	manual	approved
ocr_dataset/unlabeled/plate_20260826_124759_356844_conf0.718.jpg	JAX-738	manual	approved
ocr_dataset/unlabeled/plate_20260826_124810_023973_conf0.664.jpg	PLK-480	manual	approved
ocr_dataset/unlabeled/plate_20260826_124836_725066_conf0.285.jpg	KMO-380	manual	approved
ocr_dataset/unlabeled/plate_20260826_124847_438575_conf0.718.jpg	IWR-367	manual	approved
ocr_dataset/unlabeled/plate_20260826_124920_282226_conf0.689.jpg	NKG-748	manual	approved
ocr_dataset/unlabeled/plate_20260826_124953_188931_conf0.697.jpg	AIJV-139	manual	approved
ocr_dataset/unlabeled/plate_20260826_125123_935591_conf0.723.jpg	SFX-674	manual	approved
ocr_dataset/unlabeled/plate_20260826_125137_131686_conf0.731.jpg	KYD-169	manual	approved
ocr_dataset/unlabeled/plate_20260826_125151_491462_conf0.651.jpg	IFM-352	manual	approved
ocr_dataset/unlabeled/plate_20260826_125234_373885_conf0.778.jpg	AEKP-658	manual	approved
ocr_dataset/unlabeled/plate_20260826_125245_341226_conf0.696.jpg	IFM-352	manual	approved
ocr_dataset/unlabeled/plate_20260826_125348_892611_conf0.768.jpg	AEGO-927	manual	approved
ocr_dataset/unlabeled/plate_20260826_125359_632445_conf0.779.jpg	AEGO-927	manual	approved
ocr_dataset/unlabeled/plate_20260826_125422_175589_conf0.702.jpg	TAP-537	manual	approved
ocr_dataset/unlabeled/plate_20260826_125434_593114_conf0.706.jpg	NVJ-974	manual	approved
ocr_dataset/unlabeled/plate_20260826_125458_834491_conf0.612.jpg	NJF-701	manual	approved
ocr_dataset/unlabeled/plate_20260826_125527_862877_conf0.522.jpg	NJF-701	manual	approved
ocr_dataset/unlabeled/plate_20260826_125539_090069_conf0.651.jpg	NJF-701	manual	approved
ocr_dataset/unlabeled/plate_20260826_125549_090854_conf0.677.jpg	NJF-701	manual	approved
ocr_dataset/unlabeled/plate_20260826_125611_698135_conf0.709.jpg	JEE-791	manual	approved
ocr_dataset/unlabeled/plate_20260826_125812_872013_conf0.760.jpg	HKU-254	manual	approved
ocr_dataset/unlabeled/plate_20260826_125827_830103_conf0.697.jpg	AOLF-764	manual	approved
ocr_dataset/unlabeled/plate_20260826_125849_769357_conf0.658.jpg	AOLF-764	manual	approved
ocr_dataset/unlabeled/plate_20260826_125910_699267_conf0.773.jpg	AEHR-340	manual	approved
ocr_dataset/unlabeled/plate_20260826_125923_374105_conf0.744.jpg	MGV-730	manual	approved
ocr_dataset/unlabeled/plate_20260826_130000_687196_conf0.696.jpg	PZF-543	manual	approved
ocr_dataset/unlabeled/plate_20260826_130042_916782_conf0.683.jpg	PZF-543	manual	approved
ocr_dataset/unlabeled/plate_20260826_130130_921468_conf0.714.jpg	LFJ-574	manual	approved
ocr_dataset/unlabeled/plate_20260826_130142_925468_conf0.699.jpg	LFJ-574	manual	approved
ocr_dataset/unlabeled/plate_20260826_130222_610579_conf0.748.jpg	LUAC-480	manual	approved
ocr_dataset/unlabeled/plate_20260826_130255_777537_conf0.792.jpg	SOH-592	manual	approved
ocr_dataset/unlabeled/plate_20260826_130345_070428_conf0.780.jpg	RRP-447	manual	approved
ocr_dataset/unlabeled/plate_20260826_130408_640973_conf0.678.jpg	KZR-818	manual	approved
ocr_dataset/unlabeled/plate_20260826_130422_054307_conf0.713.jpg	PTR-559	manual	approved
ocr_dataset/unlabeled/plate_20260826_130456_370873_conf0.264.jpg	JDF-566	manual	approved
ocr_dataset/unlabeled/plate_20260826_130525_664391_conf0.352.jpg	JDF-566	manual	approved
ocr_dataset/unlabeled/plate_20260826_130537_805852_conf0.686.jpg	AOJF-957	manual	approved
ocr_dataset/unlabeled/plate_20260826_130547_839196_conf0.769.jpg	AIBC-149	manual	approved
ocr_dataset/unlabeled/plate_20260826_130623_802763_conf0.664.jpg	MUM-708	manual	approved
ocr_dataset/unlabeled/plate_20260826_130633_818973_conf0.714.jpg	MUM-708	manual	approved
ocr_dataset/unlabeled/plate_20260826_130646_306416_conf0.733.jpg	MUM-708	manual	approved
ocr_dataset/unlabeled/plate_20260826_130657_575775_conf0.582.jpg	MUM-708	manual	approved
ocr_dataset/unlabeled/plate_20260826_130743_116376_conf0.648.jpg	PTR-219	manual	approved
ocr_dataset/unlabeled/plate_20260826_130755_065001_conf0.628.jpg	PTR-219	manual	approved
ocr_dataset/unlabeled/plate_20260826_130805_099113_conf0.703.jpg	PTR-219	manual	approved
ocr_dataset/unlabeled/plate_20260826_130830_766450_conf0.643.jpg	PTR-219	manual	approved
ocr_dataset/unlabeled/plate_20260826_130841_278029_conf0.681.jpg	PTR-219	manual	approved
ocr_dataset/unlabeled/plate_20260826_130851_643000_conf0.744.jpg	KZS-311	manual	approved
ocr_dataset/unlabeled/plate_20260826_130903_596092_conf0.684.jpg	AUAD-444	manual	review
ocr_dataset/unlabeled/plate_20260826_130927_795064_conf0.771.jpg	TCT-265	manual	approved
ocr_dataset/unlabeled/plate_20260826_131006_334807_conf0.434.jpg		manual	rejected
ocr_dataset/unlabeled/plate_20260826_131019_090169_conf0.733.jpg		manual	rejected
ocr_dataset/unlabeled/plate_20260826_131029_131429_conf0.705.jpg		manual	rejected
ocr_dataset/unlabeled/plate_20260826_131053_486383_conf0.685.jpg	LDT-827	manual	approved
ocr_dataset/unlabeled/plate_20260826_131104_505136_conf0.701.jpg	LDT-827	manual	approved
ocr_dataset/unlabeled/plate_20260826_131114_559977_conf0.446.jpg	LDT-827	manual	approved
ocr_dataset/unlabeled/plate_20260826_131126_544097_conf0.730.jpg	AJOA-023	manual	approved
ocr_dataset/unlabeled/plate_20260826_131141_993931_conf0.796.jpg	AHED-872	manual	approved
ocr_dataset/unlabeled/plate_20260826_131153_921776_conf0.697.jpg	LDT-827	manual	approved
ocr_dataset/unlabeled/plate_20260826_131204_230967_conf0.623.jpg	RYX-242	manual	approved
ocr_dataset/unlabeled/plate_20260826_131214_237030_conf0.700.jpg		manual	rejected
ocr_dataset/unlabeled/plate_20260826_131233_178202_conf0.584.jpg		manual	rejected
ocr_dataset/unlabeled/plate_20260826_131243_202728_conf0.584.jpg	AAKG-239	manual	approved
ocr_dataset/unlabeled/plate_20260826_131304_867868_conf0.538.jpg	AAKG-239	manual	approved
ocr_dataset/unlabeled/plate_20260826_131314_868480_conf0.775.jpg	AAKU-901	manual	approved
ocr_dataset/unlabeled/plate_20260826_131324_871763_conf0.635.jpg	AAKG-239	manual	approved
ocr_dataset/unlabeled/plate_20260826_131336_992193_conf0.664.jpg	SDE-979	manual	approved
ocr_dataset/unlabeled/plate_20260826_131402_848489_conf0.802.jpg	HHR-289	manual	approved
ocr_dataset/unlabeled/plate_20260826_131416_842157_conf0.374.jpg	NYB-801	manual	approved
ocr_dataset/unlabeled/plate_20260826_131427_205992_conf0.254.jpg	NYB-801	manual	approved
ocr_dataset/unlabeled/plate_20260826_131455_428560_conf0.729.jpg	PUL-520	manual	approved
ocr_dataset/unlabeled/plate_20260826_131505_877326_conf0.579.jpg	NYB-801	manual	approved
ocr_dataset/unlabeled/plate_20260826_131518_853441_conf0.296.jpg	RHO-562	manual	approved
ocr_dataset/unlabeled/plate_20260826_131529_574795_conf0.698.jpg	RSO-153	manual	approved
ocr_dataset/unlabeled/plate_20260826_131544_936866_conf0.730.jpg	ELY-108	manual	approved
ocr_dataset/unlabeled/plate_20260826_131556_892959_conf0.473.jpg		manual	rejected
ocr_dataset/unlabeled/plate_20260826_131633_177979_conf0.557.jpg		manual	rejected
ocr_dataset/unlabeled/plate_20260826_131647_042720_conf0.492.jpg		manual	rejected
ocr_dataset/unlabeled/plate_20260826_131659_012711_conf0.724.jpg		manual	rejected
ocr_dataset/unlabeled/plate_20260826_131709_030667_conf0.651.jpg	KKV-221	manual	approved
ocr_dataset/unlabeled/plate_20260826_131721_918738_conf0.756.jpg	PZF-603	manual	approved
ocr_dataset/unlabeled/plate_20260826_131733_890017_conf0.741.jpg	PZF-603	manual	approved
ocr_dataset/unlabeled/plate_20260826_131751_680497_conf0.719.jpg	PZF-603	manual	approved
ocr_dataset/unlabeled/plate_20260826_131813_589147_conf0.731.jpg	PZF-603	manual	approved
ocr_dataset/unlabeled/plate_20260826_131823_888847_conf0.724.jpg	PZF-603	manual	approved
ocr_dataset/unlabeled/plate_20260826_132109_006513_conf0.721.jpg	KJW-311	manual	approved
ocr_dataset/unlabeled/plate_20260826_132119_024368_conf0.750.jpg	KJW-311	manual	approved
ocr_dataset/unlabeled/plate_20260826_132252_755819_conf0.753.jpg	SPT-313	manual	approved
ocr_dataset/unlabeled/plate_20260826_132307_128253_conf0.772.jpg	AUOG-386	manual	approved
ocr_dataset/unlabeled/plate_20260826_132355_953817_conf0.702.jpg	KAK-061	manual	approved
ocr_dataset/unlabeled/plate_20260826_132405_955039_conf0.771.jpg	LOK-674	manual	approved
ocr_dataset/unlabeled/plate_20260826_132445_332158_conf0.707.jpg	KAK-061	manual	approved
ocr_dataset/unlabeled/plate_20260826_132455_357985_conf0.757.jpg	RKM-627	manual	approved
ocr_dataset/unlabeled/plate_20260826_132508_610971_conf0.646.jpg		manual	rejected
ocr_dataset/unlabeled/plate_20260826_132534_165812_conf0.609.jpg	RNY-630	manual	approved
ocr_dataset/unlabeled/plate_20260826_132544_174135_conf0.761.jpg	NLY-884	manual	approved
ocr_dataset/unlabeled/plate_20260826_132554_207871_conf0.409.jpg		manual	rejected
ocr_dataset/unlabeled/plate_20260826_132616_986757_conf0.261.jpg		manual	rejected
ocr_dataset/unlabeled/plate_20260826_132627_062691_conf0.669.jpg	SST-901	manual	approved
ocr_dataset/unlabeled/plate_20260826_132644_194186_conf0.629.jpg	SKD-432	manual	approved
ocr_dataset/unlabeled/plate_20260826_132657_776323_conf0.756.jpg	AEOT-347	manual	approved
ocr_dataset/unlabeled/plate_20260826_132758_265414_conf0.765.jpg	NVM-483	manual	approved
ocr_dataset/unlabeled/plate_20260826_132808_277014_conf0.706.jpg		manual	rejected
ocr_dataset/unlabeled/plate_20260826_132827_699619_conf0.458.jpg	PYM-646	manual	approved
ocr_dataset/unlabeled/plate_20260826_132837_728491_conf0.661.jpg	PYM-646	manual	approved
ocr_dataset/unlabeled/plate_20260826_132847_741148_conf0.649.jpg	PYM-646	manual	approved
ocr_dataset/unlabeled/plate_20260826_132902_684947_conf0.652.jpg	PYM-646	manual	approved
ocr_dataset/unlabeled/plate_20260826_132913_125205_conf0.621.jpg	PYM-646	manual	approved
ocr_dataset/unlabeled/plate_20260826_132923_155382_conf0.685.jpg	PYM-646	manual	approved
ocr_dataset/unlabeled/plate_20260826_132935_796807_conf0.666.jpg	SYU-932	manual	approved
ocr_dataset/unlabeled/plate_20260826_132957_677725_conf0.641.jpg		manual	rejected
ocr_dataset/unlabeled/plate_20260826_133019_891306_conf0.752.jpg	SEA-507	manual	approved
ocr_dataset/unlabeled/plate_20260826_133029_933870_conf0.763.jpg	SEA-507	manual	approved
ocr_dataset/unlabeled/plate_20260826_133041_600996_conf0.757.jpg	IOR-229	manual	approved
ocr_dataset/unlabeled/plate_20260826_133051_602017_conf0.741.jpg	IOR-229	manual	approved
ocr_dataset/unlabeled/plate_20260826_133101_631240_conf0.736.jpg	IOR-229	manual	approved
ocr_dataset/unlabeled/plate_20260826_133111_640912_conf0.674.jpg	NLY-937	manual	approved
ocr_dataset/unlabeled/plate_20260826_133133_651529_conf0.744.jpg	SYD-390	manual	approved
ocr_dataset/unlabeled/plate_20260826_133148_628955_conf0.269.jpg	SRA-385	manual	approved
ocr_dataset/unlabeled/plate_20260826_133212_678696_conf0.502.jpg	SRA-385	manual	approved
ocr_dataset/unlabeled/plate_20260826_133227_654960_conf0.483.jpg	SRA-385	manual	approved
ocr_dataset/unlabeled/plate_20260826_133237_658815_conf0.476.jpg	SRA-385	manual	approved
ocr_dataset/unlabeled/plate_20260826_133247_818368_conf0.679.jpg	IMS-347	manual	approved
ocr_dataset/unlabeled/plate_20260826_133259_720188_conf0.725.jpg	IDG-231	manual	approved
ocr_dataset/unlabeled/plate_20260826_133312_821357_conf0.720.jpg	MLW-624	manual	approved
ocr_dataset/unlabeled/plate_20260826_133333_183271_conf0.653.jpg		manual	rejected
ocr_dataset/unlabeled/plate_20260826_133343_205628_conf0.705.jpg	MHR-923	manual	approved
ocr_dataset/unlabeled/plate_20260826_133356_172177_conf0.713.jpg		manual	rejected
ocr_dataset/unlabeled/plate_20260826_133409_146801_conf0.726.jpg	MHR-923	manual	approved
ocr_dataset/unlabeled/plate_20260826_133419_178630_conf0.582.jpg	AEAF-839	manual	approved
ocr_dataset/unlabeled/plate_20260826_133430_679865_conf0.721.jpg	KXN-498	manual	approved
ocr_dataset/unlabeled/plate_20260826_133446_097584_conf0.735.jpg	RBL-523	manual	approved
ocr_dataset/unlabeled/plate_20260826_133505_030364_conf0.704.jpg	LPW-606	manual	approved
ocr_dataset/unlabeled/plate_20260826_133527_013356_conf0.679.jpg	LPW-606	manual	approved
ocr_dataset/unlabeled/plate_20260826_133556_241505_conf0.678.jpg	LPW-606	manual	approved
ocr_dataset/unlabeled/plate_20260826_133606_619828_conf0.662.jpg	SRL-838	manual	approved
ocr_dataset/unlabeled/plate_20260826_133618_233187_conf0.635.jpg	SIY-648	manual	approved
ocr_dataset/unlabeled/plate_20260826_133636_026086_conf0.777.jpg	LXL-567	manual	approved
ocr_dataset/unlabeled/plate_20260826_133646_057323_conf0.701.jpg	AOPB-766	manual	approved
ocr_dataset/unlabeled/plate_20260826_133721_769479_conf0.774.jpg	AAGW-682	manual	approved
ocr_dataset/unlabeled/plate_20260826_133735_305636_conf0.685.jpg	KFA-806	manual	approved
ocr_dataset/unlabeled/plate_20260826_133818_493700_conf0.722.jpg	JVX-791	manual	approved
ocr_dataset/unlabeled/plate_20260826_133838_572182_conf0.806.jpg	TAP-519	manual	approved
ocr_dataset/unlabeled/plate_20260826_133848_606806_conf0.737.jpg	TAP-519	manual	approved
ocr_dataset/unlabeled/plate_20260826_133908_962023_conf0.676.jpg	JVX-791	manual	approved
ocr_dataset/unlabeled/plate_20260826_133920_842465_conf0.680.jpg	KPE-706	manual	approved
ocr_dataset/unlabeled/plate_20260826_133934_114730_conf0.605.jpg		manual	rejected
ocr_dataset/unlabeled/plate_20260826_134001_231977_conf0.752.jpg	HYP-476	manual	approved
ocr_dataset/unlabeled/plate_20260826_134032_909521_conf0.775.jpg	PIC-236	manual	approved
ocr_dataset/unlabeled/plate_20260826_134044_824665_conf0.669.jpg	MBR-377	manual	approved
ocr_dataset/unlabeled/plate_20260826_134059_157311_conf0.717.jpg		manual	rejected
ocr_dataset/unlabeled/plate_20260826_134118_042006_conf0.748.jpg	AOKF-287	manual	approved
ocr_dataset/unlabeled/plate_20260826_134138_338413_conf0.445.jpg	SMT-196	manual	approved
ocr_dataset/unlabeled/plate_20260826_134157_106006_conf0.624.jpg	PXW-957	manual	approved
ocr_dataset/unlabeled/plate_20260826_134210_696289_conf0.775.jpg	JZW-330	manual	approved
ocr_dataset/unlabeled/plate_20260826_134221_914536_conf0.731.jpg	PKF-478	manual	approved
ocr_dataset/unlabeled/plate_20260826_134231_929210_conf0.680.jpg	IVG-804	manual	approved
ocr_dataset/unlabeled/plate_20260826_134253_726629_conf0.767.jpg	AIER-596	manual	approved
ocr_dataset/unlabeled/plate_20260826_134307_626892_conf0.596.jpg		manual	rejected
ocr_dataset/unlabeled/plate_20260826_134319_752690_conf0.710.jpg	LXD-896	manual	approved
ocr_dataset/unlabeled/plate_20260826_134329_758825_conf0.732.jpg	LXD-896	manual	approved
ocr_dataset/unlabeled/plate_20260826_134342_878304_conf0.640.jpg	LXD-896	manual	approved
ocr_dataset/unlabeled/plate_20260826_134354_976661_conf0.747.jpg	MKT-945	manual	approved
ocr_dataset/unlabeled/plate_20260826_134405_871133_conf0.611.jpg	NUA-708	manual	approved
ocr_dataset/unlabeled/plate_20260826_134416_334932_conf0.676.jpg	RJA-744	manual	approved
ocr_dataset/unlabeled/plate_20260826_134437_915157_conf0.472.jpg	TFG-599	manual	approved
ocr_dataset/unlabeled/plate_20260826_134448_935586_conf0.656.jpg	AIEM-905	manual	approved
ocr_dataset/unlabeled/plate_20260826_134502_929422_conf0.642.jpg	IZY-772	manual	approved
ocr_dataset/unlabeled/plate_20260826_134517_400308_conf0.727.jpg	AIEM-905	manual	approved
ocr_dataset/unlabeled/plate_20260826_134536_687033_conf0.676.jpg	IZY-772	manual	approved
ocr_dataset/unlabeled/plate_20260826_134546_712761_conf0.690.jpg	AOIM-905	manual	approved
ocr_dataset/unlabeled/plate_20260826_134556_861858_conf0.723.jpg	KGU-293	manual	approved
ocr_dataset/unlabeled/plate_20260826_134610_993406_conf0.682.jpg		manual	rejected
ocr_dataset/unlabeled/plate_20260826_134621_009471_conf0.729.jpg		manual	rejected
ocr_dataset/unlabeled/plate_20260826_134632_949243_conf0.754.jpg		manual	rejected
ocr_dataset/unlabeled/plate_20260826_134646_659242_conf0.744.jpg		manual	rejected
ocr_dataset/unlabeled/plate_20260826_134658_103604_conf0.702.jpg		manual	rejected
ocr_dataset/unlabeled/plate_20260826_134708_115511_conf0.760.jpg		manual	rejected
ocr_dataset/unlabeled/plate_20260826_134721_703434_conf0.622.jpg	TFZ-181	manual	approved
ocr_dataset/unlabeled/plate_20260826_134751_505286_conf0.632.jpg	RUA-387	manual	approved
ocr_dataset/unlabeled/plate_20260826_134801_537913_conf0.683.jpg	RUA-387	manual	approved
ocr_dataset/unlabeled/plate_20260826_134811_550541_conf0.670.jpg	RUA-387	manual	approved
ocr_dataset/unlabeled/plate_20260826_134823_638950_conf0.691.jpg	IPJ-236	manual	approved
ocr_dataset/unlabeled/plate_20260826_134833_639938_conf0.720.jpg	RGV-461	manual	approved
ocr_dataset/unlabeled/plate_20260826_134843_645801_conf0.677.jpg	RUA-387	manual	approved
ocr_dataset/unlabeled/plate_20260826_134855_747364_conf0.688.jpg	MBB-185	manual	approved
ocr_dataset/unlabeled/plate_20260826_134909_078595_conf0.697.jpg	JGZ-972	manual	approved
ocr_dataset/unlabeled/plate_20260826_134946_746855_conf0.776.jpg	JXE-987	manual	approved
ocr_dataset/unlabeled/plate_20260826_135007_959518_conf0.729.jpg	LUA-055	manual	approved
ocr_dataset/unlabeled/plate_20260826_135023_433419_conf0.729.jpg	LSZ-557	manual	approved
ocr_dataset/unlabeled/plate_20260826_135038_109089_conf0.660.jpg		manual	rejected
ocr_dataset/unlabeled/plate_20260826_135048_323957_conf0.789.jpg	RHH-950	manual	approved
ocr_dataset/unlabeled/plate_20260826_135156_615088_conf0.656.jpg	NFS-825	manual	approved
ocr_dataset/unlabeled/plate_20260826_135207_385315_conf0.672.jpg	PYC-780	manual	approved
ocr_dataset/unlabeled/plate_20260826_135225_102087_conf0.646.jpg	MOG-770	manual	approved
ocr_dataset/unlabeled/plate_20260826_135246_654026_conf0.637.jpg	JVX-707	manual	approved
ocr_dataset/unlabeled/plate_20260826_135301_669707_conf0.714.jpg	JVX-707	manual	approved
ocr_dataset/unlabeled/plate_20260826_135319_047983_conf0.678.jpg	JVX-707	manual	approved
ocr_dataset/unlabeled/plate_20260826_135331_136137_conf0.674.jpg	JVX-707	manual	approved
ocr_dataset/unlabeled/plate_20260826_135341_950192_conf0.548.jpg	KXA-770	manual	approved
ocr_dataset/unlabeled/plate_20260826_135352_833291_conf0.694.jpg	JLR-862	manual	approved
ocr_dataset/unlabeled/plate_20260826_135405_518342_conf0.716.jpg	JTM-508	manual	approved
ocr_dataset/unlabeled/plate_20260826_135433_174825_conf0.774.jpg	AEAH-907	manual	approved
ocr_dataset/unlabeled/plate_20260826_135459_534168_conf0.250.jpg	SBH-250	manual	approved
ocr_dataset/unlabeled/plate_20260826_135509_557905_conf0.762.jpg	IKC-127	manual	approved
ocr_dataset/unlabeled/plate_20260826_135533_025108_conf0.459.jpg		manual	rejected
ocr_dataset/unlabeled/plate_20260826_135547_336794_conf0.283.jpg	WRC-129	manual	approved
ocr_dataset/unlabeled/plate_20260826_135557_693998_conf0.776.jpg	KKK-084	manual	approved
ocr_dataset/unlabeled/plate_20260826_135656_676852_conf0.735.jpg	SSZ-231	manual	approved
ocr_dataset/unlabeled/plate_20260826_135706_983304_conf0.540.jpg		manual	rejected
ocr_dataset/unlabeled/plate_20260826_135721_695676_conf0.694.jpg	PZE-135	manual	approved
ocr_dataset/unlabeled/plate_20260826_135733_773791_conf0.615.jpg	AOLQ-504	manual	approved
ocr_dataset/unlabeled/plate_20260826_135747_692879_conf0.615.jpg	AOLQ-504	manual	approved
ocr_dataset/unlabeled/plate_20260826_135758_095786_conf0.670.jpg	LDB-131	manual	approved
ocr_dataset/unlabeled/plate_20260826_135810_173362_conf0.640.jpg	AOLQ-504	manual	approved
ocr_dataset/unlabeled/plate_20260826_135820_205970_conf0.285.jpg	AOLQ-504	manual	approved
ocr_dataset/unlabeled/plate_20260826_135831_227138_conf0.733.jpg	ISN-276	manual	approved
ocr_dataset/unlabeled/plate_20260826_135852_883313_conf0.746.jpg	NKG-705	manual	approved
ocr_dataset/unlabeled/plate_20260826_135902_932846_conf0.747.jpg	NKG-705	manual	approved
ocr_dataset/unlabeled/plate_20260826_135915_038695_conf0.760.jpg	SCG-562	manual	approved
ocr_dataset/unlabeled/plate_20260826_135925_040530_conf0.744.jpg	NKG-705	manual	approved
ocr_dataset/unlabeled/plate_20260826_135938_414299_conf0.766.jpg	SCG-562	manual	approved
ocr_dataset/unlabeled/plate_20260826_135950_857381_conf0.750.jpg	AEDP-607	manual	approved
ocr_dataset/unlabeled/plate_20260826_140001_029811_conf0.683.jpg	HAP-764	manual	approved
ocr_dataset/unlabeled/plate_20260826_140034_291199_conf0.771.jpg	ISL-521	manual	approved
ocr_dataset/unlabeled/plate_20260826_140045_075209_conf0.754.jpg	NBD-329	manual	approved
ocr_dataset/unlabeled/plate_20260826_140057_178533_conf0.699.jpg	NBD-329	manual	approved
ocr_dataset/unlabeled/plate_20260826_140107_209194_conf0.672.jpg	PRL-715	manual	approved
ocr_dataset/unlabeled/plate_20260826_140117_298433_conf0.559.jpg	PRL-715	manual	approved
ocr_dataset/unlabeled/plate_20260826_140127_317615_conf0.689.jpg	PRL-715	manual	approved
ocr_dataset/unlabeled/plate_20260826_140139_665990_conf0.591.jpg		manual	rejected
ocr_dataset/unlabeled/plate_20260826_140200_667913_conf0.677.jpg		manual	rejected
ocr_dataset/unlabeled/plate_20260826_140212_881569_conf0.680.jpg	TFA-591	manual	approved
ocr_dataset/unlabeled/plate_20260826_140222_898349_conf0.686.jpg	TFA-591	manual	approved
ocr_dataset/unlabeled/plate_20260826_140232_902123_conf0.708.jpg	TFA-591	manual	approved
ocr_dataset/unlabeled/plate_20260826_140245_539646_conf0.701.jpg	TFA-591	manual	approved
ocr_dataset/unlabeled/plate_20260826_140256_419808_conf0.712.jpg	TFA-591	manual	approved
ocr_dataset/unlabeled/plate_20260826_140306_446994_conf0.706.jpg	TFA-591	manual	approved
ocr_dataset/unlabeled/plate_20260826_140318_841070_conf0.581.jpg		manual	rejected
ocr_dataset/unlabeled/plate_20260826_140329_084565_conf0.729.jpg	AEAN-391	manual	approved
ocr_dataset/unlabeled/plate_20260826_140350_377076_conf0.725.jpg	SYL-711	manual	approved
ocr_dataset/unlabeled/plate_20260826_140400_412812_conf0.689.jpg	TCV-366	manual	approved
ocr_dataset/unlabeled/plate_20260826_140410_424232_conf0.670.jpg	TCV-366	manual	approved
ocr_dataset/unlabeled/plate_20260826_140429_827371_conf0.698.jpg	TCV-366	manual	approved
ocr_dataset/unlabeled/plate_20260826_140439_829668_conf0.680.jpg	TCV-366	manual	approved
ocr_dataset/unlabeled/plate_20260826_140449_863115_conf0.753.jpg	THR-545	manual	approved
ocr_dataset/unlabeled/plate_20260826_140503_139613_conf0.733.jpg	TBX-141	manual	approved
ocr_dataset/unlabeled/plate_20260826_140537_283630_conf0.736.jpg	IRN-200	manual	approved
ocr_dataset/unlabeled/plate_20260826_140547_300033_conf0.760.jpg	IRN-200	manual	approved
ocr_dataset/unlabeled/plate_20260826_140615_471843_conf0.434.jpg		manual	rejected
ocr_dataset/unlabeled/plate_20260826_140631_998016_conf0.706.jpg	GGS-829	manual	approved
ocr_dataset/unlabeled/plate_20260826_140644_274319_conf0.744.jpg		0.2161	review
ocr_dataset/unlabeled/plate_20260826_140704_779768_conf0.438.jpg		manual	rejected
ocr_dataset/unlabeled/plate_20260826_140716_885383_conf0.751.jpg	KXT-617	manual	approved
ocr_dataset/unlabeled/plate_20260826_140729_849673_conf0.745.jpg	KXT-617	manual	approved
ocr_dataset/unlabeled/plate_20260826_140740_550891_conf0.722.jpg	KXT-617	manual	approved
ocr_dataset/unlabeled/plate_20260826_140755_370202_conf0.741.jpg	MKP-151	manual	approved
ocr_dataset/unlabeled/plate_20260826_140805_960795_conf0.749.jpg	LHC-177	manual	approved
ocr_dataset/unlabeled/plate_20260826_140816_060094_conf0.740.jpg	KSD-376	manual	approved
ocr_dataset/unlabeled/plate_20260826_140900_126645_conf0.807.jpg	AODD-585	manual	approved
ocr_dataset/unlabeled/plate_20260826_140910_158492_conf0.770.jpg	TCY-860	manual	approved
ocr_dataset/unlabeled/plate_20260826_140920_243789_conf0.382.jpg	TCY-860	manual	approved
ocr_dataset/unlabeled/plate_20260826_140932_298429_conf0.740.jpg	TCY-860	manual	approved
ocr_dataset/unlabeled/plate_20260826_140942_334557_conf0.450.jpg	STR-003	manual	approved
ocr_dataset/unlabeled/plate_20260826_141025_704780_conf0.599.jpg	SRM-105	manual	approved
ocr_dataset/unlabeled/plate_20260826_141045_805592_conf0.566.jpg		manual	rejected
ocr_dataset/unlabeled/plate_20260826_141058_218263_conf0.759.jpg	JXD-963	manual	approved
ocr_dataset/unlabeled/plate_20260826_141122_899034_conf0.542.jpg	RUD-257	manual	approved
ocr_dataset/unlabeled/plate_20260826_141218_990092_conf0.387.jpg	KFA-315	manual	approved
ocr_dataset/unlabeled/plate_20260826_141233_350294_conf0.711.jpg	SJA-784	manual	approved
ocr_dataset/unlabeled/plate_20260826_141243_365485_conf0.726.jpg	SJA-784	manual	approved
ocr_dataset/unlabeled/plate_20260826_141253_404248_conf0.709.jpg	KYU-574	manual	approved
ocr_dataset/unlabeled/plate_20260826_141313_750700_conf0.583.jpg		0.0000	review
ocr_dataset/unlabeled/plate_20260826_141325_683582_conf0.711.jpg		0.0260	review
ocr_dataset/unlabeled/plate_20260826_141410_149196_conf0.770.jpg	LLB-215	manual	approved
ocr_dataset/unlabeled/plate_20260826_141420_970923_conf0.366.jpg		manual	rejected
ocr_dataset/unlabeled/plate_20260826_141431_432692_conf0.561.jpg		0.0000	review
ocr_dataset/unlabeled/plate_20260826_141446_631938_conf0.670.jpg	UDY-127	manual	approved
ocr_dataset/unlabeled/plate_20260826_141459_033133_conf0.739.jpg	UUA-019	manual	review
ocr_dataset/unlabeled/plate_20260826_141542_555150_conf0.705.jpg	AEVG-521	manual	approved
ocr_dataset/unlabeled/plate_20260826_141559_046877_conf0.293.jpg		manual	rejected
ocr_dataset/unlabeled/plate_20260826_141609_074567_conf0.736.jpg		manual	rejected
ocr_dataset/unlabeled/plate_20260826_141620_197077_conf0.696.jpg		0.1676	review
ocr_dataset/unlabeled/plate_20260826_141638_075556_conf0.720.jpg		0.0000	review
ocr_dataset/unlabeled/plate_20260826_141648_088364_conf0.738.jpg	JZZ-209	manual	approved
ocr_dataset/unlabeled/plate_20260826_141700_207124_conf0.700.jpg	IJT-347	manual	approved
ocr_dataset/unlabeled/plate_20260826_141719_285856_conf0.716.jpg	IJT-347	manual	approved
ocr_dataset/unlabeled/plate_20260826_141731_404321_conf0.693.jpg	IJT-347	manual	approved
ocr_dataset/unlabeled/plate_20260826_141741_594700_conf0.760.jpg	HXL-698	manual	approved
ocr_dataset/unlabeled/plate_20260826_141751_600991_conf0.706.jpg		manual	rejected
ocr_dataset/unlabeled/plate_20260826_141803_171974_conf0.543.jpg	AOG-198	manual	approved
ocr_dataset/unlabeled/plate_20260826_141817_849971_conf0.494.jpg	NHY-450	manual	approved
ocr_dataset/unlabeled/plate_20260826_141918_555178_conf0.627.jpg		0.7360	review
ocr_dataset/unlabeled/plate_20260826_141928_771517_conf0.693.jpg		0.2859	review
ocr_dataset/unlabeled/plate_20260826_141948_775569_conf0.731.jpg	KNY-229	manual	approved
ocr_dataset/unlabeled/plate_20260826_142010_694645_conf0.731.jpg	KNY-229	manual	approved
ocr_dataset/unlabeled/plate_20260826_142020_703674_conf0.775.jpg	SND-775	manual	approved
ocr_dataset/unlabeled/plate_20260826_142032_809706_conf0.740.jpg	IDG-807	manual	approved
ocr_dataset/unlabeled/plate_20260826_142042_837464_conf0.744.jpg	KNY-229	manual	approved
ocr_dataset/unlabeled/plate_20260826_142052_850515_conf0.728.jpg	PZN-116	manual	approved
ocr_dataset/unlabeled/plate_20260826_142137_677078_conf0.753.jpg		0.1676	review
ocr_dataset/unlabeled/plate_20260826_142147_695573_conf0.713.jpg	AAHM-392	manual	approved
ocr_dataset/unlabeled/plate_20260826_142157_703362_conf0.716.jpg	AAHM-392	manual	approved
ocr_dataset/unlabeled/plate_20260826_142210_030353_conf0.720.jpg	AAHM-392	manual	approved
ocr_dataset/unlabeled/plate_20260826_142221_336107_conf0.639.jpg	AAHM-392	manual	approved
ocr_dataset/unlabeled/plate_20260826_142231_771906_conf0.718.jpg	IXT-978	manual	approved
ocr_dataset/unlabeled/plate_20260826_142308_377374_conf0.765.jpg	AELD-212	manual	approved
ocr_dataset/unlabeled/plate_20260826_142344_973661_conf0.782.jpg	AELD-212	manual	approved
ocr_dataset/unlabeled/plate_20260826_142357_898280_conf0.545.jpg		manual	rejected
ocr_dataset/unlabeled/plate_20260826_142407_909637_conf0.797.jpg	AODD-017	manual	approved
ocr_dataset/unlabeled/plate_20260826_142432_909620_conf0.703.jpg	LNP-695	manual	approved
ocr_dataset/unlabeled/plate_20260826_142442_914017_conf0.781.jpg	RJA-608	manual	approved
ocr_dataset/unlabeled/plate_20260826_142453_287779_conf0.671.jpg	LNP-695	manual	approved
ocr_dataset/unlabeled/plate_20260826_142505_631844_conf0.704.jpg	LNP-695	manual	approved
ocr_dataset/unlabeled/plate_20260826_142518_630722_conf0.729.jpg	LNP-695	manual	approved
ocr_dataset/unlabeled/plate_20260826_142528_642458_conf0.719.jpg	LNP-695	manual	approved
ocr_dataset/unlabeled/plate_20260826_142539_066977_conf0.612.jpg	KGS-910	manual	approved
ocr_dataset/unlabeled/plate_20260826_142609_872757_conf0.684.jpg	RWW-839	manual	approved
ocr_dataset/unlabeled/plate_20260826_142635_339927_conf0.605.jpg	NXT-814	manual	approved
ocr_dataset/unlabeled/plate_20260826_142648_442212_conf0.653.jpg	RWW-839	manual	approved
ocr_dataset/unlabeled/plate_20260826_142700_112470_conf0.680.jpg	RWW-839	manual	approved
ocr_dataset/unlabeled/plate_20260826_142721_000634_conf0.780.jpg	AHHX-353	manual	approved
ocr_dataset/unlabeled/plate_20260826_142732_851811_conf0.766.jpg		manual	rejected
ocr_dataset/unlabeled/plate_20260826_142747_136931_conf0.782.jpg	STH-324	manual	approved
ocr_dataset/unlabeled/plate_20260826_142757_843401_conf0.592.jpg	KMS-752	manual	approved
ocr_dataset/unlabeled/plate_20260826_142817_383198_conf0.460.jpg	KMS-752	manual	approved
ocr_dataset/unlabeled/plate_20260826_142842_617682_conf0.562.jpg	KMS-752	manual	approved
ocr_dataset/unlabeled/plate_20260826_142905_049551_conf0.631.jpg	UUJ-927	manual	approved
ocr_dataset/unlabeled/plate_20260826_142939_643138_conf0.640.jpg	PZT-142	manual	approved
ocr_dataset/unlabeled/plate_20260826_143011_777568_conf0.698.jpg	PZT-142	manual	approved
ocr_dataset/unlabeled/plate_20260826_143025_507943_conf0.598.jpg		0.0000	review
ocr_dataset/unlabeled/plate_20260826_143035_721352_conf0.748.jpg		0.2399	review
ocr_dataset/unlabeled/plate_20260826_143045_733040_conf0.655.jpg		manual	rejected
ocr_dataset/unlabeled/plate_20260826_143057_956707_conf0.772.jpg		manual	rejected
ocr_dataset/unlabeled/plate_20260826_143117_258035_conf0.685.jpg	LSF-332	manual	approved
ocr_dataset/unlabeled/plate_20260826_143154_739808_conf0.363.jpg	LSF-332	manual	approved
ocr_dataset/unlabeled/plate_20260826_143206_917068_conf0.491.jpg		manual	rejected
ocr_dataset/unlabeled/plate_20260826_143218_145654_conf0.705.jpg		manual	rejected
ocr_dataset/unlabeled/plate_20260826_143237_509679_conf0.785.jpg	LBZ-545	manual	approved
ocr_dataset/unlabeled/plate_20260826_143249_987747_conf0.272.jpg	RJA-886	manual	approved
ocr_dataset/unlabeled/plate_20260826_143328_149614_conf0.389.jpg	RJA-886	manual	approved
ocr_dataset/unlabeled/plate_20260826_143413_032279_conf0.777.jpg		manual	rejected
ocr_dataset/unlabeled/plate_20260826_143456_062474_conf0.766.jpg		manual	rejected
ocr_dataset/unlabeled/plate_20260826_143520_492256_conf0.690.jpg	MHE-505	manual	approved
ocr_dataset/unlabeled/plate_20260826_143535_356547_conf0.721.jpg	LHB-733	manual	approved
ocr_dataset/unlabeled/plate_20260826_143555_683656_conf0.797.jpg	AAJG-151	manual	approved
ocr_dataset/unlabeled/plate_20260826_143645_792967_conf0.717.jpg	IXR-707	manual	approved
ocr_dataset/unlabeled/plate_20260826_143656_663334_conf0.721.jpg	JUP-579	manual	approved
ocr_dataset/unlabeled/plate_20260826_143708_598146_conf0.664.jpg	TFG-704	manual	approved
ocr_dataset/unlabeled/plate_20260826_143718_785788_conf0.656.jpg	RTC-429	manual	approved
ocr_dataset/unlabeled/plate_20260826_143729_800327_conf0.717.jpg	RTC-429	manual	approved
ocr_dataset/unlabeled/plate_20260826_143744_665757_conf0.715.jpg	RTC-429	manual	approved
ocr_dataset/unlabeled/plate_20260826_143754_671200_conf0.761.jpg	SND-414	manual	approved
ocr_dataset/unlabeled/plate_20260826_143804_706512_conf0.731.jpg		manual	rejected
ocr_dataset/unlabeled/plate_20260826_143816_544873_conf0.706.jpg	RTC-429	manual	approved
ocr_dataset/unlabeled/plate_20260826_143826_633847_conf0.569.jpg		manual	rejected
ocr_dataset/unlabeled/plate_20260826_143837_301239_conf0.378.jpg	UNN-278	manual	approved
ocr_dataset/unlabeled/plate_20260826_143851_388414_conf0.710.jpg	KRR-520	manual	approved
ocr_dataset/unlabeled/plate_20260826_143915_524444_conf0.739.jpg	ITF-184	manual	approved
ocr_dataset/unlabeled/plate_20260826_143944_302255_conf0.754.jpg	RUA-139	manual	approved
ocr_dataset/unlabeled/plate_20260826_143955_836634_conf0.754.jpg	MAS-960	manual	approved
ocr_dataset/unlabeled/plate_20260826_144006_632552_conf0.786.jpg	AOJD-310	manual	approved
ocr_dataset/unlabeled/plate_20260826_144019_910726_conf0.756.jpg	PJR-803	manual	approved
ocr_dataset/unlabeled/plate_20260826_144109_153276_conf0.761.jpg	PFJ-358	manual	approved
ocr_dataset/unlabeled/plate_20260826_144119_169113_conf0.773.jpg	PFJ-358	manual	approved
ocr_dataset/unlabeled/plate_20260826_144136_293025_conf0.717.jpg	JNC-743	manual	approved
ocr_dataset/unlabeled/plate_20260826_144157_151520_conf0.425.jpg		manual	rejected
ocr_dataset/unlabeled/plate_20260826_144214_463516_conf0.714.jpg	PWY-248	manual	approved
ocr_dataset/unlabeled/plate_20260826_144255_894803_conf0.745.jpg	AEMD-443	manual	approved
ocr_dataset/unlabeled/plate_20260826_144310_528122_conf0.744.jpg	PNX-302	manual	approved
ocr_dataset/unlabeled/plate_20260826_144323_303919_conf0.734.jpg		manual	rejected
ocr_dataset/unlabeled/plate_20260826_144337_754921_conf0.765.jpg	SZU-687	manual	approved
ocr_dataset/unlabeled/plate_20260826_144347_776913_conf0.730.jpg	AIJU-941	manual	approved
ocr_dataset/unlabeled/plate_20260826_144407_806584_conf0.726.jpg	AIJU-941	manual	approved
ocr_dataset/unlabeled/plate_20260826_144418_443823_conf0.706.jpg	AIJU-941	manual	approved
ocr_dataset/unlabeled/plate_20260826_144430_167110_conf0.788.jpg	NFW-426	manual	approved
ocr_dataset/unlabeled/plate_20260826_144440_190355_conf0.709.jpg	AIJU-941	manual	approved
ocr_dataset/unlabeled/plate_20260826_144450_426053_conf0.622.jpg		manual	rejected
ocr_dataset/unlabeled/plate_20260826_144516_869962_conf0.745.jpg		manual	rejected
ocr_dataset/unlabeled/plate_20260826_144549_613966_conf0.707.jpg		manual	rejected
ocr_dataset/unlabeled/plate_20260826_144602_597634_conf0.670.jpg		manual	rejected
ocr_dataset/unlabeled/plate_20260826_144614_676790_conf0.733.jpg		manual	rejected
ocr_dataset/unlabeled/plate_20260826_144626_479941_conf0.762.jpg	KSZ-376	manual	approved
ocr_dataset/unlabeled/plate_20260826_144636_705081_conf0.400.jpg		manual	rejected
ocr_dataset/unlabeled/plate_20260826_144707_723968_conf0.514.jpg	LXY-536	manual	approved
ocr_dataset/unlabeled/plate_20260826_144720_873458_conf0.805.jpg	AOLR-697	manual	approved
ocr_dataset/unlabeled/plate_20260826_144732_281228_conf0.733.jpg	AOLR-697	manual	approved
ocr_dataset/unlabeled/plate_20260826_144742_353778_conf0.581.jpg	LXY-536	manual	approved
ocr_dataset/unlabeled/plate_20260826_144754_860024_conf0.273.jpg	LXY-536	manual	approved
ocr_dataset/unlabeled/plate_20260826_144804_869468_conf0.330.jpg	ITF-063	manual	approved
ocr_dataset/unlabeled/plate_20260826_144814_911655_conf0.586.jpg		manual	rejected
ocr_dataset/unlabeled/plate_20260826_144829_734066_conf0.762.jpg		manual	rejected
ocr_dataset/unlabeled/plate_20260826_144839_747369_conf0.759.jpg	MDB-209	manual	approved
ocr_dataset/unlabeled/plate_20260826_144919_547357_conf0.809.jpg	AIDL-589	manual	approved
ocr_dataset/unlabeled/plate_20260826_144936_668537_conf0.307.jpg		manual	rejected
ocr_dataset/unlabeled/plate_20260826_145022_421734_conf0.412.jpg		manual	rejected
ocr_dataset/unlabeled/plate_20260826_145044_288324_conf0.759.jpg	JLR-862	manual	approved
ocr_dataset/unlabeled/plate_20260826_145054_320923_conf0.516.jpg		manual	rejected
ocr_dataset/unlabeled/plate_20260826_145104_341624_conf0.660.jpg		manual	rejected
ocr_dataset/unlabeled/plate_20260826_145114_368631_conf0.706.jpg		manual	rejected
ocr_dataset/unlabeled/plate_20260826_145126_326317_conf0.543.jpg		manual	rejected
ocr_dataset/unlabeled/plate_20260826_145136_797057_conf0.652.jpg		manual	rejected
ocr_dataset/unlabeled/plate_20260826_145202_973632_conf0.675.jpg	KWH-655	manual	approved
ocr_dataset/unlabeled/plate_20260826_145233_493701_conf0.601.jpg		manual	rejected
ocr_dataset/unlabeled/plate_20260826_145244_806891_conf0.724.jpg		manual	rejected
ocr_dataset/unlabeled/plate_20260826_145254_819012_conf0.656.jpg	RMY-665	manual	approved
ocr_dataset/unlabeled/plate_20260826_145307_474085_conf0.509.jpg		manual	rejected
ocr_dataset/unlabeled/plate_20260826_145319_225490_conf0.752.jpg	RJA-575	manual	approved
ocr_dataset/unlabeled/plate_20260826_145357_659831_conf0.570.jpg		manual	rejected
ocr_dataset/unlabeled/plate_20260826_145410_905770_conf0.682.jpg		manual	rejected
ocr_dataset/unlabeled/plate_20260826_145420_939812_conf0.749.jpg	AEKI-459	manual	approved
ocr_dataset/unlabeled/plate_20260826_145432_239353_conf0.684.jpg		manual	rejected
ocr_dataset/unlabeled/plate_20260826_145444_189057_conf0.683.jpg	POD-478	manual	approved
ocr_dataset/unlabeled/plate_20260826_145459_341845_conf0.497.jpg		manual	rejected
ocr_dataset/unlabeled/plate_20260826_145512_304088_conf0.712.jpg	AOCA-199	manual	approved
ocr_dataset/unlabeled/plate_20260826_145524_239502_conf0.773.jpg	AOCA-199	manual	approved
ocr_dataset/unlabeled/plate_20260826_145534_253902_conf0.781.jpg	AOCA-199	manual	approved
ocr_dataset/unlabeled/plate_20260826_145554_708810_conf0.483.jpg		manual	rejected
ocr_dataset/unlabeled/plate_20260826_145606_363471_conf0.656.jpg		manual	rejected
ocr_dataset/unlabeled/plate_20260826_145626_675554_conf0.696.jpg	SAY-055	manual	approved
ocr_dataset/unlabeled/plate_20260826_145701_702525_conf0.755.jpg		manual	rejected
ocr_dataset/unlabeled/plate_20260826_145717_545135_conf0.759.jpg		manual	rejected
ocr_dataset/unlabeled/plate_20260826_145728_304237_conf0.739.jpg	JWS-093	manual	approved
ocr_dataset/unlabeled/plate_20260826_145740_685359_conf0.690.jpg		manual	rejected
ocr_dataset/unlabeled/plate_20260826_145802_238407_conf0.684.jpg	JCS-477	manual	approved
ocr_dataset/unlabeled/plate_20260826_145843_655087_conf0.763.jpg	NCT-867	manual	approved
ocr_dataset/unlabeled/plate_20260826_145858_650948_conf0.799.jpg	AOER-618	manual	approved
ocr_dataset/unlabeled/plate_20260826_145910_192523_conf0.612.jpg	JCS-477	manual	approved
ocr_dataset/unlabeled/plate_20260826_145921_965334_conf0.590.jpg		manual	rejected
ocr_dataset/unlabeled/plate_20260826_145941_981004_conf0.748.jpg		manual	rejected
ocr_dataset/unlabeled/plate_20260826_150015_408701_conf0.780.jpg		manual	rejected
ocr_dataset/unlabeled/plate_20260826_150032_325226_conf0.757.jpg	AUDG-318	manual	approved
ocr_dataset/unlabeled/plate_20260826_150043_996057_conf0.732.jpg	SEU-563	manual	approved
ocr_dataset/unlabeled/plate_20260826_150057_568930_conf0.630.jpg		manual	rejected
ocr_dataset/unlabeled/plate_20260826_150108_560697_conf0.701.jpg	SGY-321	manual	approved
ocr_dataset/unlabeled/plate_20260826_150118_645431_conf0.705.jpg	EGA-716	manual	approved
ocr_dataset/unlabeled/plate_20260826_150221_698886_conf0.716.jpg		manual	rejected
ocr_dataset/unlabeled/plate_20260826_150231_710871_conf0.647.jpg	AOHP-576	manual	approved
ocr_dataset/unlabeled/plate_20260826_150310_133595_conf0.634.jpg		manual	rejected
ocr_dataset/unlabeled/plate_20260826_150348_030679_conf0.664.jpg		manual	rejected
ocr_dataset/unlabeled/plate_20260826_150410_609878_conf0.700.jpg	SYN-161	manual	approved
ocr_dataset/unlabeled/plate_20260826_150437_340395_conf0.737.jpg		manual	rejected
ocr_dataset/unlabeled/plate_20260826_150450_184537_conf0.718.jpg		manual	rejected
ocr_dataset/unlabeled/plate_20260826_150506_932176_conf0.687.jpg		manual	rejected
ocr_dataset/unlabeled/plate_20260826_150533_431535_conf0.472.jpg	RIR-346	manual	approved
ocr_dataset/unlabeled/plate_20260826_150543_470307_conf0.647.jpg		manual	rejected
ocr_dataset/unlabeled/plate_20260826_150555_267539_conf0.678.jpg		manual	rejected
ocr_dataset/unlabeled/plate_20260826_150620_063967_conf0.707.jpg	PRA-147	manual	approved
ocr_dataset/unlabeled/plate_20260826_150640_269361_conf0.787.jpg	PRA-147	manual	approved
ocr_dataset/unlabeled/plate_20260826_150654_438435_conf0.785.jpg	PRA-147	manual	approved
ocr_dataset/unlabeled/plate_20260826_150711_588744_conf0.674.jpg		manual	rejected
ocr_dataset/unlabeled/plate_20260826_150721_615381_conf0.725.jpg	SJU-458	manual	approved
ocr_dataset/unlabeled/plate_20260826_150731_979576_conf0.717.jpg	LUG-869	manual	approved
ocr_dataset/unlabeled/plate_20260826_150743_369861_conf0.700.jpg	SYL-711	manual	approved
ocr_dataset/unlabeled/plate_20260826_150753_399003_conf0.744.jpg	PBY-260	manual	approved
ocr_dataset/unlabeled/plate_20260826_150803_428318_conf0.745.jpg	PBY-260	manual	approved
ocr_dataset/unlabeled/plate_20260826_150814_779507_conf0.679.jpg	PBY-260	manual	approved
ocr_dataset/unlabeled/plate_20260826_150829_740977_conf0.750.jpg	PBY-260	manual	approved
ocr_dataset/unlabeled/plate_20260826_150839_764851_conf0.675.jpg	PBY-260	manual	approved
ocr_dataset/unlabeled/plate_20260826_150900_606821_conf0.613.jpg		manual	rejected
ocr_dataset/unlabeled/plate_20260826_150911_762372_conf0.685.jpg		manual	rejected
ocr_dataset/unlabeled/plate_20260826_150924_208094_conf0.706.jpg	HYC-633	manual	approved
ocr_dataset/unlabeled/plate_20260826_151009_740658_conf0.762.jpg	AOGV-184	manual	approved
ocr_dataset/unlabeled/plate_20260826_151022_785346_conf0.696.jpg	HYC-633	manual	approved
ocr_dataset/unlabeled/plate_20260826_151033_653344_conf0.695.jpg	PTR-105	manual	approved
ocr_dataset/unlabeled/plate_20260826_151045_309901_conf0.259.jpg		manual	rejected
ocr_dataset/unlabeled/plate_20260826_151145_270322_conf0.749.jpg	RAW-382	manual	approved
ocr_dataset/unlabeled/plate_20260826_151155_305665_conf0.708.jpg		manual	rejected
ocr_dataset/unlabeled/plate_20260826_151247_071773_conf0.682.jpg		manual	rejected
ocr_dataset/unlabeled/plate_20260826_151326_550603_conf0.548.jpg		manual	rejected
ocr_dataset/unlabeled/plate_20260826_151337_308033_conf0.685.jpg		manual	rejected
ocr_dataset/unlabeled/plate_20260826_151349_033171_conf0.671.jpg		manual	rejected
ocr_dataset/unlabeled/plate_20260826_151510_661822_conf0.251.jpg		manual	rejected
ocr_dataset/unlabeled/plate_20260826_151522_828038_conf0.725.jpg		manual	rejected
ocr_dataset/unlabeled/plate_20260826_151535_164741_conf0.751.jpg		manual	rejected
ocr_dataset/unlabeled/plate_20260826_151545_192735_conf0.511.jpg	RCW-362	manual	approved
ocr_dataset/unlabeled/plate_20260826_151555_207450_conf0.632.jpg	RCW-362	manual	approved
ocr_dataset/unlabeled/plate_20260826_151605_242976_conf0.672.jpg	RCW-362	manual	approved
ocr_dataset/unlabeled/plate_20260826_151615_270998_conf0.696.jpg	RCW-362	manual	approved
ocr_dataset/unlabeled/plate_20260826_151625_290264_conf0.705.jpg	MKE-793	manual	approved
ocr_dataset/unlabeled/plate_20260826_151637_391118_conf0.707.jpg	RCW-362	manual	approved
ocr_dataset/unlabeled/plate_20260826_151647_417827_conf0.672.jpg	RCW-362	manual	approved
ocr_dataset/unlabeled/plate_20260826_151657_558093_conf0.632.jpg	NKG-744	manual	approved
ocr_dataset/unlabeled/plate_20260826_151708_347540_conf0.684.jpg		manual	rejected
ocr_dataset/unlabeled/plate_20260826_151729_119372_conf0.322.jpg		manual	rejected
ocr_dataset/unlabeled/plate_20260826_151742_368848_conf0.757.jpg	HWR-269	manual	approved
ocr_dataset/unlabeled/plate_20260826_151809_056956_conf0.735.jpg	AOHW-041	manual	approved
ocr_dataset/unlabeled/plate_20260826_151821_006891_conf0.661.jpg		manual	rejected
ocr_dataset/unlabeled/plate_20260826_151831_027564_conf0.639.jpg		manual	rejected
ocr_dataset/unlabeled/plate_20260826_151844_287185_conf0.797.jpg	AAJG-733	manual	approved
ocr_dataset/unlabeled/plate_20260826_151855_156414_conf0.578.jpg		manual	rejected
ocr_dataset/unlabeled/plate_20260826_151905_186062_conf0.484.jpg		manual	rejected
ocr_dataset/unlabeled/plate_20260826_151920_558038_conf0.450.jpg		manual	rejected
ocr_dataset/unlabeled/plate_20260826_151944_165192_conf0.794.jpg	IJJ-709	manual	approved
ocr_dataset/unlabeled/plate_20260826_151954_194105_conf0.499.jpg		manual	rejected
ocr_dataset/unlabeled/plate_20260826_152004_212035_conf0.601.jpg		manual	rejected
ocr_dataset/unlabeled/plate_20260826_152014_403441_conf0.528.jpg		manual	rejected
ocr_dataset/unlabeled/plate_20260826_152027_223191_conf0.675.jpg		manual	rejected
ocr_dataset/unlabeled/plate_20260826_152041_683323_conf0.586.jpg		manual	rejected
ocr_dataset/unlabeled/plate_20260826_152051_712556_conf0.711.jpg	AIGT-139	manual	approved
ocr_dataset/unlabeled/plate_20260826_152101_730698_conf0.606.jpg		manual	rejected
ocr_dataset/unlabeled/plate_20260826_152111_751096_conf0.715.jpg	AIGT-139	manual	approved
ocr_dataset/unlabeled/plate_20260826_152130_533087_conf0.642.jpg		manual	rejected
ocr_dataset/unlabeled/plate_20260826_152141_192110_conf0.661.jpg		manual	rejected
ocr_dataset/unlabeled/plate_20260826_152151_226006_conf0.676.jpg		manual	rejected
ocr_dataset/unlabeled/plate_20260826_152201_718977_conf0.604.jpg		manual	rejected
ocr_dataset/unlabeled/plate_20260826_152211_738729_conf0.654.jpg	JGY-427	manual	approved
ocr_dataset/unlabeled/plate_20260826_152221_939100_conf0.603.jpg	JGY-427	manual	approved
ocr_dataset/unlabeled/plate_20260826_152231_962814_conf0.667.jpg	JGY-427	manual	approved
ocr_dataset/unlabeled/plate_20260826_152241_998782_conf0.664.jpg	JGY-427	manual	approved
ocr_dataset/unlabeled/plate_20260826_152252_024547_conf0.650.jpg	JGY-427	manual	approved
ocr_dataset/unlabeled/plate_20260826_152302_057715_conf0.665.jpg	JGY-427	manual	approved
ocr_dataset/unlabeled/plate_20260826_152312_470128_conf0.684.jpg	JGY-427	manual	approved
ocr_dataset/unlabeled/plate_20260826_152322_480376_conf0.666.jpg		manual	rejected
ocr_dataset/unlabeled/plate_20260826_152334_462248_conf0.767.jpg		manual	rejected
ocr_dataset/unlabeled/plate_20260826_152344_498638_conf0.536.jpg		manual	rejected
ocr_dataset/unlabeled/plate_20260826_152402_433566_conf0.264.jpg		manual	rejected
ocr_dataset/unlabeled/plate_20260826_152412_495696_conf0.454.jpg		manual	rejected
ocr_dataset/unlabeled/plate_20260826_152422_524122_conf0.527.jpg		manual	rejected
ocr_dataset/unlabeled/plate_20260826_152433_262552_conf0.806.jpg	SMC-810	manual	approved
ocr_dataset/unlabeled/plate_20260826_152443_293167_conf0.706.jpg	RIR-345	manual	approved
ocr_dataset/unlabeled/plate_20260826_152454_513692_conf0.539.jpg		manual	rejected
ocr_dataset/unlabeled/plate_20260826_152537_250933_conf0.790.jpg	RYU-111	manual	approved
ocr_dataset/unlabeled/plate_20260826_152549_191059_conf0.765.jpg	RYU-111	manual	approved
ocr_dataset/unlabeled/plate_20260826_152559_262272_conf0.764.jpg	RYU-111	manual	approved
ocr_dataset/unlabeled/plate_20260826_152609_290198_conf0.765.jpg	GRB-738	manual	approved
ocr_dataset/unlabeled/plate_20260826_152624_099478_conf0.513.jpg		manual	rejected
ocr_dataset/unlabeled/plate_20260826_152644_959516_conf0.719.jpg		manual	rejected
ocr_dataset/unlabeled/plate_20260826_152655_351496_conf0.763.jpg	SOW-607	manual	approved
ocr_dataset/unlabeled/plate_20260826_152705_376234_conf0.748.jpg	HJB-686	manual	approved
ocr_dataset/unlabeled/plate_20260826_152736_174944_conf0.747.jpg	AOCL-276	manual	approved
ocr_dataset/unlabeled/plate_20260826_152746_184431_conf0.714.jpg	AOCL-276	manual	approved
ocr_dataset/unlabeled/plate_20260826_152756_185994_conf0.703.jpg	AOCL-276	manual	approved
ocr_dataset/unlabeled/plate_20260826_152820_259517_conf0.406.jpg		manual	rejected
ocr_dataset/unlabeled/plate_20260826_152844_784281_conf0.721.jpg	AEER-246	manual	approved
ocr_dataset/unlabeled/plate_20260826_152854_802573_conf0.675.jpg	EHE-309	manual	approved
ocr_dataset/unlabeled/plate_20260826_152930_994787_conf0.731.jpg	GRH-524	manual	approved
ocr_dataset/unlabeled/plate_20260826_152941_027278_conf0.680.jpg	IBF-311	manual	approved
ocr_dataset/unlabeled/plate_20260826_152951_044829_conf0.705.jpg	MOY-457	manual	approved
ocr_dataset/unlabeled/plate_20260826_153002_113385_conf0.657.jpg	ANL-449	manual	approved
ocr_dataset/unlabeled/plate_20260826_153014_732442_conf0.641.jpg	AOXP-232	manual	approved
ocr_dataset/unlabeled/plate_20260826_153028_633591_conf0.667.jpg	AOXP-232	manual	approved
ocr_dataset/unlabeled/plate_20260826_153038_661007_conf0.664.jpg	AOXP-232	manual	approved
ocr_dataset/unlabeled/plate_20260826_153054_756623_conf0.679.jpg	AOXP-232	manual	approved
ocr_dataset/unlabeled/plate_20260826_153123_494718_conf0.694.jpg		manual	rejected
ocr_dataset/unlabeled/plate_20260826_153204_208564_conf0.735.jpg	AOIQ-990	manual	approved
ocr_dataset/unlabeled/plate_20260826_153233_524239_conf0.773.jpg	PAP-080	manual	approved
ocr_dataset/unlabeled/plate_20260826_153243_676058_conf0.740.jpg		manual	rejected
ocr_dataset/unlabeled/plate_20260826_153305_723881_conf0.718.jpg		manual	rejected
ocr_dataset/unlabeled/plate_20260826_153316_506361_conf0.720.jpg		manual	rejected
ocr_dataset/unlabeled/plate_20260826_153326_535207_conf0.693.jpg	LBY-179	manual	approved
ocr_dataset/unlabeled/plate_20260826_153336_565897_conf0.808.jpg	AEUZ-129	manual	approved
ocr_dataset/unlabeled/plate_20260826_153346_583326_conf0.665.jpg	LBY-179	manual	approved
ocr_dataset/unlabeled/plate_20260826_153407_714421_conf0.344.jpg	NKG-744	manual	approved
ocr_dataset/unlabeled/plate_20260826_153417_743011_conf0.703.jpg	LBY-179	manual	approved
ocr_dataset/unlabeled/plate_20260826_153439_871895_conf0.676.jpg	SLL-724	manual	approved
ocr_dataset/unlabeled/plate_20260826_153512_580867_conf0.684.jpg	RUD-043	manual	approved
ocr_dataset/unlabeled/plate_20260826_153522_613716_conf0.372.jpg	EHG-720	manual	approved
ocr_dataset/unlabeled/plate_20260826_153540_687858_conf0.453.jpg	EHG-720	manual	approved
ocr_dataset/unlabeled/plate_20260826_153550_737203_conf0.645.jpg	EHG-720	manual	approved
ocr_dataset/unlabeled/plate_20260826_153600_918118_conf0.753.jpg	AODM-557	manual	approved
ocr_dataset/unlabeled/plate_20260826_153615_685571_conf0.745.jpg		manual	rejected
ocr_dataset/unlabeled/plate_20260826_153641_684099_conf0.675.jpg	SFR-873	manual	approved
ocr_dataset/unlabeled/plate_20260826_153651_714511_conf0.817.jpg	GOD-745	manual	approved
ocr_dataset/unlabeled/plate_20260826_153701_733813_conf0.711.jpg	SFR-873	manual	approved
ocr_dataset/unlabeled/plate_20260826_153711_766832_conf0.729.jpg	SFR-873	manual	approved
ocr_dataset/unlabeled/plate_20260826_153721_794720_conf0.722.jpg	SFR-873	manual	approved
ocr_dataset/unlabeled/plate_20260826_153735_490903_conf0.732.jpg	CAR-201	manual	approved
ocr_dataset/unlabeled/plate_20260826_153745_996586_conf0.724.jpg	ITF-283	manual	approved
ocr_dataset/unlabeled/plate_20260826_153756_504732_conf0.634.jpg		manual	rejected
ocr_dataset/unlabeled/plate_20260826_153820_743233_conf0.770.jpg	MJY-705	manual	approved
ocr_dataset/unlabeled/plate_20260826_153837_846852_conf0.588.jpg	AUAH-236	manual	approved
ocr_dataset/unlabeled/plate_20260826_153859_936327_conf0.755.jpg	NYY-921	manual	approved
ocr_dataset/unlabeled/plate_20260826_153909_960713_conf0.581.jpg	AUAH-236	manual	approved
ocr_dataset/unlabeled/plate_20260826_153921_783279_conf0.772.jpg	REB-887	manual	approved
ocr_dataset/unlabeled/plate_20260826_153932_191847_conf0.749.jpg		manual	rejected
ocr_dataset/unlabeled/plate_20260826_153949_360784_conf0.282.jpg		manual	rejected
ocr_dataset/unlabeled/plate_20260826_154039_872326_conf0.754.jpg		manual	rejected
ocr_dataset/unlabeled/plate_20260826_154049_966980_conf0.611.jpg	JWE-204	manual	approved
ocr_dataset/unlabeled/plate_20260826_154100_040664_conf0.681.jpg		manual	rejected
ocr_dataset/unlabeled/plate_20260826_154110_656771_conf0.497.jpg		manual	rejected
ocr_dataset/unlabeled/plate_20260826_154130_988538_conf0.754.jpg	HKT-442	manual	approved
ocr_dataset/unlabeled/plate_20260826_154141_016835_conf0.777.jpg	HKT-442	manual	approved
ocr_dataset/unlabeled/plate_20260826_154206_936843_conf0.681.jpg		manual	rejected
ocr_dataset/unlabeled/plate_20260826_155440_368833_conf0.270.jpg		0.0000	review
ocr_dataset/unlabeled/plate_20260826_155455_240143_conf0.756.jpg	LAH-274	manual	approved
ocr_dataset/unlabeled/plate_20260826_155505_256134_conf0.729.jpg	LMF-868	manual	approved
ocr_dataset/unlabeled/plate_20260826_155515_573275_conf0.271.jpg	SES-572	manual	approved
ocr_dataset/unlabeled/plate_20260826_155525_580449_conf0.721.jpg	SKR-223	manual	approved
ocr_dataset/unlabeled/plate_20260826_155535_697868_conf0.524.jpg		0.0000	review
ocr_dataset/unlabeled/plate_20260826_155616_384241_conf0.775.jpg	LHC-620	manual	approved
ocr_dataset/unlabeled/plate_20260826_155630_853839_conf0.750.jpg	LHC-620	manual	approved
ocr_dataset/unlabeled/plate_20260826_155646_165220_conf0.635.jpg	LXK-367	manual	approved
ocr_dataset/unlabeled/plate_20260826_155656_815891_conf0.480.jpg	SSW-119	manual	approved
ocr_dataset/unlabeled/plate_20260826_155714_409869_conf0.747.jpg		0.0000	review
ocr_dataset/unlabeled/plate_20260826_155748_366127_conf0.315.jpg		0.0000	review
ocr_dataset/unlabeled/plate_20260826_155758_400889_conf0.768.jpg	AODR-591	0.2607	approved
ocr_dataset/unlabeled/plate_20260826_155825_886385_conf0.618.jpg	JYZ-666	manual	approved
ocr_dataset/unlabeled/plate_20260826_155836_468068_conf0.747.jpg	KSG-912	manual	approved
ocr_dataset/unlabeled/plate_20260826_155958_187808_conf0.669.jpg	NZH-772	manual	approved
ocr_dataset/unlabeled/plate_20260826_160008_256981_conf0.472.jpg		0.0000	review
ocr_dataset/unlabeled/plate_20260826_160041_916707_conf0.636.jpg	AODN-062	0.1409	approved
ocr_dataset/unlabeled/plate_20260826_160052_470327_conf0.388.jpg		0.0666	rejected
ocr_dataset/unlabeled/plate_20260826_160102_485192_conf0.768.jpg	ROT-405	manual	approved
ocr_dataset/unlabeled/plate_20260826_160112_507933_conf0.780.jpg	ROT-405	manual	approved
ocr_dataset/unlabeled/plate_20260826_160122_513024_conf0.678.jpg	AODN-062	0.0865	approved
ocr_dataset/unlabeled/plate_20260826_160132_546056_conf0.785.jpg	AONO-805	0.5223	approved
ocr_dataset/unlabeled/plate_20260826_160153_540432_conf0.741.jpg	MHC-562	manual	approved
ocr_dataset/unlabeled/plate_20260826_160217_655555_conf0.747.jpg	AAJH-191	0.3824	approved
ocr_dataset/unlabeled/plate_20260826_160227_689130_conf0.550.jpg	LDE-393	manual	approved
ocr_dataset/unlabeled/plate_20260826_160241_745822_conf0.707.jpg	LDE-393	manual	approved
ocr_dataset/unlabeled/plate_20260826_160251_778196_conf0.708.jpg	LDE-393	manual	approved
ocr_dataset/unlabeled/plate_20260826_160301_799473_conf0.473.jpg	LDE-393	manual	approved
ocr_dataset/unlabeled/plate_20260826_160311_816172_conf0.762.jpg	SST-851	manual	approved
ocr_dataset/unlabeled/plate_20260826_160342_152794_conf0.763.jpg	LAB-285	manual	approved
ocr_dataset/unlabeled/plate_20260826_160352_180428_conf0.707.jpg	MHM-140	manual	approved
ocr_dataset/unlabeled/plate_20260826_160402_188888_conf0.761.jpg	MHM-140	manual	approved
ocr_dataset/unlabeled/plate_20260826_160412_214739_conf0.759.jpg	MHM-140	manual	approved
ocr_dataset/unlabeled/plate_20260826_160422_248187_conf0.759.jpg	MHM-140	manual	approved
ocr_dataset/unlabeled/plate_20260826_160433_574900_conf0.584.jpg	MHM-140	manual	approved
ocr_dataset/unlabeled/plate_20260826_160444_913786_conf0.776.jpg	AAEF-250	0.3913	approved
ocr_dataset/unlabeled/plate_20260826_160454_933726_conf0.733.jpg		0.0000	review
ocr_dataset/unlabeled/plate_20260826_160504_956790_conf0.798.jpg	RVB-804	manual	approved
ocr_dataset/unlabeled/plate_20260826_160516_431330_conf0.751.jpg	PLG-678	manual	approved
ocr_dataset/unlabeled/plate_20260826_160526_636488_conf0.781.jpg	GEV-996	manual	approved
ocr_dataset/unlabeled/plate_20260826_160539_335489_conf0.319.jpg		0.0000	review
ocr_dataset/unlabeled/plate_20260826_160609_845685_conf0.739.jpg	AAGW-682	0.3100	approved
ocr_dataset/unlabeled/plate_20260826_160619_852657_conf0.769.jpg	HHR-030	manual	approved
ocr_dataset/unlabeled/plate_20260826_160701_476470_conf0.486.jpg	MWM-494	manual	approved
ocr_dataset/unlabeled/plate_20260826_160712_630660_conf0.303.jpg	MWM-494	manual	approved
ocr_dataset/unlabeled/plate_20260826_160723_930032_conf0.634.jpg	MWM-494	manual	approved
ocr_dataset/unlabeled/plate_20260826_160733_955579_conf0.756.jpg	NEZ-087	manual	approved
ocr_dataset/unlabeled/plate_20260826_160743_984656_conf0.637.jpg	MWM-494	manual	approved
ocr_dataset/unlabeled/plate_20260826_160754_111384_conf0.622.jpg	MWM-494	manual	approved
ocr_dataset/unlabeled/plate_20260826_160815_314755_conf0.728.jpg	SYF-373	manual	approved
ocr_dataset/unlabeled/plate_20260826_160919_300390_conf0.754.jpg	AOME-657	manual	approved
ocr_dataset/unlabeled/plate_20260826_160934_577120_conf0.317.jpg	RYG-379	manual	approved
ocr_dataset/unlabeled/plate_20260826_160947_050938_conf0.426.jpg		0.0000	review
ocr_dataset/unlabeled/plate_20260826_160959_076717_conf0.271.jpg		0.0000	review
ocr_dataset/unlabeled/plate_20260826_161024_689478_conf0.439.jpg		0.0000	review
ocr_dataset/unlabeled/plate_20260826_161056_632725_conf0.763.jpg		0.0000	review
ocr_dataset/unlabeled/plate_20260826_161106_668839_conf0.734.jpg	SMP-473	manual	approved
ocr_dataset/unlabeled/plate_20260826_161117_442638_conf0.633.jpg		0.0000	review
ocr_dataset/unlabeled/plate_20260826_161153_955146_conf0.779.jpg		0.0187	review
ocr_dataset/unlabeled/plate_20260826_161247_602376_conf0.379.jpg		0.0000	review
ocr_dataset/unlabeled/plate_20260826_161257_610695_conf0.695.jpg		0.0000	review
ocr_dataset/unlabeled/plate_20260826_161307_674781_conf0.682.jpg		0.0000	review
ocr_dataset/unlabeled/plate_20260826_161335_140028_conf0.370.jpg		0.0000	review
ocr_dataset/unlabeled/plate_20260826_161402_242295_conf0.442.jpg		0.0000	review
ocr_dataset/unlabeled/plate_20260826_161415_670914_conf0.708.jpg	MHR-749	manual	approved
ocr_dataset/unlabeled/plate_20260826_161425_718530_conf0.725.jpg		0.1007	review
ocr_dataset/unlabeled/plate_20260826_161436_024524_conf0.760.jpg	TDD-176	manual	approved
ocr_dataset/unlabeled/plate_20260826_161446_794765_conf0.691.jpg		0.0000	review
ocr_dataset/unlabeled/plate_20260826_161458_102060_conf0.747.jpg		0.6424	review
ocr_dataset/unlabeled/plate_20260826_161514_546357_conf0.645.jpg	TEH-926	manual	approved
ocr_dataset/unlabeled/plate_20260826_161544_152408_conf0.782.jpg	MUZ-984	manual	approved
ocr_dataset/unlabeled/plate_20260826_161604_187439_conf0.644.jpg		0.8193	review
ocr_dataset/unlabeled/plate_20260826_161615_078673_conf0.292.jpg		0.0000	review
ocr_dataset/unlabeled/plate_20260826_161625_124966_conf0.598.jpg		0.0000	review
ocr_dataset/unlabeled/plate_20260826_161722_100567_conf0.778.jpg		0.0000	review
ocr_dataset/unlabeled/plate_20260826_161736_569674_conf0.768.jpg	LMF-301	manual	approved
ocr_dataset/unlabeled/plate_20260826_161816_196301_conf0.623.jpg	MXC-685	manual	approved
ocr_dataset/unlabeled/plate_20260826_161826_208107_conf0.625.jpg	MXC-685	manual	approved
ocr_dataset/unlabeled/plate_20260826_161837_554062_conf0.670.jpg	MXC-685	manual	approved
ocr_dataset/unlabeled/plate_20260826_161857_046904_conf0.267.jpg		0.0000	review
ocr_dataset/unlabeled/plate_20260826_161918_601666_conf0.587.jpg		0.0000	review
ocr_dataset/unlabeled/plate_20260826_161928_611995_conf0.768.jpg	AUAH-775	manual	approved
ocr_dataset/unlabeled/plate_20260826_161948_897025_conf0.671.jpg	LFB-687	manual	approved
ocr_dataset/unlabeled/plate_20260826_162019_848265_conf0.641.jpg		0.3503	review
ocr_dataset/unlabeled/plate_20260826_162044_704692_conf0.701.jpg	LFB-687	manual	approved
ocr_dataset/unlabeled/plate_20260826_162054_979532_conf0.672.jpg	SMR-266	manual	approved
ocr_dataset/unlabeled/plate_20260826_162106_568290_conf0.758.jpg	RHO-002	manual	approved
ocr_dataset/unlabeled/plate_20260826_162127_924779_conf0.721.jpg		0.0000	review
ocr_dataset/unlabeled/plate_20260826_162137_945357_conf0.730.jpg	AAKL-368	manual	approved
ocr_dataset/unlabeled/plate_20260826_162148_096920_conf0.733.jpg	AAKL-368	manual	approved
ocr_dataset/unlabeled/plate_20260826_162158_115626_conf0.725.jpg	AAKL-368	manual	approved
ocr_dataset/unlabeled/plate_20260826_162208_144551_conf0.689.jpg	AAKL-368	manual	approved
ocr_dataset/unlabeled/plate_20260826_162218_162407_conf0.726.jpg	AAKL-368	manual	approved
ocr_dataset/unlabeled/plate_20260826_162255_150741_conf0.597.jpg	IJS-515	manual	approved
ocr_dataset/unlabeled/plate_20260826_162306_436142_conf0.723.jpg	IJS-515	manual	approved
ocr_dataset/unlabeled/plate_20260826_162322_381565_conf0.631.jpg	IJS-515	manual	approved
ocr_dataset/unlabeled/plate_20260826_162336_356601_conf0.615.jpg	IJS-515	manual	approved
ocr_dataset/unlabeled/plate_20260826_162346_395735_conf0.681.jpg	IJS-515	manual	approved
ocr_dataset/unlabeled/plate_20260826_162356_408252_conf0.742.jpg	IJS-515	manual	approved
ocr_dataset/unlabeled/plate_20260826_162406_447819_conf0.704.jpg	SXJ-262	manual	approved
ocr_dataset/unlabeled/plate_20260826_162427_360629_conf0.753.jpg	AOCI-863	manual	approved
ocr_dataset/unlabeled/plate_20260826_162437_377643_conf0.734.jpg	AOCI-863	manual	approved
ocr_dataset/unlabeled/plate_20260826_162447_409181_conf0.718.jpg	AOCI-863	manual	approved
ocr_dataset/unlabeled/plate_20260826_162457_415427_conf0.714.jpg	AOCI-863	manual	approved
ocr_dataset/unlabeled/plate_20260826_162522_508444_conf0.680.jpg	AOCI-863	manual	approved
ocr_dataset/unlabeled/plate_20260826_162532_545883_conf0.485.jpg	AOCI-863	manual	approved
ocr_dataset/unlabeled/plate_20260826_162542_757306_conf0.625.jpg	KCL-489	manual	approved
ocr_dataset/unlabeled/plate_20260826_162552_877631_conf0.726.jpg	SIV-106	manual	approved
ocr_dataset/unlabeled/plate_20260826_162603_431324_conf0.499.jpg	KEE-461	manual	approved
ocr_dataset/unlabeled/plate_20260826_162618_150907_conf0.738.jpg		0.2881	review
ocr_dataset/unlabeled/plate_20260826_162628_171057_conf0.754.jpg		0.3215	review
ocr_dataset/unlabeled/plate_20260826_162658_098590_conf0.383.jpg		0.1076	review
ocr_dataset/unlabeled/plate_20260826_162732_727048_conf0.735.jpg		0.5513	review
ocr_dataset/unlabeled/plate_20260826_162804_749634_conf0.762.jpg	RVE-816	manual	approved
ocr_dataset/unlabeled/plate_20260826_162830_355163_conf0.730.jpg	RVE-816	manual	approved
ocr_dataset/unlabeled/plate_20260826_162840_385031_conf0.745.jpg	LLJ-127	manual	approved
ocr_dataset/unlabeled/plate_20260826_162900_645849_conf0.704.jpg		0.0000	review
ocr_dataset/unlabeled/plate_20260826_162928_580004_conf0.726.jpg	KCE-497	manual	approved
ocr_dataset/unlabeled/plate_20260826_162938_588706_conf0.711.jpg	KCE-497	manual	approved
ocr_dataset/unlabeled/plate_20260826_162952_504720_conf0.260.jpg	KCE-497	manual	approved
ocr_dataset/unlabeled/plate_20260826_163002_522337_conf0.710.jpg	KCE-497	manual	approved
ocr_dataset/unlabeled/plate_20260826_163013_160408_conf0.717.jpg	KCE-497	manual	approved
ocr_dataset/unlabeled/plate_20260826_163023_167161_conf0.761.jpg	KCE-497	manual	approved
ocr_dataset/unlabeled/plate_20260826_163034_398662_conf0.673.jpg		0.0000	review
ocr_dataset/unlabeled/plate_20260826_163045_367994_conf0.568.jpg		0.0000	review
ocr_dataset/unlabeled/plate_20260826_163110_732762_conf0.709.jpg	AOSS-725	manual	approved
ocr_dataset/unlabeled/plate_20260826_163121_391277_conf0.351.jpg	HBR-535	manual	approved
ocr_dataset/unlabeled/plate_20260826_163131_408938_conf0.660.jpg	AOSS-725	manual	approved
ocr_dataset/unlabeled/plate_20260826_163141_443573_conf0.465.jpg	AOSS-725	manual	approved
ocr_dataset/unlabeled/plate_20260826_163151_472936_conf0.661.jpg	AOSS-725	manual	approved
ocr_dataset/unlabeled/plate_20260826_163212_438021_conf0.745.jpg	AOSS-725	manual	approved
ocr_dataset/unlabeled/plate_20260826_163224_143472_conf0.774.jpg		0.0000	review
ocr_dataset/unlabeled/plate_20260826_163234_172871_conf0.620.jpg	AOOT-986	manual	approved
ocr_dataset/unlabeled/plate_20260826_163244_207299_conf0.688.jpg	AOOT-986	manual	approved
ocr_dataset/unlabeled/plate_20260826_163254_701158_conf0.620.jpg	AOOT-986	manual	approved
ocr_dataset/unlabeled/plate_20260826_163350_008415_conf0.759.jpg	PIV-050	manual	approved
ocr_dataset/unlabeled/plate_20260826_163401_088485_conf0.736.jpg		0.0000	review
ocr_dataset/unlabeled/plate_20260826_163417_131494_conf0.507.jpg		0.0210	review
ocr_dataset/unlabeled/plate_20260826_163456_760043_conf0.752.jpg	AILL-917	manual	approved
ocr_dataset/unlabeled/plate_20260826_163506_782359_conf0.778.jpg	AOOW-967	manual	approved
ocr_dataset/unlabeled/plate_20260826_163516_804562_conf0.802.jpg	AADP-329	manual	approved
ocr_dataset/unlabeled/plate_20260826_163527_950341_conf0.790.jpg	KFN-695	manual	approved
ocr_dataset/unlabeled/plate_20260826_163538_378602_conf0.549.jpg		0.0000	review
ocr_dataset/unlabeled/plate_20260826_163548_399172_conf0.730.jpg	JUH-336	manual	approved
ocr_dataset/unlabeled/plate_20260826_163619_128112_conf0.741.jpg	JUH-336	manual	approved
ocr_dataset/unlabeled/plate_20260826_163629_141598_conf0.794.jpg	TAY-712	manual	approved
ocr_dataset/unlabeled/plate_20260826_163639_272581_conf0.768.jpg		0.1442	review
ocr_dataset/unlabeled/plate_20260826_163659_578756_conf0.718.jpg		0.0000	review
ocr_dataset/unlabeled/plate_20260826_163709_599211_conf0.584.jpg	LOU-983	manual	approved
ocr_dataset/unlabeled/plate_20260826_163719_606135_conf0.677.jpg	NGP-146	manual	approved
ocr_dataset/unlabeled/plate_20260826_163729_623715_conf0.664.jpg	NGP-146	manual	approved
ocr_dataset/unlabeled/plate_20260826_163739_649401_conf0.664.jpg	NGP-146	manual	approved
ocr_dataset/unlabeled/plate_20260826_163749_654190_conf0.663.jpg	NGP-146	manual	approved
ocr_dataset/unlabeled/plate_20260826_163759_658637_conf0.752.jpg	SIR-159	manual	approved
ocr_dataset/unlabeled/plate_20260826_163809_680964_conf0.667.jpg	NGP-146	manual	approved
ocr_dataset/unlabeled/plate_20260826_163819_826644_conf0.677.jpg	NGP-146	manual	approved
ocr_dataset/unlabeled/plate_20260826_163829_852934_conf0.433.jpg		0.0000	review
ocr_dataset/unlabeled/plate_20260826_163839_884035_conf0.684.jpg	ZSU-382	manual	approved
ocr_dataset/unlabeled/plate_20260826_163850_160627_conf0.509.jpg		0.0000	review
ocr_dataset/unlabeled/plate_20260826_163900_176716_conf0.752.jpg	MXV-468	manual	approved
ocr_dataset/unlabeled/plate_20260826_163930_390942_conf0.735.jpg	MXV-468	manual	approved
ocr_dataset/unlabeled/plate_20260826_163940_398487_conf0.769.jpg	HFM-653	manual	approved
ocr_dataset/unlabeled/plate_20260826_164003_343131_conf0.717.jpg	HIR-762	manual	approved
ocr_dataset/unlabeled/plate_20260826_164048_417848_conf0.779.jpg	ITG-497	manual	approved
ocr_dataset/unlabeled/plate_20260826_164058_457268_conf0.599.jpg	ITG-497	manual	approved
ocr_dataset/unlabeled/plate_20260826_164108_879560_conf0.664.jpg	ITG-497	manual	approved
ocr_dataset/unlabeled/plate_20260826_164121_001235_conf0.783.jpg	AOAX-702	manual	approved
ocr_dataset/unlabeled/plate_20260826_164141_560097_conf0.617.jpg	SKX-939	manual	approved
ocr_dataset/unlabeled/plate_20260826_164202_736161_conf0.713.jpg	LTR-347	manual	approved
ocr_dataset/unlabeled/plate_20260826_164212_756228_conf0.660.jpg	NVJ-804	manual	approved
ocr_dataset/unlabeled/plate_20260826_164222_784481_conf0.684.jpg	NVJ-804	manual	approved
ocr_dataset/unlabeled/plate_20260826_164232_817578_conf0.791.jpg	MRY-876	manual	approved
ocr_dataset/unlabeled/plate_20260826_164242_845339_conf0.698.jpg	NVJ-804	manual	approved
ocr_dataset/unlabeled/plate_20260826_164253_484355_conf0.705.jpg	NVJ-804	manual	approved
ocr_dataset/unlabeled/plate_20260826_164303_496727_conf0.664.jpg	NVJ-804	manual	approved
ocr_dataset/unlabeled/plate_20260826_164313_513365_conf0.672.jpg	SYT-877	manual	approved
ocr_dataset/unlabeled/plate_20260826_164323_541859_conf0.653.jpg	RER-580	manual	approved
ocr_dataset/unlabeled/plate_20260826_164333_547372_conf0.482.jpg		0.0000	review
ocr_dataset/unlabeled/plate_20260826_164343_559719_conf0.730.jpg	PHG-310	manual	approved
ocr_dataset/unlabeled/plate_20260826_164353_578216_conf0.714.jpg	PHG-310	manual	approved
ocr_dataset/unlabeled/plate_20260826_164403_615754_conf0.734.jpg	PHG-310	manual	approved
ocr_dataset/unlabeled/plate_20260826_164436_423451_conf0.761.jpg	SHY-525	manual	approved
ocr_dataset/unlabeled/plate_20260826_164446_557035_conf0.733.jpg	PHG-310	manual	approved
ocr_dataset/unlabeled/plate_20260826_164456_703600_conf0.691.jpg		0.0000	review
ocr_dataset/unlabeled/plate_20260826_164508_530307_conf0.729.jpg	SCW-048	manual	approved
ocr_dataset/unlabeled/plate_20260826_164531_572772_conf0.775.jpg	KKC-700	manual	approved
ocr_dataset/unlabeled/plate_20260826_164633_438653_conf0.701.jpg	RZG-438	manual	approved
ocr_dataset/unlabeled/plate_20260826_164655_813798_conf0.657.jpg	SNW-989	manual	approved
ocr_dataset/unlabeled/plate_20260826_164705_824995_conf0.689.jpg	SNW-989	manual	approved
ocr_dataset/unlabeled/plate_20260826_164715_836055_conf0.730.jpg	AYU-131	manual	approved
ocr_dataset/unlabeled/plate_20260826_164727_622762_conf0.735.jpg	AYU-131	manual	approved
ocr_dataset/unlabeled/plate_20260826_164737_709870_conf0.729.jpg	AYU-131	manual	approved
ocr_dataset/unlabeled/plate_20260826_164747_739784_conf0.698.jpg	SNW-989	manual	approved
ocr_dataset/unlabeled/plate_20260826_164757_778549_conf0.806.jpg		0.5995	review
ocr_dataset/unlabeled/plate_20260826_164809_198574_conf0.519.jpg		0.0000	review
ocr_dataset/unlabeled/plate_20260826_164820_167819_conf0.477.jpg		0.0000	review
ocr_dataset/unlabeled/plate_20260826_164831_719020_conf0.756.jpg	HXX-582	manual	approved
ocr_dataset/unlabeled/plate_20260826_164841_745366_conf0.743.jpg	KXS-183	manual	approved
ocr_dataset/unlabeled/plate_20260826_164851_770454_conf0.703.jpg	KXS-183	manual	approved
ocr_dataset/unlabeled/plate_20260826_164902_730874_conf0.713.jpg	KXS-183	manual	approved
ocr_dataset/unlabeled/plate_20260826_164912_753727_conf0.747.jpg	KXS-183	manual	approved
ocr_dataset/unlabeled/plate_20260826_164922_761232_conf0.735.jpg	KXS-183	manual	approved
ocr_dataset/unlabeled/plate_20260826_164933_335294_conf0.711.jpg	KXS-183	manual	approved
ocr_dataset/unlabeled/plate_20260826_164943_362130_conf0.708.jpg	KXV-561	manual	approved
ocr_dataset/unlabeled/plate_20260826_164953_678693_conf0.738.jpg		0.0000	review
ocr_dataset/unlabeled/plate_20260826_165003_703324_conf0.612.jpg		0.0000	review
ocr_dataset/unlabeled/plate_20260826_165014_604974_conf0.779.jpg	AOMO-627	manual	approved
ocr_dataset/unlabeled/plate_20260826_165024_617019_conf0.776.jpg	AOMO-627	manual	approved
ocr_dataset/unlabeled/plate_20260826_165058_312461_conf0.779.jpg	LJA-870	manual	approved
ocr_dataset/unlabeled/plate_20260826_165118_786326_conf0.782.jpg	KSK-214	manual	approved
ocr_dataset/unlabeled/plate_20260826_165128_814626_conf0.587.jpg		0.0000	review
ocr_dataset/unlabeled/plate_20260826_165241_386579_conf0.537.jpg		0.0000	review
ocr_dataset/unlabeled/plate_20260826_165251_399944_conf0.655.jpg	FEY-002	manual	approved
ocr_dataset/unlabeled/plate_20260826_165301_617566_conf0.280.jpg	NPS-882	manual	approved
ocr_dataset/unlabeled/plate_20260826_165313_375983_conf0.579.jpg		0.0000	review
ocr_dataset/unlabeled/plate_20260826_165349_523013_conf0.774.jpg	NCJ-501	manual	approved
ocr_dataset/unlabeled/plate_20260826_165359_559000_conf0.762.jpg	NCJ-501	manual	approved
ocr_dataset/unlabeled/plate_20260826_165412_389262_conf0.782.jpg	RDZ-453	manual	approved
ocr_dataset/unlabeled/plate_20260826_165423_268280_conf0.719.jpg	TES-102	manual	approved
ocr_dataset/unlabeled/plate_20260826_165433_913139_conf0.778.jpg	AEGU-307	manual	approved
ocr_dataset/unlabeled/plate_20260826_165517_396977_conf0.780.jpg	AOHC-169	manual	approved
ocr_dataset/unlabeled/plate_20260826_165527_405468_conf0.542.jpg	AESG-777	manual	approved
ocr_dataset/unlabeled/plate_20260826_165538_498588_conf0.728.jpg	AOMC-169	manual	approved
ocr_dataset/unlabeled/plate_20260826_165548_503066_conf0.565.jpg	AESG-777	manual	approved
ocr_dataset/unlabeled/plate_20260826_165559_838333_conf0.545.jpg	AESG-777	manual	approved
ocr_dataset/unlabeled/plate_20260826_165631_645142_conf0.726.jpg	MUH-708	manual	approved
ocr_dataset/unlabeled/plate_20260826_165646_052647_conf0.742.jpg	MUH-708	manual	approved
ocr_dataset/unlabeled/plate_20260826_165656_089677_conf0.754.jpg	MUH-708	manual	approved
ocr_dataset/unlabeled/plate_20260826_165707_924722_conf0.753.jpg	MUH-708	manual	approved
ocr_dataset/unlabeled/plate_20260826_165717_961467_conf0.769.jpg	RNJ-436	manual	approved
ocr_dataset/unlabeled/plate_20260826_165727_993018_conf0.753.jpg	MUH-708	manual	approved
ocr_dataset/unlabeled/plate_20260826_165952_433159_conf0.718.jpg	PGP-713	manual	approved
ocr_dataset/unlabeled/plate_20260826_170003_337543_conf0.708.jpg	PGP-713	manual	approved
ocr_dataset/unlabeled/plate_20260826_170014_654080_conf0.331.jpg	MXN-547	manual	approved
ocr_dataset/unlabeled/plate_20260826_170024_657631_conf0.733.jpg	PGP-713	manual	approved
ocr_dataset/unlabeled/plate_20260826_170035_727047_conf0.630.jpg	PGP-713	manual	approved
ocr_dataset/unlabeled/plate_20260826_170047_144231_conf0.629.jpg	PGP-713	manual	approved
ocr_dataset/unlabeled/plate_20260826_170157_012924_conf0.835.jpg	AOHW-123	manual	approved
ocr_dataset/unlabeled/plate_20260826_170207_147715_conf0.689.jpg	HW-123	manual	approved
ocr_dataset/unlabeled/plate_20260826_170223_188479_conf0.622.jpg	SAU-059	manual	approved
ocr_dataset/unlabeled/plate_20260826_170312_253816_conf0.736.jpg	IFT-488	manual	approved
ocr_dataset/unlabeled/plate_20260826_170322_775521_conf0.647.jpg	IFT-48	manual	approved
ocr_dataset/unlabeled/plate_20260826_170334_962227_conf0.366.jpg	IFT-48	manual	approved
ocr_dataset/unlabeled/plate_20260826_170356_029513_conf0.771.jpg	GSK-13	0.1562	approved
ocr_dataset/unlabeled/plate_20260826_170429_189441_conf0.699.jpg	NTD-043	manual	approved
ocr_dataset/unlabeled/plate_20260826_170532_447190_conf0.758.jpg	XX-351	0.3570	approved
ocr_dataset/unlabeled/plate_20260826_170700_015293_conf0.792.jpg	AIBK-752	manual	approved
ocr_dataset/unlabeled/plate_20260826_170710_467241_conf0.711.jpg	PPP-628	manual	approved
ocr_dataset/unlabeled/plate_20260826_170742_822095_conf0.597.jpg	PSA-533	manual	approved
ocr_dataset/unlabeled/plate_20260826_170752_832051_conf0.751.jpg	AEID-996	manual	approved
ocr_dataset/unlabeled/plate_20260826_170802_834887_conf0.795.jpg	AEID-996	manual	approved
ocr_dataset/unlabeled/plate_20260826_170813_767003_conf0.605.jpg	PSA-533	manual	approved
ocr_dataset/unlabeled/plate_20260826_170823_768338_conf0.660.jpg	PSA-533	manual	approved
ocr_dataset/unlabeled/plate_20260826_170833_779815_conf0.641.jpg	PSA-533	manual	approved
ocr_dataset/unlabeled/plate_20260826_170846_279176_conf0.779.jpg	NBL-360	0.7096	approved
ocr_dataset/unlabeled/plate_20260826_170856_290143_conf0.820.jpg	KNK-997	manual	approved
ocr_dataset/unlabeled/plate_20260826_170917_761240_conf0.689.jpg	NXJ-222	manual	approved
ocr_dataset/unlabeled/plate_20260826_170928_254602_conf0.739.jpg	NXJ-222	manual	approved
ocr_dataset/unlabeled/plate_20260826_170942_470948_conf0.747.jpg	NXJ-222	manual	approved
ocr_dataset/unlabeled/plate_20260826_170952_931542_conf0.774.jpg	KAC-067	manual	approved
ocr_dataset/unlabeled/plate_20260826_171002_937747_conf0.757.jpg	NXJ-222	manual	approved
ocr_dataset/unlabeled/plate_20260826_171012_947128_conf0.832.jpg	SYJ-845	manual	approved
ocr_dataset/unlabeled/plate_20260826_171023_796349_conf0.705.jpg	NXJ-222	manual	approved
ocr_dataset/unlabeled/plate_20260826_171110_891820_conf0.763.jpg	MDE-926	manual	approved
ocr_dataset/unlabeled/plate_20260826_171145_136151_conf0.769.jpg	NRF-632	manual	approved
ocr_dataset/unlabeled/plate_20260826_171248_115656_conf0.780.jpg	RAW-576	manual	approved
ocr_dataset/unlabeled/plate_20260826_171258_149069_conf0.787.jpg	RAW-576	manual	approved
ocr_dataset/unlabeled/plate_20260826_171308_659431_conf0.785.jpg	RAW-576	manual	approved
ocr_dataset/unlabeled/plate_20260826_171322_050507_conf0.747.jpg	HOT-389	manual	approved
ocr_dataset/unlabeled/plate_20260826_171355_982125_conf0.745.jpg	NFJ-425	manual	approved
ocr_dataset/unlabeled/plate_20260826_171406_022829_conf0.616.jpg	AOOI-882	manual	approved
ocr_dataset/unlabeled/plate_20260826_171416_525061_conf0.580.jpg	AOOI-882	manual	approved
ocr_dataset/unlabeled/plate_20260826_171428_904324_conf0.550.jpg	AOOI-882	manual	approved
ocr_dataset/unlabeled/plate_20260826_171454_985416_conf0.785.jpg	RSH-899	manual	approved
ocr_dataset/unlabeled/plate_20260826_171504_995318_conf0.674.jpg	AOOI-882	manual	approved
ocr_dataset/unlabeled/plate_20260826_171557_702560_conf0.773.jpg	AOCD-759	manual	approved
ocr_dataset/unlabeled/plate_20260826_171617_978019_conf0.778.jpg	AOCD-759	manual	approved
ocr_dataset/unlabeled/plate_20260826_171649_217049_conf0.570.jpg	RJA-474	0.0973	approved
ocr_dataset/unlabeled/plate_20260826_171730_966047_conf0.723.jpg	IIT-79	0.0000	approved
ocr_dataset/unlabeled/plate_20260826_171808_865309_conf0.742.jpg	SJV-039	manual	approved
ocr_dataset/unlabeled/plate_20260826_171818_886830_conf0.787.jpg	ISM-141	manual	approved
ocr_dataset/unlabeled/plate_20260826_171839_568621_conf0.491.jpg	LHE-451	manual	approved
ocr_dataset/unlabeled/plate_20260826_171907_121795_conf0.512.jpg	ROM-345	manual	approved
ocr_dataset/unlabeled/plate_20260826_171938_656617_conf0.470.jpg	ROM-345	manual	approved
ocr_dataset/unlabeled/plate_20260826_171949_562756_conf0.693.jpg	ROM-345	manual	approved
ocr_dataset/unlabeled/plate_20260826_171959_569502_conf0.734.jpg	ROM-345	manual	approved
ocr_dataset/unlabeled/plate_20260826_172121_727331_conf0.754.jpg	HED-872	manual	approved
ocr_dataset/unlabeled/plate_20260826_172135_485112_conf0.702.jpg	PTR-149	manual	approved
ocr_dataset/unlabeled/plate_20260826_172254_781996_conf0.726.jpg	ODD-028	manual	approved
ocr_dataset/unlabeled/plate_20260826_172306_118650_conf0.380.jpg	ROG-	0.2377	approved
ocr_dataset/unlabeled/plate_20260826_172441_955270_conf0.789.jpg	AEDP-555	manual	approved
ocr_dataset/unlabeled/plate_20260826_172451_987207_conf0.745.jpg	IOG-167	0.0307	approved
ocr_dataset/unlabeled/plate_20260826_172522_803491_conf0.755.jpg	NAA-322	manual	approved
ocr_dataset/unlabeled/plate_20260826_172532_818385_conf0.754.jpg	NAA-322	manual	approved
ocr_dataset/unlabeled/plate_20260826_172606_060183_conf0.332.jpg	-322	manual	approved
ocr_dataset/unlabeled/plate_20260826_172636_749801_conf0.798.jpg	AEMV-907	manual	approved
ocr_dataset/unlabeled/plate_20260826_172658_795656_conf0.502.jpg	SZC-083	manual	approved
ocr_dataset/unlabeled/plate_20260826_172729_005062_conf0.285.jpg	SZC-083	manual	approved
ocr_dataset/unlabeled/plate_20260826_172745_211489_conf0.382.jpg	SZC-083	manual	approved
ocr_dataset/unlabeled/plate_20260826_172839_616892_conf0.687.jpg	AOND-343	manual	approved
ocr_dataset/unlabeled/plate_20260826_172849_619597_conf0.584.jpg	AOND-343	manual	approved
ocr_dataset/unlabeled/plate_20260826_172900_200902_conf0.762.jpg	MKE-793	manual	approved
ocr_dataset/unlabeled/plate_20260826_172919_156949_conf0.251.jpg	AOND-343	manual	approved
ocr_dataset/unlabeled/plate_20260826_172929_173842_conf0.689.jpg	AOND-343	manual	approved
ocr_dataset/unlabeled/plate_20260826_172949_745972_conf0.716.jpg	SUW-463	manual	approved
ocr_dataset/unlabeled/plate_20260826_173020_342388_conf0.727.jpg	AALM-975	0.9008	approved
ocr_dataset/unlabeled/plate_20260826_173049_767481_conf0.726.jpg	AALM-975	0.9378	approved
ocr_dataset/unlabeled/plate_20260826_173110_359279_conf0.798.jpg	PVU-323	manual	approved
ocr_dataset/unlabeled/plate_20260826_173120_437479_conf0.725.jpg	SGJ-787	manual	approved
ocr_dataset/unlabeled/plate_20260826_173234_669064_conf0.775.jpg	LJA-773	0.2939	approved
ocr_dataset/unlabeled/plate_20260826_173256_446458_conf0.791.jpg	MSY-061	manual	approved
ocr_dataset/unlabeled/plate_20260826_173306_458188_conf0.775.jpg	JYZ-319	manual	approved
ocr_dataset/unlabeled/plate_20260826_173319_246320_conf0.781.jpg	TAP-734	manual	approved
ocr_dataset/unlabeled/plate_20260826_173329_790138_conf0.727.jpg	TAP-734	manual	approved
ocr_dataset/unlabeled/plate_20260826_173417_179729_conf0.741.jpg	TAP-734	manual	approved
ocr_dataset/unlabeled/plate_20260826_173451_949863_conf0.727.jpg	LXM-610	manual	approved
ocr_dataset/unlabeled/plate_20260826_173502_747506_conf0.701.jpg	LXM-610	manual	approved
ocr_dataset/unlabeled/plate_20260826_173538_094795_conf0.741.jpg	LXM-610	manual	approved
ocr_dataset/unlabeled/plate_20260826_173548_106869_conf0.702.jpg	LXM-610	manual	approved
ocr_dataset/unlabeled/plate_20260826_173558_124431_conf0.691.jpg	LXM-610	manual	approved
ocr_dataset/unlabeled/plate_20260826_173629_999764_conf0.720.jpg	KNY-343	manual	approved
ocr_dataset/unlabeled/plate_20260826_173640_572188_conf0.700.jpg	KNY-343	manual	approved
ocr_dataset/unlabeled/plate_20260826_173720_393750_conf0.780.jpg	LYS-230	manual	approved
ocr_dataset/unlabeled/plate_20260826_173730_400828_conf0.704.jpg	KNY-343	manual	approved
ocr_dataset/unlabeled/plate_20260826_173857_252948_conf0.809.jpg	PKX-296	manual	approved
ocr_dataset/unlabeled/plate_20260826_173907_282762_conf0.588.jpg	SNL-847	manual	approved
ocr_dataset/unlabeled/plate_20260826_173959_302201_conf0.795.jpg	JAS-816	manual	approved
ocr_dataset/unlabeled/plate_20260826_174011_013599_conf0.794.jpg	JAS-816	manual	approved
ocr_dataset/unlabeled/plate_20260826_174024_839133_conf0.793.jpg	JAS-816	manual	approved
ocr_dataset/unlabeled/plate_20260826_174128_314575_conf0.526.jpg	AICK-611	0.1285	approved
ocr_dataset/unlabeled/plate_20260826_174139_051050_conf0.788.jpg	RXX-594	manual	approved
ocr_dataset/unlabeled/plate_20260826_174149_077436_conf0.837.jpg	RXX-594	manual	approved
ocr_dataset/unlabeled/plate_20260826_174311_750033_conf0.784.jpg	AONH-436	manual	approved
ocr_dataset/unlabeled/plate_20260826_174322_481270_conf0.804.jpg	AONH-436	manual	approved
ocr_dataset/unlabeled/plate_20260826_174341_868541_conf0.803.jpg	AONH-436	manual	approved
ocr_dataset/unlabeled/plate_20260826_174441_846395_conf0.569.jpg	IDG-055	manual	approved
ocr_dataset/unlabeled/plate_20260826_174452_915279_conf0.445.jpg	IDG-055	manual	approved
ocr_dataset/unlabeled/plate_20260826_174520_962821_conf0.776.jpg	KIP-837	manual	approved
ocr_dataset/unlabeled/plate_20260826_174531_643942_conf0.615.jpg	IDG-055	manual	approved
ocr_dataset/unlabeled/plate_20260826_174606_532151_conf0.693.jpg	PIN-496	manual	approved
ocr_dataset/unlabeled/plate_20260826_174617_093441_conf0.739.jpg	PIN-496	manual	approved
ocr_dataset/unlabeled/plate_20260826_174627_105919_conf0.696.jpg	PIN-496	manual	approved
ocr_dataset/unlabeled/plate_20260826_174702_043431_conf0.729.jpg	PIN-496	manual	approved
ocr_dataset/unlabeled/plate_20260826_174745_803529_conf0.591.jpg	SMJ-600	manual	approved
ocr_dataset/unlabeled/plate_20260826_174756_240726_conf0.718.jpg	SMJ-600	manual	approved
ocr_dataset/unlabeled/plate_20260826_174806_260416_conf0.706.jpg	SMJ-600	manual	approved
ocr_dataset/unlabeled/plate_20260826_174816_954105_conf0.803.jpg	PTR-797	manual	approved
ocr_dataset/unlabeled/plate_20260826_174839_950504_conf0.683.jpg	SMJ-600	manual	approved
ocr_dataset/unlabeled/plate_20260826_174918_173261_conf0.758.jpg	MYN-066	manual	approved
ocr_dataset/unlabeled/plate_20260826_175130_920002_conf0.714.jpg	SHB-580	manual	approved
ocr_dataset/unlabeled/plate_20260826_175155_755416_conf0.762.jpg	KNK-957	manual	approved
ocr_dataset/unlabeled/plate_20260826_175238_114781_conf0.742.jpg	NIE-150	manual	approved
ocr_dataset/unlabeled/plate_20260826_175249_763398_conf0.745.jpg	NIE-150	manual	approved
ocr_dataset/unlabeled/plate_20260826_175302_055215_conf0.728.jpg	NIE-150	manual	approved
ocr_dataset/unlabeled/plate_20260826_175312_765091_conf0.728.jpg	NIE-150	manual	approved
ocr_dataset/unlabeled/plate_20260826_175322_801740_conf0.763.jpg	NIE-150	manual	approved
ocr_dataset/unlabeled/plate_20260826_175332_815430_conf0.792.jpg	SWY-321	manual	approved
ocr_dataset/unlabeled/plate_20260826_175426_092799_conf0.819.jpg	JAF-775	manual	approved
ocr_dataset/unlabeled/plate_20260826_175436_105398_conf0.700.jpg	AOPN-522	0.0754	approved
ocr_dataset/unlabeled/plate_20260826_175458_887138_conf0.710.jpg	AOPN-522	0.0893	approved
ocr_dataset/unlabeled/plate_20260826_175509_317390_conf0.678.jpg	AOPN-522	0.0363	approved
ocr_dataset/unlabeled/plate_20260826_175546_571064_conf0.799.jpg	LTB-960	manual	approved
ocr_dataset/unlabeled/plate_20260826_175557_300902_conf0.834.jpg	LTB-960	manual	approved
ocr_dataset/unlabeled/plate_20260826_175607_392232_conf0.797.jpg	LTB-960	manual	approved
ocr_dataset/unlabeled/plate_20260826_175617_393644_conf0.799.jpg	LTB-960	manual	approved
ocr_dataset/unlabeled/plate_20260826_175628_128929_conf0.829.jpg	LTB-960	manual	approved
ocr_dataset/unlabeled/plate_20260826_175905_984292_conf0.707.jpg	RUS-667	manual	approved
ocr_dataset/unlabeled/plate_20260826_175947_061645_conf0.731.jpg	HSN-114	0.2835	approved
ocr_dataset/unlabeled/plate_20260826_175957_764611_conf0.694.jpg	GRT-774	0.0294	approved
ocr_dataset/unlabeled/plate_20260826_180040_794370_conf0.671.jpg	NGS-843	manual	approved
ocr_dataset/unlabeled/plate_20260826_180103_290127_conf0.288.jpg	43	manual	approved
ocr_dataset/unlabeled/plate_20260826_180113_957815_conf0.253.jpg	43	manual	approved
ocr_dataset/unlabeled/plate_20260826_180124_790404_conf0.713.jpg	NGS-843	manual	approved
ocr_dataset/unlabeled/plate_20260826_180134_827927_conf0.739.jpg	NGS-843	manual	approved
ocr_dataset/unlabeled/plate_20260826_180155_629748_conf0.706.jpg	TGH-910	manual	approved
ocr_dataset/unlabeled/plate_20260826_180206_739579_conf0.766.jpg	JAS-816	manual	approved
ocr_dataset/unlabeled/plate_20260826_180216_765828_conf0.687.jpg	LIG-180	manual	approved
ocr_dataset/unlabeled/plate_20260826_180227_598466_conf0.633.jpg	LIG-180	manual	approved
ocr_dataset/unlabeled/plate_20260826_180237_633639_conf0.626.jpg	LIG-180	manual	approved
ocr_dataset/unlabeled/plate_20260826_180251_425937_conf0.597.jpg	LIG-180	manual	approved
ocr_dataset/unlabeled/plate_20260826_180405_131062_conf0.681.jpg	THA-79	0.1209	approved
ocr_dataset/unlabeled/plate_20260826_180608_927187_conf0.791.jpg	SOW-607	manual	approved
ocr_dataset/unlabeled/plate_20260826_180621_120466_conf0.481.jpg	AEEA-393	0.1500	approved
ocr_dataset/unlabeled/plate_20260826_180711_363745_conf0.764.jpg	NGU-799	manual	approved
ocr_dataset/unlabeled/plate_20260826_180721_389032_conf0.694.jpg	NGU-799	manual	approved
ocr_dataset/unlabeled/plate_20260826_180732_167054_conf0.722.jpg	NGU-799	manual	approved
ocr_dataset/unlabeled/plate_20260826_180742_628506_conf0.427.jpg	NGU-799	manual	approved
ocr_dataset/unlabeled/plate_20260826_180752_642926_conf0.798.jpg	LNW-949	manual	approved
ocr_dataset/unlabeled/plate_20260826_180836_137359_conf0.728.jpg	NVC-322	manual	approved
ocr_dataset/unlabeled/plate_20260826_180846_152863_conf0.752.jpg	NVC-322	manual	approved
ocr_dataset/unlabeled/plate_20260826_180856_177687_conf0.762.jpg	NVC-322	manual	approved
ocr_dataset/unlabeled/plate_20260826_180906_976560_conf0.756.jpg	NVC-322	0.3562	approved
ocr_dataset/unlabeled/plate_20260826_180916_978969_conf0.763.jpg	JVY-205	0.7516	approved
ocr_dataset/unlabeled/plate_20260826_180927_016977_conf0.755.jpg	NVC-322	0.2387	approved
ocr_dataset/unlabeled/plate_20260826_181018_363276_conf0.685.jpg	ITG-036	0.0619	approved
ocr_dataset/unlabeled/plate_20260826_181029_238882_conf0.678.jpg	ITG-036	0.1440	approved
ocr_dataset/unlabeled/plate_20260826_181040_196422_conf0.675.jpg	ITG-036	0.1072	approved
ocr_dataset/unlabeled/plate_20260826_181051_000658_conf0.680.jpg	ITG-036	0.1035	approved
ocr_dataset/unlabeled/plate_20260826_181101_032613_conf0.677.jpg	ITG-036	0.4801	approved
ocr_dataset/unlabeled/plate_20260826_181111_044394_conf0.671.jpg	NKG-744	0.1731	approved
ocr_dataset/unlabeled/plate_20260826_181142_794707_conf0.751.jpg	KAK-674	0.0440	approved
ocr_dataset/unlabeled/plate_20260826_181213_627191_conf0.756.jpg	KAK-674	0.0594	approved
ocr_dataset/unlabeled/plate_20260826_181405_875232_conf0.720.jpg	DP-487	0.2167	approved
ocr_dataset/unlabeled/plate_20260826_181709_530229_conf0.712.jpg	MKE-788	0.7945	approved
ocr_dataset/unlabeled/plate_20260826_181735_539680_conf0.677.jpg	JYB-972	0.2785	approved
ocr_dataset/unlabeled/plate_20260826_181816_479067_conf0.693.jpg	HFC-639	0.0494	approved
ocr_dataset/unlabeled/plate_20260826_181829_723668_conf0.686.jpg	HFC-639	0.0642	approved
ocr_dataset/unlabeled/plate_20260826_181846_397408_conf0.570.jpg	HFC-639	0.0224	approved
ocr_dataset/unlabeled/plate_20260826_181952_588876_conf0.778.jpg	HEC-526	0.0849	approved
ocr_dataset/unlabeled/plate_20260826_182002_629696_conf0.724.jpg	AOGI-646	0.1772	approved
ocr_dataset/unlabeled/plate_20260826_182013_509177_conf0.805.jpg	HEC-526	0.9208	approved
ocr_dataset/unlabeled/plate_20260826_182023_543730_conf0.713.jpg	AOGI-646	0.1451	approved
ocr_dataset/unlabeled/plate_20260826_182044_457045_conf0.753.jpg	AECT-210	0.1615	approved
ocr_dataset/unlabeled/plate_20260826_182310_452911_conf0.745.jpg	TAG-410	0.1014	approved
ocr_dataset/unlabeled/plate_20260826_182320_479693_conf0.698.jpg	AQHS-088	0.0460	approved
ocr_dataset/unlabeled/plate_20260826_182349_861716_conf0.766.jpg	AQHS-088	0.0349	approved
ocr_dataset/unlabeled/plate_20260826_182505_515410_conf0.796.jpg	PJS-922	0.2697	approved
ocr_dataset/unlabeled/plate_20260826_182640_081347_conf0.732.jpg	HEV-98	0.3787	approved
ocr_dataset/unlabeled/plate_20260826_182650_985984_conf0.723.jpg	HEV-98	0.5473	approved
ocr_dataset/unlabeled/plate_20260826_182755_858213_conf0.253.jpg	ISM-47	0.1157	approved
ocr_dataset/unlabeled/plate_20260826_182806_047842_conf0.283.jpg	ISM-47	0.0780	approved
ocr_dataset/unlabeled/plate_20260826_183105_926373_conf0.759.jpg	THM-894	0.1124	approved
ocr_dataset/unlabeled/plate_20260826_183116_770257_conf0.765.jpg	NZE-802	0.5815	approved
ocr_dataset/unlabeled/plate_20260826_183126_866171_conf0.760.jpg	NZE-802	0.6926	approved
ocr_dataset/unlabeled/plate_20260826_183806_420510_conf0.758.jpg	J-446	0.9476	approved
ocr_dataset/unlabeled/plate_20260826_184209_908802_conf0.621.jpg	AOGI-582	0.1210	approved
ocr_dataset/unlabeled/plate_20260826_184229_943628_conf0.701.jpg	AOGI-582	0.0812	approved
ocr_dataset/unlabeled/plate_20260826_184240_880597_conf0.778.jpg	PNG-470	0.7264	approved
ocr_dataset/unlabeled/plate_20260826_184250_908143_conf0.780.jpg	PNG-470	0.2608	approved
ocr_dataset/unlabeled/plate_20260826_184300_937389_conf0.600.jpg	AOGI-582	0.1067	approved
ocr_dataset/unlabeled/plate_20260826_184443_887229_conf0.667.jpg	AEEN-922	0.3793	approved
ocr_dataset/unlabeled/plate_20260826_184843_325316_conf0.712.jpg	KBZ-730	0.3526	approved
ocr_dataset/unlabeled/plate_20260826_184907_852017_conf0.728.jpg	KBZ-730	0.5543	approved
ocr_dataset/unlabeled/plate_20260826_184918_507703_conf0.725.jpg	KBZ-730	0.3216	approved
ocr_dataset/unlabeled/plate_20260826_184928_546765_conf0.710.jpg	KBZ-730	0.0863	approved
ocr_dataset/unlabeled/plate_20260826_185235_017730_conf0.663.jpg	AAAF-649	0.1657	approved
ocr_dataset/unlabeled/plate_20260826_185344_181127_conf0.803.jpg	AEGJ-836	0.0502	approved
ocr_dataset/unlabeled/plate_20260826_185354_203435_conf0.805.jpg	AEGJ-836	0.0587	approved
ocr_dataset/unlabeled/plate_20260826_185404_239096_conf0.804.jpg	AEGJ-836	0.1570	approved
ocr_dataset/unlabeled/plate_20260826_185720_149517_conf0.726.jpg	TGD-202	0.7905	approved
ocr_dataset/unlabeled/plate_20260826_185826_262785_conf0.754.jpg	PSG-833	0.4982	approved
ocr_dataset/unlabeled/plate_20260826_185848_116571_conf0.773.jpg	PSG-833	0.1056	approved
ocr_dataset/unlabeled/plate_20260826_190004_695404_conf0.759.jpg	POH-001	0.1432	approved
ocr_dataset/unlabeled/plate_20260826_190027_240816_conf0.754.jpg	POH-001	0.2488	approved
ocr_dataset/unlabeled/plate_20260826_190037_296012_conf0.685.jpg	AAED-655	0.0941	approved
ocr_dataset/unlabeled/plate_20260826_190145_638751_conf0.811.jpg	AACS-806	0.0883	approved
ocr_dataset/unlabeled/plate_20260826_190157_387473_conf0.789.jpg	AACS-806	0.1185	approved
ocr_dataset/unlabeled/plate_20260826_190257_088156_conf0.268.jpg	SFZ-79	0.4204	approved
ocr_dataset/unlabeled/plate_20260826_190313_699556_conf0.266.jpg	SFZ-79	0.3335	approved
ocr_dataset/unlabeled/plate_20260826_190324_336438_conf0.251.jpg	SFZ-79	0.3456	approved
ocr_dataset/unlabeled/plate_20260826_190338_335280_conf0.274.jpg	SFZ-79	0.2701	approved
ocr_dataset/unlabeled/plate_20260826_190356_062085_conf0.265.jpg	SFZ-79	0.1017	approved
ocr_dataset/unlabeled/plate_20260826_190507_472424_conf0.789.jpg	JAR-976	0.2568	approved
ocr_dataset/unlabeled/plate_20260826_190800_834147_conf0.753.jpg	NWW-326	0.3898	approved
ocr_dataset/unlabeled/plate_20260826_190938_289197_conf0.655.jpg	AQGA-275	0.2501	approved
ocr_dataset/unlabeled/plate_20260826_190953_453846_conf0.747.jpg	AQGA-275	0.0275	approved
ocr_dataset/unlabeled/plate_20260826_191549_252181_conf0.674.jpg	KUD-091	0.0281	approved
ocr_dataset/unlabeled/plate_20260826_191559_281417_conf0.710.jpg	KUD-091	0.7322	approved
ocr_dataset/unlabeled/plate_20260826_191639_620770_conf0.685.jpg	KUD-091	0.0944	approved
ocr_dataset/unlabeled/plate_20260826_191925_726716_conf0.741.jpg	NDH-301	0.2562	approved
ocr_dataset/unlabeled/plate_20260826_191935_759295_conf0.744.jpg	NDH-301	0.2597	approved
ocr_dataset/unlabeled/plate_20260826_192411_595997_conf0.770.jpg	NTN-656	0.0767	approved
ocr_dataset/unlabeled/plate_20260826_192421_625569_conf0.762.jpg	NTN-656	0.0976	approved
ocr_dataset/unlabeled/plate_20260826_192546_072487_conf0.783.jpg	AIIC-946	0.3643	approved
ocr_dataset/unlabeled/plate_20260826_192838_644756_conf0.621.jpg	RBC-563	0.0559	approved
ocr_dataset/unlabeled/plate_20260826_192848_668982_conf0.737.jpg	RBC-563	0.1142	approved
ocr_dataset/unlabeled/plate_20260826_192858_681487_conf0.694.jpg	RBC-563	0.4599	approved
ocr_dataset/unlabeled/plate_20260826_193026_146797_conf0.694.jpg	NKG-705	0.1904	approved
ocr_dataset/unlabeled/plate_20260826_193036_173752_conf0.726.jpg	NKG-705	0.1750	approved
ocr_dataset/unlabeled/plate_20260826_193056_329917_conf0.732.jpg	NKG-705	0.1992	approved
ocr_dataset/unlabeled/plate_20260826_193106_366774_conf0.723.jpg	NKG-705	0.1290	approved
ocr_dataset/unlabeled/plate_20260826_193520_122160_conf0.687.jpg	AEBI-806	0.2242	approved
ocr_dataset/unlabeled/plate_20260826_193530_125205_conf0.644.jpg	AEBI-806	0.2017	approved
ocr_dataset/unlabeled/plate_20260826_193541_364407_conf0.675.jpg	AEBI-806	0.2313	approved
ocr_dataset/unlabeled/plate_20260826_193631_783855_conf0.724.jpg	ZT-454	0.1803	approved
ocr_dataset/unlabeled/plate_20260826_193847_172472_conf0.749.jpg	PJY-203	0.3400	approved
ocr_dataset/unlabeled/plate_20260826_194319_263526_conf0.722.jpg	TXAJ-231	0.0378	approved
ocr_dataset/unlabeled/plate_20260826_195955_510864_conf0.709.jpg	JBM-103	0.1213	approved
ocr_dataset/unlabeled/plate_20260826_200731_791534_conf0.417.jpg	RLB-586	0.1560	approved
ocr_dataset/unlabeled/plate_20260826_200743_393115_conf0.259.jpg	RLB-586	0.0292	approved
ocr_dataset/unlabeled/plate_20260826_201339_436814_conf0.741.jpg	NTC-931	0.1433	approved
ocr_dataset/unlabeled/plate_20260826_202500_916869_conf0.753.jpg	SNU-574	0.2310	approved
ocr_dataset/unlabeled/plate_20260826_202512_347802_conf0.761.jpg	SNU-574	0.2278	approved
ocr_dataset/unlabeled/plate_20260826_202649_670675_conf0.780.jpg	ILX-125	0.1117	approved
ocr_dataset/unlabeled/plate_20260826_213408_254280_conf0.756.jpg	370	0.1066	approved
ocr_dataset/unlabeled/plate_20260826_213512_705111_conf0.741.jpg	LHP-075	0.2646	approved
ocr_dataset/unlabeled/plate_20260826_213522_725397_conf0.764.jpg	LHP-075	0.2074	approved
ocr_dataset/unlabeled/plate_20260826_213532_733456_conf0.726.jpg	LHP-075	0.1066	approved
ocr_dataset/unlabeled/plate_20260827_084254_842181_conf0.793.jpg	SIV-256	0.3483	approved
ocr_dataset/unlabeled/plate_20260827_084306_142169_conf0.754.jpg	AOFE-223	0.0925	approved
ocr_dataset/unlabeled/plate_20260827_084346_539347_conf0.792.jpg	AIKQ-455	0.4475	approved
ocr_dataset/unlabeled/plate_20260827_084430_651148_conf0.778.jpg	IRP-120	0.1202	approved
ocr_dataset/unlabeled/plate_20260827_084442_804602_conf0.729.jpg	AAJY-157	0.4720	approved
ocr_dataset/unlabeled/plate_20260827_084453_976041_conf0.768.jpg	KKT-680	0.9893	approved
ocr_dataset/unlabeled/plate_20260827_084551_474002_conf0.723.jpg	SFW-43	0.0264	approved
ocr_dataset/unlabeled/plate_20260827_084601_541936_conf0.737.jpg	SFW-43	0.0243	approved
ocr_dataset/unlabeled/plate_20260827_084649_430535_conf0.672.jpg	RHH-316	0.1395	approved
ocr_dataset/unlabeled/plate_20260827_084704_684969_conf0.727.jpg	IUC-755	0.6250	approved
ocr_dataset/unlabeled/plate_20260827_084743_457378_conf0.787.jpg	JWC-941	0.1608	approved
ocr_dataset/unlabeled/plate_20260827_084753_502765_conf0.732.jpg	KG-171	0.8956	approved
ocr_dataset/unlabeled/plate_20260827_084847_389264_conf0.702.jpg	AIEE-665	0.1936	approved
ocr_dataset/unlabeled/plate_20260827_084927_990878_conf0.737.jpg	SUZ-085	0.0492	approved
ocr_dataset/unlabeled/plate_20260827_084938_118793_conf0.807.jpg	RCG-078	0.4612	approved
ocr_dataset/unlabeled/plate_20260827_085031_273343_conf0.732.jpg	PWB-461	0.2756	approved
ocr_dataset/unlabeled/plate_20260827_085041_288803_conf0.752.jpg	PWB-461	0.6832	approved
ocr_dataset/unlabeled/plate_20260827_085056_088322_conf0.779.jpg	AOQG-100	0.0243	approved
ocr_dataset/unlabeled/plate_20260827_085106_671692_conf0.666.jpg	RCG-361	0.2448	approved
ocr_dataset/unlabeled/plate_20260827_085133_145827_conf0.696.jpg	NUX-976	0.1044	approved
ocr_dataset/unlabeled/plate_20260827_085145_322245_conf0.757.jpg	POS-688	0.3339	approved
ocr_dataset/unlabeled/plate_20260827_085156_696323_conf0.770.jpg	SIG-092	0.1674	approved
ocr_dataset/unlabeled/plate_20260827_085208_982697_conf0.813.jpg	SIG-092	0.1993	approved
ocr_dataset/unlabeled/plate_20260827_085218_988571_conf0.793.jpg	SIG-092	0.4609	approved
ocr_dataset/unlabeled/plate_20260827_085229_941923_conf0.737.jpg	IFV-691	0.7510	approved
ocr_dataset/unlabeled/plate_20260827_085350_526362_conf0.697.jpg	RKR-541	0.2308	approved
ocr_dataset/unlabeled/plate_20260827_085403_794965_conf0.775.jpg	RKR-541	0.2300	approved
ocr_dataset/unlabeled/plate_20260827_085424_857129_conf0.645.jpg	RDP-217	0.1049	approved
ocr_dataset/unlabeled/plate_20260827_085508_628506_conf0.789.jpg	IBH-479	0.4135	approved
ocr_dataset/unlabeled/plate_20260827_085518_633443_conf0.311.jpg	IBH-	0.1189	approved
ocr_dataset/unlabeled/plate_20260827_085532_075874_conf0.328.jpg	IBH-	0.2666	approved
ocr_dataset/unlabeled/plate_20260827_085543_617376_conf0.751.jpg	TGK-106	0.0880	approved
ocr_dataset/unlabeled/plate_20260827_085631_179958_conf0.747.jpg	LBZ-385	0.3195	approved
ocr_dataset/unlabeled/plate_20260827_085643_943706_conf0.572.jpg	AUBY-463	0.1598	approved
ocr_dataset/unlabeled/plate_20260827_085722_383632_conf0.672.jpg	NJH-810	0.1015	approved
ocr_dataset/unlabeled/plate_20260827_085824_216621_conf0.766.jpg	AAJH-166	0.1058	approved
ocr_dataset/unlabeled/plate_20260827_085847_094003_conf0.781.jpg	AAJH-166	0.0552	approved
ocr_dataset/unlabeled/plate_20260827_085901_425075_conf0.776.jpg	JXX-646	0.1727	approved
ocr_dataset/unlabeled/plate_20260827_085940_738934_conf0.742.jpg	NMW-424	0.5500	approved
ocr_dataset/unlabeled/plate_20260827_090030_414097_conf0.773.jpg	AICF-554	0.1535	approved
ocr_dataset/unlabeled/plate_20260827_090042_727373_conf0.760.jpg	SDS-570	0.1875	approved
ocr_dataset/unlabeled/plate_20260827_090105_813116_conf0.773.jpg	RWU-617	0.0521	approved
ocr_dataset/unlabeled/plate_20260827_090122_601391_conf0.778.jpg	NXV-058	0.0573	approved
ocr_dataset/unlabeled/plate_20260827_090132_613911_conf0.782.jpg	PXX-204	0.7917	approved
ocr_dataset/unlabeled/plate_20260827_090142_702172_conf0.802.jpg	PXX-204	0.6943	approved
ocr_dataset/unlabeled/plate_20260827_090155_035114_conf0.803.jpg	PXX-204	0.4866	approved
ocr_dataset/unlabeled/plate_20260827_090205_065374_conf0.763.jpg	PXX-204	0.5713	approved
ocr_dataset/unlabeled/plate_20260827_090215_206045_conf0.803.jpg	NCT-717	0.1482	approved
ocr_dataset/unlabeled/plate_20260827_090406_648457_conf0.740.jpg	JVK-099	0.0649	approved
ocr_dataset/unlabeled/plate_20260827_090457_831483_conf0.817.jpg	AOHY-625	0.4362	approved
ocr_dataset/unlabeled/plate_20260827_090521_077479_conf0.302.jpg	AIEH-374	0.0990	approved
ocr_dataset/unlabeled/plate_20260827_090531_113392_conf0.778.jpg	MLL-002	0.4674	approved
ocr_dataset/unlabeled/plate_20260827_090614_719637_conf0.744.jpg	LNX-643	0.1384	approved
ocr_dataset/unlabeled/plate_20260827_090703_125647_conf0.778.jpg	AOAV-605	0.1506	approved
ocr_dataset/unlabeled/plate_20260827_090713_247666_conf0.749.jpg	HOT-796	0.1415	approved
ocr_dataset/unlabeled/plate_20260827_090723_911777_conf0.721.jpg	PGC-434	0.4133	approved
ocr_dataset/unlabeled/plate_20260827_090744_106542_conf0.798.jpg	AILL-895	0.0501	approved
ocr_dataset/unlabeled/plate_20260827_090921_007298_conf0.772.jpg	LPT-291	0.3102	approved
ocr_dataset/unlabeled/plate_20260827_091010_360435_conf0.794.jpg	LBT-490	0.9750	approved
ocr_dataset/unlabeled/plate_20260827_091024_018092_conf0.730.jpg	KZC-433	0.1578	approved
ocr_dataset/unlabeled/plate_20260827_091046_722692_conf0.801.jpg	AALL-665	0.1369	approved
ocr_dataset/unlabeled/plate_20260827_091219_868943_conf0.773.jpg	AIJZ-318	0.3854	approved
ocr_dataset/unlabeled/plate_20260827_091259_348222_conf0.752.jpg	LHE-569	0.0890	approved
ocr_dataset/unlabeled/plate_20260827_091309_349167_conf0.730.jpg	LHE-569	0.4898	approved
ocr_dataset/unlabeled/plate_20260827_091320_659339_conf0.775.jpg	PDR-388	0.1866	approved
ocr_dataset/unlabeled/plate_20260827_091338_096622_conf0.568.jpg	HWP-856	0.0318	approved
ocr_dataset/unlabeled/plate_20260827_091517_385325_conf0.711.jpg	MHJ-578	0.1097	approved
ocr_dataset/unlabeled/plate_20260827_091544_552531_conf0.754.jpg	MYX-851	0.0593	approved
ocr_dataset/unlabeled/plate_20260827_091554_581469_conf0.791.jpg	LLU-847	0.3449	approved
ocr_dataset/unlabeled/plate_20260827_091605_326906_conf0.774.jpg	LLU-847	0.2600	approved
ocr_dataset/unlabeled/plate_20260827_091615_357212_conf0.783.jpg	LLU-847	0.2255	approved
ocr_dataset/unlabeled/plate_20260827_091625_365958_conf0.783.jpg	LLU-847	0.1150	approved
ocr_dataset/unlabeled/plate_20260827_091648_182708_conf0.719.jpg	MTS-755	0.0890	approved
ocr_dataset/unlabeled/plate_20260827_091704_085815_conf0.739.jpg	ITG-842	0.1512	approved
ocr_dataset/unlabeled/plate_20260827_091717_536950_conf0.722.jpg	GAW-050	0.7047	approved
ocr_dataset/unlabeled/plate_20260827_091747_854757_conf0.747.jpg	AEJY-460	0.2396	approved
ocr_dataset/unlabeled/plate_20260827_091816_943125_conf0.775.jpg	NGN-901	0.2258	approved
ocr_dataset/unlabeled/plate_20260827_091835_751438_conf0.688.jpg	SAS-058	0.2014	approved
ocr_dataset/unlabeled/plate_20260827_091923_013566_conf0.586.jpg	SXJ- 0.2526	approved
ocr_dataset/unlabeled/plate_20260827_091933_042241_conf0.739.jpg	SXJ-61	0.1705	approved
ocr_dataset/unlabeled/plate_20260827_091946_662300_conf0.790.jpg	MYG-207	0.2048	approved
ocr_dataset/unlabeled/plate_20260827_092013_447300_conf0.665.jpg	IRP-634	0.2134	approved
ocr_dataset/unlabeled/plate_20260827_092115_621389_conf0.676.jpg	AODD-823	0.1692	approved
ocr_dataset/unlabeled/plate_20260827_092125_893973_conf0.779.jpg	AOFR-413	0.9160	approved
ocr_dataset/unlabeled/plate_20260827_092136_626075_conf0.537.jpg	KCR-772	0.0978	approved
ocr_dataset/unlabeled/plate_20260827_092204_618249_conf0.749.jpg	LXC-378	0.1380	approved
ocr_dataset/unlabeled/plate_20260827_092228_247250_conf0.814.jpg	AUDG-306	0.2148	approved
ocr_dataset/unlabeled/plate_20260827_092254_034461_conf0.724.jpg	DG-306	0.1444	approved
ocr_dataset/unlabeled/plate_20260827_092346_516444_conf0.771.jpg	TFH-628	0.1231	approved
ocr_dataset/unlabeled/plate_20260827_092441_015129_conf0.762.jpg	AALJ-811	0.4621	approved
ocr_dataset/unlabeled/plate_20260827_092452_188533_conf0.662.jpg	PIY-412	0.1386	approved
ocr_dataset/unlabeled/plate_20260827_092508_965377_conf0.713.jpg	PLY-037	0.0302	approved
ocr_dataset/unlabeled/plate_20260827_092606_425669_conf0.775.jpg	SZJ-450	0.6522	approved
ocr_dataset/unlabeled/plate_20260827_092746_334637_conf0.773.jpg	MWK-409	0.1632	approved
ocr_dataset/unlabeled/plate_20260827_092757_819895_conf0.783.jpg	PZE-878	0.4974	approved
ocr_dataset/unlabeled/plate_20260827_092838_710609_conf0.784.jpg	NSW-962	0.1470	approved
ocr_dataset/unlabeled/plate_20260827_092848_942181_conf0.767.jpg	PLN-348	0.1380	approved
ocr_dataset/unlabeled/plate_20260827_092858_967557_conf0.667.jpg	PLN-3	0.3782	approved
ocr_dataset/unlabeled/plate_20260827_092925_880881_conf0.733.jpg	NGN-826	0.1251	approved
ocr_dataset/unlabeled/plate_20260827_093054_458325_conf0.701.jpg	AAEL-290	0.3451	approved
ocr_dataset/unlabeled/plate_20260827_093130_485635_conf0.733.jpg	PHK-874	0.1065	approved
ocr_dataset/unlabeled/plate_20260827_093245_144936_conf0.769.jpg	SPT-298	0.1362	approved
ocr_dataset/unlabeled/plate_20260827_093308_006823_conf0.723.jpg	AUBY-463	0.1064	approved
ocr_dataset/unlabeled/plate_20260827_093408_409801_conf0.731.jpg	NJF-345	0.3042	review
ocr_dataset/unlabeled/plate_20260827_093418_426913_conf0.619.jpg	AEEU-304	0.2490	approved
ocr_dataset/unlabeled/plate_20260827_093454_723777_conf0.712.jpg	KGU-094	0.0612	approved
ocr_dataset/unlabeled/plate_20260827_093518_654407_conf0.722.jpg	SYK-916	0.0612	approved
ocr_dataset/unlabeled/plate_20260827_093545_246316_conf0.750.jpg	PTW-109	0.2082	approved
ocr_dataset/unlabeled/plate_20260827_093556_926322_conf0.719.jpg	SYK-916	0.3073	approved
ocr_dataset/unlabeled/plate_20260827_093606_981802_conf0.499.jpg	IBY-202	0.2356	approved
ocr_dataset/unlabeled/plate_20260827_093721_694251_conf0.771.jpg	NHS-523	0.4162	approved
ocr_dataset/unlabeled/plate_20260827_093734_359687_conf0.748.jpg	KCE-669	0.9207	approved
ocr_dataset/unlabeled/plate_20260827_093807_882896_conf0.788.jpg	RSZ-997	0.2364	approved
ocr_dataset/unlabeled/plate_20260827_093856_844223_conf0.723.jpg	TAP-311	0.9958	approved
ocr_dataset/unlabeled/plate_20260827_093945_472244_conf0.617.jpg	TAK-612	0.4162	approved
ocr_dataset/unlabeled/plate_20260827_094031_838995_conf0.756.jpg	SVU-441	0.0291	approved
ocr_dataset/unlabeled/plate_20260827_094046_755304_conf0.706.jpg	AAJT-175	0.0783	approved
ocr_dataset/unlabeled/plate_20260827_094217_932250_conf0.798.jpg	IVM-687	0.1075	approved
ocr_dataset/unlabeled/plate_20260827_094227_962287_conf0.683.jpg	JCS-632	0.0615	approved
ocr_dataset/unlabeled/plate_20260827_094312_852418_conf0.729.jpg	LWF-440	0.2270	approved
ocr_dataset/unlabeled/plate_20260827_094322_864605_conf0.750.jpg	LWF-440	0.0982	approved
ocr_dataset/unlabeled/plate_20260827_094341_356902_conf0.754.jpg	LWF-440	0.1125	approved
ocr_dataset/unlabeled/plate_20260827_094403_517045_conf0.667.jpg	RKS-570	0.1360	approved
ocr_dataset/unlabeled/plate_20260827_094432_368130_conf0.732.jpg	RVX-371	0.1469	approved
ocr_dataset/unlabeled/plate_20260827_094543_370521_conf0.751.jpg	IIV-602	0.5131	approved
ocr_dataset/unlabeled/plate_20260827_094553_629330_conf0.770.jpg	SYW-010	0.1436	approved
ocr_dataset/unlabeled/plate_20260827_094603_663092_conf0.783.jpg	MFE-394	0.3660	approved
ocr_dataset/unlabeled/plate_20260827_094627_748800_conf0.778.jpg	AIHD-879	0.4105	approved
ocr_dataset/unlabeled/plate_20260827_094724_169881_conf0.696.jpg	PPM-483	0.0902	approved
ocr_dataset/unlabeled/plate_20260827_094830_260308_conf0.787.jpg	SHB-573	0.3482	approved
ocr_dataset/unlabeled/plate_20260827_094844_352712_conf0.729.jpg	JWN-779	0.0858	approved
ocr_dataset/unlabeled/plate_20260827_094854_433656_conf0.696.jpg	NAU-481	0.1885	approved
ocr_dataset/unlabeled/plate_20260827_094923_682073_conf0.677.jpg	HAC-395	0.1583	approved
ocr_dataset/unlabeled/plate_20260827_094948_985330_conf0.713.jpg	HAC-395	0.1806	approved
ocr_dataset/unlabeled/plate_20260827_095007_094699_conf0.607.jpg	GUR-25	0.1424	approved
ocr_dataset/unlabeled/plate_20260827_095017_180216_conf0.330.jpg	HAC-395	0.3145	approved
ocr_dataset/unlabeled/plate_20260827_095027_559383_conf0.751.jpg	MXY-025	0.2149	approved
ocr_dataset/unlabeled/plate_20260827_095050_134391_conf0.608.jpg	KIG-912	0.0400	approved
ocr_dataset/unlabeled/plate_20260827_095112_692910_conf0.758.jpg	AAGT-825	0.2811	approved
ocr_dataset/unlabeled/plate_20260827_095122_694392_conf0.770.jpg	AAGT-825	0.2561	approved
ocr_dataset/unlabeled/plate_20260827_095142_968338_conf0.763.jpg	AAGT-825	0.1370	approved
ocr_dataset/unlabeled/plate_20260827_095209_187184_conf0.664.jpg	RYS-773	0.0988	approved
ocr_dataset/unlabeled/plate_20260827_095221_589962_conf0.624.jpg	MPE-952	0.0515	approved
ocr_dataset/unlabeled/plate_20260827_095239_638661_conf0.795.jpg	LFJ-112	0.0850	approved
ocr_dataset/unlabeled/plate_20260827_095345_704800_conf0.281.jpg	SGZ-931	0.1121	approved
ocr_dataset/unlabeled/plate_20260827_095407_739519_conf0.756.jpg	LRV-539	0.2117	approved
ocr_dataset/unlabeled/plate_20260827_095456_170758_conf0.736.jpg	JJF-901	0.4159	approved
ocr_dataset/unlabeled/plate_20260827_095506_198493_conf0.792.jpg	NCJ-533	0.3014	approved
ocr_dataset/unlabeled/plate_20260827_095518_013346_conf0.739.jpg	NYD-102	0.0470	approved
ocr_dataset/unlabeled/plate_20260827_095547_135677_conf0.778.jpg	KNE-753	0.0839	approved
ocr_dataset/unlabeled/plate_20260827_095632_561905_conf0.769.jpg	RVF-041	0.6196	approved
ocr_dataset/unlabeled/plate_20260827_095642_586937_conf0.797.jpg	SAM-615	0.0589	approved
ocr_dataset/unlabeled/plate_20260827_095653_489143_conf0.760.jpg	NVK-697	0.0845	approved
ocr_dataset/unlabeled/plate_20260827_095809_799642_conf0.756.jpg	KMG-693	0.2448	approved
ocr_dataset/unlabeled/plate_20260827_095834_651393_conf0.757.jpg	NCC-874	0.1061	approved
ocr_dataset/unlabeled/plate_20260827_095845_733899_conf0.667.jpg	AOLQ-464	0.0459	approved
ocr_dataset/unlabeled/plate_20260827_095909_869279_conf0.780.jpg	SBC-044	0.2560	approved
ocr_dataset/unlabeled/plate_20260827_095943_651671_conf0.708.jpg	AIFK	0.1183	approved
ocr_dataset/unlabeled/plate_20260827_095953_682610_conf0.763.jpg	STB-469	0.2142	approved
ocr_dataset/unlabeled/plate_20260827_100006_345591_conf0.769.jpg	AEBJ-553	0.1730	approved
ocr_dataset/unlabeled/plate_20260827_100018_075431_conf0.760.jpg	RWF-683	0.1375	approved
ocr_dataset/unlabeled/plate_20260827_100031_555202_conf0.766.jpg	PAA-467	0.1948	approved
ocr_dataset/unlabeled/plate_20260827_100100_101977_conf0.643.jpg	AOPE-785	0.2009	approved
ocr_dataset/unlabeled/plate_20260827_100117_884187_conf0.625.jpg	PE-785	0.1439	approved
ocr_dataset/unlabeled/plate_20260827_100233_202443_conf0.776.jpg	SOD-667	0.5068	approved
ocr_dataset/unlabeled/plate_20260827_100243_210201_conf0.732.jpg	SOD-667	0.2567	approved
ocr_dataset/unlabeled/plate_20260827_100254_621473_conf0.732.jpg	SOD-667	0.2663	approved
ocr_dataset/unlabeled/plate_20260827_100321_051655_conf0.715.jpg	MXC-928	0.4193	approved
ocr_dataset/unlabeled/plate_20260827_100505_511399_conf0.694.jpg	RVE-626	0.4183	approved
ocr_dataset/unlabeled/plate_20260827_100549_933516_conf0.780.jpg	AECQ-257	0.1160	approved
ocr_dataset/unlabeled/plate_20260827_100600_939291_conf0.772.jpg	AECQ-257	0.1344	approved
ocr_dataset/unlabeled/plate_20260827_100629_515092_conf0.710.jpg	TBN-896	0.0397	approved
ocr_dataset/unlabeled/plate_20260827_100640_060174_conf0.753.jpg	IYL-144	0.3608	approved
ocr_dataset/unlabeled/plate_20260827_100751_487886_conf0.738.jpg	ZK-923	0.8135	approved
ocr_dataset/unlabeled/plate_20260827_100802_138384_conf0.791.jpg	AAJG-279	0.9768	approved
ocr_dataset/unlabeled/plate_20260827_100818_313584_conf0.740.jpg	PWD-422	0.1466	approved
ocr_dataset/unlabeled/plate_20260827_100835_938478_conf0.738.jpg	AOOD-050	0.3674	approved
ocr_dataset/unlabeled/plate_20260827_100922_740859_conf0.695.jpg	AACS-948	0.4333	approved
ocr_dataset/unlabeled/plate_20260827_100942_799007_conf0.783.jpg	KKT 617	0.3778	approved
ocr_dataset/unlabeled/plate_20260827_100952_927768_conf0.776.jpg	LLU-033	0.3318	approved
ocr_dataset/unlabeled/plate_20260827_101121_165878_conf0.660.jpg	SMY-588	0.0402	approved
ocr_dataset/unlabeled/plate_20260827_101149_732890_conf0.762.jpg	SFY-420	0.0216	approved
ocr_dataset/unlabeled/plate_20260827_101245_540176_conf0.737.jpg	SZM-975	0.2605	approved
ocr_dataset/unlabeled/plate_20260827_101300_140700_conf0.780.jpg	AAEL-269	0.1276	approved
ocr_dataset/unlabeled/plate_20260827_101325_877359_conf0.784.jpg	NCT-278	0.1378	approved
ocr_dataset/unlabeled/plate_20260827_101335_912579_conf0.741.jpg	NCT-278	0.1083	approved
ocr_dataset/unlabeled/plate_20260827_101345_958539_conf0.773.jpg	NCT-278	0.0509	approved
ocr_dataset/unlabeled/plate_20260827_101355_990305_conf0.772.jpg	NCT-278	0.2326	approved
ocr_dataset/unlabeled/plate_20260827_101406_068545_conf0.774.jpg	NCT-278	0.4304	approved
ocr_dataset/unlabeled/plate_20260827_101417_191513_conf0.795.jpg	SUW-478	0.2992	approved
ocr_dataset/unlabeled/plate_20260827_101433_964043_conf0.720.jpg	HPG-587	0.2092	approved
ocr_dataset/unlabeled/plate_20260827_101510_538095_conf0.558.jpg	RPX-39	0.3813	approved
ocr_dataset/unlabeled/plate_20260827_101544_797447_conf0.791.jpg	AOSM-234	0.2611	approved
ocr_dataset/unlabeled/plate_20260827_101554_805074_conf0.765.jpg	TDZ-287	0.1326	approved
ocr_dataset/unlabeled/plate_20260827_101606_013414_conf0.779.jpg	PYE-323	0.4936	approved
ocr_dataset/unlabeled/plate_20260827_101640_401298_conf0.758.jpg	AEKS-893	0.1736	approved
ocr_dataset/unlabeled/plate_20260827_101800_512010_conf0.672.jpg	RFF-644	0.3082	approved
ocr_dataset/unlabeled/plate_20260827_101810_544050_conf0.706.jpg	LVH-512	0.8753	approved
ocr_dataset/unlabeled/plate_20260827_101829_110502_conf0.782.jpg	SDS-343	0.1812	approved
ocr_dataset/unlabeled/plate_20260827_101839_118933_conf0.782.jpg	SDS-343	0.2006	approved
ocr_dataset/unlabeled/plate_20260827_101849_397309_conf0.729.jpg	LVH-512	0.4135	approved
ocr_dataset/unlabeled/plate_20260827_101859_425324_conf0.690.jpg	LVH-512	0.3980	approved
ocr_dataset/unlabeled/plate_20260827_101910_203164_conf0.670.jpg	LVH-512	0.1490	approved
ocr_dataset/unlabeled/plate_20260827_102006_245387_conf0.801.jpg	MUN-624	0.1379	approved
ocr_dataset/unlabeled/plate_20260827_102016_249269_conf0.782.jpg	MUN-624	0.1940	approved
ocr_dataset/unlabeled/plate_20260827_102026_288303_conf0.784.jpg	MUN-624	0.2279	approved
ocr_dataset/unlabeled/plate_20260827_102137_533472_conf0.743.jpg	HYZ-586	0.3950	approved
ocr_dataset/unlabeled/plate_20260827_102220_518492_conf0.703.jpg	HYZ-586	0.2339	approved
ocr_dataset/unlabeled/plate_20260827_102253_375552_conf0.706.jpg	IHC-630	0.1316	approved
ocr_dataset/unlabeled/plate_20260827_102319_248293_conf0.767.jpg	JVY-205	0.0630	approved
ocr_dataset/unlabeled/plate_20260827_102329_260274_conf0.781.jpg	JVY-205	0.6023	approved
ocr_dataset/unlabeled/plate_20260827_102353_670111_conf0.741.jpg	KSD-287	0.5242	approved
ocr_dataset/unlabeled/plate_20260827_102403_708827_conf0.758.jpg	JVX-521	0.2944	approved
ocr_dataset/unlabeled/plate_20260827_102434_966948_conf0.789.jpg	IYZ-438	0.2193	approved
ocr_dataset/unlabeled/plate_20260827_102446_369943_conf0.734.jpg	ITW-518	0.5008	approved
ocr_dataset/unlabeled/plate_20260827_102516_370686_conf0.784.jpg	ITW-518	0.1644	approved
ocr_dataset/unlabeled/plate_20260827_102537_720587_conf0.706.jpg	TFG-410	0.0000	approved
ocr_dataset/unlabeled/plate_20260827_102556_923017_conf0.702.jpg	PWM-906	0.3306	approved
ocr_dataset/unlabeled/plate_20260827_102607_814437_conf0.756.jpg	SPT-439	0.0734	approved
ocr_dataset/unlabeled/plate_20260827_102630_945989_conf0.800.jpg	NXT-760	0.0580	approved
ocr_dataset/unlabeled/plate_20260827_102656_375418_conf0.791.jpg	AIDM-110	0.0000	approved
ocr_dataset/unlabeled/plate_20260827_102753_873685_conf0.735.jpg	SZJ-518	0.1140	approved
ocr_dataset/unlabeled/plate_20260827_102856_739925_conf0.701.jpg	IOU-060	0.1564	approved
ocr_dataset/unlabeled/plate_20260827_102909_099568_conf0.587.jpg	TDV-395	0.1053	approved
ocr_dataset/unlabeled/plate_20260827_103032_962182_conf0.735.jpg	AEGT-443	0.1192	approved
ocr_dataset/unlabeled/plate_20260827_103052_349497_conf0.750.jpg	SZE-428	0.1067	approved
ocr_dataset/unlabeled/plate_20260827_103113_055905_conf0.746.jpg	TXAI-556	0.2539	approved
ocr_dataset/unlabeled/plate_20260827_103123_160225_conf0.744.jpg	TXAI-556	0.3448	approved
ocr_dataset/unlabeled/plate_20260827_103133_170762_conf0.722.jpg	TXAI-556	0.5787	approved
ocr_dataset/unlabeled/plate_20260827_103143_942548_conf0.770.jpg	MBB-881	0.3863	approved
ocr_dataset/unlabeled/plate_20260827_103156_932039_conf0.691.jpg	PER-528	0.1167	approved
ocr_dataset/unlabeled/plate_20260827_103207_573274_conf0.741.jpg	PMW-143	0.1470	approved
ocr_dataset/unlabeled/plate_20260827_103247_415386_conf0.724.jpg	NBX-090	0.2318	approved
ocr_dataset/unlabeled/plate_20260827_103257_429189_conf0.721.jpg	NBX-090	0.3150	approved
ocr_dataset/unlabeled/plate_20260827_103307_431646_conf0.718.jpg	NBX-090	0.6101	approved
ocr_dataset/unlabeled/plate_20260827_103317_445264_conf0.724.jpg	NBX-090	0.4016	approved
ocr_dataset/unlabeled/plate_20260827_103327_483269_conf0.606.jpg	SNV-326	0.1429	approved
ocr_dataset/unlabeled/plate_20260827_103341_616344_conf0.676.jpg	JLR-329	0.2795	approved
ocr_dataset/unlabeled/plate_20260827_103410_572778_conf0.769.jpg	AAFR-686	0.1371	approved
ocr_dataset/unlabeled/plate_20260827_103428_616536_conf0.766.jpg	NTN-842	0.1565	approved
ocr_dataset/unlabeled/plate_20260827_103457_340022_conf0.733.jpg	AEKS-093	0.1130	approved
ocr_dataset/unlabeled/plate_20260827_103510_460604_conf0.781.jpg	RIR-348	0.0788	approved
ocr_dataset/unlabeled/plate_20260827_103521_939817_conf0.536.jpg	TDY-198	0.0320	approved
ocr_dataset/unlabeled/plate_20260827_103542_365980_conf0.769.jpg	AOHP-561	0.1648	approved
ocr_dataset/unlabeled/plate_20260827_103552_373727_conf0.761.jpg	AELE-789	0.1575	approved
ocr_dataset/unlabeled/plate_20260827_103602_412726_conf0.744.jpg	AELE-789	0.4395	approved
ocr_dataset/unlabeled/plate_20260827_103612_427556_conf0.749.jpg	AELE-789	0.3837	approved
ocr_dataset/unlabeled/plate_20260827_103730_867322_conf0.753.jpg	LLJ-970	0.2490	approved
ocr_dataset/unlabeled/plate_20260827_103740_901753_conf0.760.jpg	LLJ-970	0.1400	approved
ocr_dataset/unlabeled/plate_20260827_103821_103474_conf0.774.jpg	LSN-507	0.1028	approved
ocr_dataset/unlabeled/plate_20260827_103831_446158_conf0.704.jpg	AEBD-670	0.1994	approved
ocr_dataset/unlabeled/plate_20260827_103841_457943_conf0.744.jpg	KC-970	0.9989	approved
ocr_dataset/unlabeled/plate_20260827_103914_331920_conf0.777.jpg	JJE-689	0.3729	approved
ocr_dataset/unlabeled/plate_20260827_104034_096151_conf0.668.jpg	NAU-481	0.3502	approved
ocr_dataset/unlabeled/plate_20260827_104049_034205_conf0.632.jpg	NAU-481	0.2560	approved
ocr_dataset/unlabeled/plate_20260827_104133_803861_conf0.649.jpg	NAU-481	0.2360	approved
ocr_dataset/unlabeled/plate_20260827_104146_132761_conf0.618.jpg	MZD-054	0.7994	approved
ocr_dataset/unlabeled/plate_20260827_104213_174240_conf0.726.jpg	TFH-886	0.4586	approved
ocr_dataset/unlabeled/plate_20260827_104321_360589_conf0.604.jpg	RYT-594	0.1416	approved
ocr_dataset/unlabeled/plate_20260827_104343_772438_conf0.724.jpg	TCW-488	0.3550	approved
ocr_dataset/unlabeled/plate_20260827_104354_008625_conf0.669.jpg	TCW-488	0.0616	approved
ocr_dataset/unlabeled/plate_20260827_104404_015677_conf0.785.jpg	AEBK-237	manual	approved
ocr_dataset/unlabeled/plate_20260827_104414_037047_conf0.671.jpg	TCW-488	0.0677	approved
ocr_dataset/unlabeled/plate_20260827_104424_039521_conf0.781.jpg	AEBK-237	0.0705	approved
ocr_dataset/unlabeled/plate_20260827_104434_071121_conf0.685.jpg	AEEL-	0.6046	approved
ocr_dataset/unlabeled/plate_20260827_104444_630830_conf0.677.jpg	TCW-488	0.0328	approved
ocr_dataset/unlabeled/plate_20260827_104506_930280_conf0.734.jpg	MRY-876	0.0782	approved
ocr_dataset/unlabeled/plate_20260827_104518_932645_conf0.752.jpg	KCR-870	0.3134	approved
ocr_dataset/unlabeled/plate_20260827_104636_861199_conf0.760.jpg	JAM-936	0.1596	approved
ocr_dataset/unlabeled/plate_20260827_104648_586699_conf0.775.jpg	AIAX-978	0.0658	approved
ocr_dataset/unlabeled/plate_20260827_104744_876277_conf0.777.jpg	TDX-362	0.2295	approved
ocr_dataset/unlabeled/plate_20260827_104754_920036_conf0.726.jpg	LDP-511	0.7598	approved
ocr_dataset/unlabeled/plate_20260827_104816_579012_conf0.798.jpg	LKV-982	0.1416	approved
ocr_dataset/unlabeled/plate_20260827_104922_450446_conf0.757.jpg	RVY-673	0.1880	approved
ocr_dataset/unlabeled/plate_20260827_105000_033026_conf0.725.jpg	LRV-539	0.1006	approved
ocr_dataset/unlabeled/plate_20260827_105055_938112_conf0.793.jpg	RIR-349	0.7545	approved
ocr_dataset/unlabeled/plate_20260827_105107_877056_conf0.825.jpg	RZG-015	0.1991	approved
ocr_dataset/unlabeled/plate_20260827_105223_410443_conf0.787.jpg	MUD-233	0.1017	approved
ocr_dataset/unlabeled/plate_20260827_105233_448668_conf0.744.jpg	HZL-287	0.5604	approved
ocr_dataset/unlabeled/plate_20260827_105425_419901_conf0.688.jpg	KWL-494	0.0543	approved
ocr_dataset/unlabeled/plate_20260827_105449_104228_conf0.744.jpg	AEKI-016	0.0850	approved
ocr_dataset/unlabeled/plate_20260827_105459_199873_conf0.689.jpg	NFZ-967	0.1718	approved
ocr_dataset/unlabeled/plate_20260827_105602_705703_conf0.744.jpg	PFC-694	0.2242	approved
ocr_dataset/unlabeled/plate_20260827_105613_155842_conf0.774.jpg	NNB-642	0.0860	approved
ocr_dataset/unlabeled/plate_20260827_105638_320075_conf0.763.jpg	MDC-297	0.2107	approved
ocr_dataset/unlabeled/plate_20260827_105720_320833_conf0.782.jpg	GNR-903	0.1163	approved
ocr_dataset/unlabeled/plate_20260827_105731_111723_conf0.801.jpg	PLD-632	0.4834	approved
ocr_dataset/unlabeled/plate_20260827_105802_514330_conf0.765.jpg	REF-587	0.1270	approved
ocr_dataset/unlabeled/plate_20260827_105812_548673_conf0.733.jpg	K-283	0.9905	approved
ocr_dataset/unlabeled/plate_20260827_105822_551811_conf0.786.jpg	JTK-283	0.5999	approved
ocr_dataset/unlabeled/plate_20260827_105832_580970_conf0.792.jpg	JTK-283	0.9297	approved
ocr_dataset/unlabeled/plate_20260827_105842_649401_conf0.797.jpg	JTK-283	0.8820	approved
ocr_dataset/unlabeled/plate_20260827_105852_658669_conf0.798.jpg	JTK-283	0.9345	approved
ocr_dataset/unlabeled/plate_20260827_105916_156867_conf0.672.jpg	GOD-745	0.0615	approved
ocr_dataset/unlabeled/plate_20260827_105927_565774_conf0.695.jpg	KXE-556	0.0777	approved
ocr_dataset/unlabeled/plate_20260827_105943_432273_conf0.599.jpg	PLY-37	0.0644	approved
ocr_dataset/unlabeled/plate_20260827_110022_732519_conf0.472.jpg	TXAJ-383 manual	approved
ocr_dataset/unlabeled/plate_20260827_110044_027126_conf0.494.jpg	TXAJ-383 0.1851	approved
ocr_dataset/unlabeled/plate_20260827_110106_737988_conf0.684.jpg	MBB-881	0.1842	approved
ocr_dataset/unlabeled/plate_20260827_110207_347310_conf0.773.jpg	SDT-951	0.1311	approved
ocr_dataset/unlabeled/plate_20260827_110217_366023_conf0.791.jpg	NTY-009	0.2712	approved
ocr_dataset/unlabeled/plate_20260827_110239_519794_conf0.656.jpg	KEH-003	0.2058	approved
ocr_dataset/unlabeled/plate_20260827_110337_476560_conf0.765.jpg	AAFM-203	0.1368	approved
ocr_dataset/unlabeled/plate_20260827_110403_575663_conf0.776.jpg	SYW-010	0.6484	approved
ocr_dataset/unlabeled/plate_20260827_110432_201750_conf0.760.jpg	AIHY-283	0.0286	approved
ocr_dataset/unlabeled/plate_20260827_110452_013975_conf0.757.jpg	AAKA-370	0.0493	approved
ocr_dataset/unlabeled/plate_20260827_110521_421967_conf0.749.jpg	PAJ-920	0.3292	approved
ocr_dataset/unlabeled/plate_20260827_110536_308006_conf0.585.jpg	MCB-558	0.0259	approved
ocr_dataset/unlabeled/plate_20260827_110606_507579_conf0.746.jpg	IEC-324	0.1106	approved
ocr_dataset/unlabeled/plate_20260827_110700_617541_conf0.793.jpg	PAA-533	0.1541	approved
ocr_dataset/unlabeled/plate_20260827_110720_782390_conf0.668.jpg	IAL-044	0.1322	approved
ocr_dataset/unlabeled/plate_20260827_110734_305359_conf0.753.jpg	ICW-562	0.1372	approved
ocr_dataset/unlabeled/plate_20260827_110832_602235_conf0.737.jpg	KPS-273	0.1536	approved
ocr_dataset/unlabeled/plate_20260827_110921_038910_conf0.760.jpg	RAS-652	0.1208	approved
ocr_dataset/unlabeled/plate_20260827_110933_436796_conf0.764.jpg	NJF-459	0.5536	approved
ocr_dataset/unlabeled/plate_20260827_111104_536872_conf0.706.jpg	KNY-246	0.0952	approved
ocr_dataset/unlabeled/plate_20260827_111236_478156_conf0.745.jpg	AECG-173	0.4963	approved
ocr_dataset/unlabeled/plate_20260827_111250_838906_conf0.694.jpg	LHH-660	0.1807	approved
ocr_dataset/unlabeled/plate_20260827_111314_336994_conf0.762.jpg	JYV-964	0.3007	approved
ocr_dataset/unlabeled/plate_20260827_111328_502330_conf0.806.jpg	AAJG-875	0.3442	approved
ocr_dataset/unlabeled/plate_20260827_111356_485570_conf0.763.jpg	KEJ-560	0.0828	approved
ocr_dataset/unlabeled/plate_20260827_111449_950408_conf0.788.jpg	KFU-235	0.1003	approved
ocr_dataset/unlabeled/plate_20260827_111512_025656_conf0.737.jpg	LTN-095	0.2283	approved
ocr_dataset/unlabeled/plate_20260827_111524_659990_conf0.335.jpg	GOU-308	0.1041	approved
ocr_dataset/unlabeled/plate_20260827_111555_429118_conf0.773.jpg	MKE-817	0.3723	approved
ocr_dataset/unlabeled/plate_20260827_111701_229291_conf0.739.jpg	AUAB-491	0.4871	approved
ocr_dataset/unlabeled/plate_20260827_111725_086987_conf0.677.jpg	RAW-498	0.3804	approved
ocr_dataset/unlabeled/plate_20260827_111751_833827_conf0.630.jpg	RAW-498	0.0415	approved
ocr_dataset/unlabeled/plate_20260827_111806_220964_conf0.666.jpg	NWM-868	0.0622	approved
ocr_dataset/unlabeled/plate_20260827_111841_950259_conf0.749.jpg	NDP-484	0.8822	approved
ocr_dataset/unlabeled/plate_20260827_111907_233463_conf0.304.jpg	RWU-621	0.0661	approved
ocr_dataset/unlabeled/plate_20260827_111917_236240_conf0.595.jpg	SZT-823	0.0600	approved
ocr_dataset/unlabeled/plate_20260827_111927_239591_conf0.617.jpg	SZT-823	0.0177	approved
ocr_dataset/unlabeled/plate_20260827_111943_684220_conf0.615.jpg	SZT-823	0.3063	approved
ocr_dataset/unlabeled/plate_20260827_112020_852201_conf0.706.jpg	SCG-743	0.0000	approved
ocr_dataset/unlabeled/plate_20260827_112103_299223_conf0.764.jpg	AEAN-571	0.0412	approved
ocr_dataset/unlabeled/plate_20260827_112132_976736_conf0.792.jpg	PGD-435	0.5995	approved
ocr_dataset/unlabeled/plate_20260827_112212_807462_conf0.695.jpg	RSC-626	0.1328	approved
ocr_dataset/unlabeled/plate_20260827_112223_478057_conf0.785.jpg	OOQ-109	0.2290	approved
ocr_dataset/unlabeled/plate_20260827_112259_736662_conf0.691.jpg	RSC-626	0.2667	approved
ocr_dataset/unlabeled/plate_20260827_112310_838226_conf0.759.jpg	RIR-338	0.0682	approved
ocr_dataset/unlabeled/plate_20260827_112320_840248_conf0.625.jpg	RVE-734	0.1681	approved
ocr_dataset/unlabeled/plate_20260827_112332_418886_conf0.782.jpg	JRG-567	0.3660	approved
ocr_dataset/unlabeled/plate_20260827_112430_807251_conf0.806.jpg	TXAH-374	0.3935	approved
ocr_dataset/unlabeled/plate_20260827_112450_668174_conf0.751.jpg	AILL-434	0.9976	approved
ocr_dataset/unlabeled/plate_20260827_112514_324699_conf0.764.jpg	NCW-003	0.0819	approved
ocr_dataset/unlabeled/plate_20260827_112531_361752_conf0.814.jpg	KEJ-683	0.1354	approved
ocr_dataset/unlabeled/plate_20260827_112609_939697_conf0.805.jpg	NWY-646	0.1746	approved
ocr_dataset/unlabeled/plate_20260827_112620_463209_conf0.768.jpg	JVX-544	0.2517	approved
ocr_dataset/unlabeled/plate_20260827_112702_030020_conf0.498.jpg	RCG-208	0.6456	approved
ocr_dataset/unlabeled/plate_20260827_112725_884470_conf0.409.jpg	LFK-818	0.1748	approved
ocr_dataset/unlabeled/plate_20260827_112735_902374_conf0.366.jpg	LFK-818	manual	approved
ocr_dataset/unlabeled/plate_20260827_112757_197037_conf0.761.jpg	AOGI-710	0.2682	approved
ocr_dataset/unlabeled/plate_20260827_112824_913220_conf0.722.jpg	SML-760	0.2256	approved
ocr_dataset/unlabeled/plate_20260827_112836_739695_conf0.732.jpg	KLG-920	0.1552	approved
ocr_dataset/unlabeled/plate_20260827_112919_718103_conf0.780.jpg	AOCK-010	0.3003	approved
ocr_dataset/unlabeled/plate_20260827_112946_809582_conf0.729.jpg	TEP-648	0.1423	approved
ocr_dataset/unlabeled/plate_20260827_112956_838100_conf0.740.jpg	ISM-865	0.0901	approved
ocr_dataset/unlabeled/plate_20260827_113022_269128_conf0.702.jpg	AADL-882	0.1338	approved
ocr_dataset/unlabeled/plate_20260827_113032_275022_conf0.740.jpg	AADL-882	0.2970	approved
ocr_dataset/unlabeled/plate_20260827_113042_876203_conf0.771.jpg	AADL-882	0.1729	approved
ocr_dataset/unlabeled/plate_20260827_113052_897144_conf0.748.jpg	AADL-882	0.0729	approved
ocr_dataset/unlabeled/plate_20260827_113122_581915_conf0.745.jpg	AELU-270	0.3020	approved
ocr_dataset/unlabeled/plate_20260827_113138_207283_conf0.747.jpg	NPZ-121	0.1895	approved
ocr_dataset/unlabeled/plate_20260827_113148_790361_conf0.740.jpg	SCG-772	0.8208	approved
ocr_dataset/unlabeled/plate_20260827_113201_157853_conf0.754.jpg	SCG-772	0.3748	approved
ocr_dataset/unlabeled/plate_20260827_113211_166693_conf0.754.jpg	SCG-772	0.1120	approved
ocr_dataset/unlabeled/plate_20260827_113221_828364_conf0.734.jpg	MBD-983	0.2253	approved
ocr_dataset/unlabeled/plate_20260827_113232_283484_conf0.746.jpg	HRR-030	0.2162	approved
ocr_dataset/unlabeled/plate_20260827_113242_310560_conf0.737.jpg	SCG-772	0.3716	approved
ocr_dataset/unlabeled/plate_20260827_113255_836635_conf0.607.jpg	RIH-022	0.0384	approved
ocr_dataset/unlabeled/plate_20260827_113321_053064_conf0.672.jpg	PGM-745	0.2981	approved
ocr_dataset/unlabeled/plate_20260827_113332_634860_conf0.310.jpg	HZY-501	0.0346	approved
ocr_dataset/unlabeled/plate_20260827_113342_650991_conf0.698.jpg	MZN-658	0.0279	approved
ocr_dataset/unlabeled/plate_20260827_113352_662023_conf0.718.jpg	MZN-658	0.2667	approved
ocr_dataset/unlabeled/plate_20260827_113402_665911_conf0.719.jpg	MZN-658	0.1601	approved
ocr_dataset/unlabeled/plate_20260827_113415_139145_conf0.689.jpg	PGM-745	0.0237	approved
ocr_dataset/unlabeled/plate_20260827_113534_608633_conf0.736.jpg	JUX-415	0.1615	approved
ocr_dataset/unlabeled/plate_20260827_113752_806973_conf0.785.jpg	PGT-827	0.1199	approved
ocr_dataset/unlabeled/plate_20260827_113804_759671_conf0.708.jpg	RSH-363	0.3704	approved
ocr_dataset/unlabeled/plate_20260827_113825_993649_conf0.787.jpg	NMM-563	0.3635	approved
ocr_dataset/unlabeled/plate_20260827_113856_632608_conf0.755.jpg	JFW-735	0.2523	approved
ocr_dataset/unlabeled/plate_20260827_113948_177001_conf0.752.jpg	PKX-172	0.4487	approved
ocr_dataset/unlabeled/plate_20260827_114033_251318_conf0.784.jpg	RAN-354	0.0957	approved
ocr_dataset/unlabeled/plate_20260827_114104_913718_conf0.674.jpg	SRP-105	0.1456	approved
ocr_dataset/unlabeled/plate_20260827_114126_199116_conf0.611.jpg	KHR-649	0.1166	approved
ocr_dataset/unlabeled/plate_20260827_114136_221913_conf0.626.jpg	KHR-649	0.4287	approved
ocr_dataset/unlabeled/plate_20260827_114210_488732_conf0.713.jpg	JVZ-823	0.1376	approved
ocr_dataset/unlabeled/plate_20260827_114220_912912_conf0.638.jpg	KLL-173	0.1874	approved
ocr_dataset/unlabeled/plate_20260827_114233_187426_conf0.804.jpg	SOT-796	0.0990	approved
ocr_dataset/unlabeled/plate_20260827_114243_246503_conf0.613.jpg	RUC-962	0.0259	approved
ocr_dataset/unlabeled/plate_20260827_114259_297449_conf0.757.jpg	TBT-625	0.2167	approved
ocr_dataset/unlabeled/plate_20260827_114313_718980_conf0.705.jpg	LXM-597	0.1109	approved
ocr_dataset/unlabeled/plate_20260827_114349_152081_conf0.724.jpg	JDJ-615	0.1112	approved
ocr_dataset/unlabeled/plate_20260827_114404_185922_conf0.628.jpg	KFL-254	0.2563	approved
ocr_dataset/unlabeled/plate_20260827_114414_370912_conf0.322.jpg	GXT-38	0.1755	approved
ocr_dataset/unlabeled/plate_20260827_114431_580853_conf0.756.jpg	HPT-068	0.0418	approved
ocr_dataset/unlabeled/plate_20260827_114554_460865_conf0.756.jpg	JUY-147	0.1140	approved
ocr_dataset/unlabeled/plate_20260827_114611_681287_conf0.776.jpg	SJV-103	0.1055	approved
ocr_dataset/unlabeled/plate_20260827_114636_883448_conf0.693.jpg	AIAD-434	0.1959	approved
ocr_dataset/unlabeled/plate_20260827_114705_180255_conf0.750.jpg	AONT-874	0.9392	approved
ocr_dataset/unlabeled/plate_20260827_114728_298520_conf0.718.jpg	AAJH-142	0.0151	approved
ocr_dataset/unlabeled/plate_20260827_114750_602423_conf0.756.jpg	NNH-772	0.7671	approved
ocr_dataset/unlabeled/plate_20260827_114832_146495_conf0.778.jpg	RGC-734	0.5271	approved
ocr_dataset/unlabeled/plate_20260827_114856_378349_conf0.785.jpg	PAE-648	0.1495	approved
ocr_dataset/unlabeled/plate_20260827_114910_204388_conf0.710.jpg	IWR-899	0.2517	approved
ocr_dataset/unlabeled/plate_20260827_114944_440079_conf0.756.jpg	AOTT-719	0.1302	approved
ocr_dataset/unlabeled/plate_20260827_115005_660309_conf0.305.jpg	JYP-949	0.1493	approved
ocr_dataset/unlabeled/plate_20260827_115016_411637_conf0.711.jpg	MUZ-015	0.4161	approved
ocr_dataset/unlabeled/plate_20260827_115027_715274_conf0.644.jpg	AORG-229	0.0503	approved
ocr_dataset/unlabeled/plate_20260827_115204_009198_conf0.789.jpg	AOKG-940	0.0945	approved
ocr_dataset/unlabeled/plate_20260827_115216_682426_conf0.777.jpg	AODD-585	0.2263	approved
ocr_dataset/unlabeled/plate_20260827_115400_643871_conf0.744.jpg	RNA-686	0.8100	approved
ocr_dataset/unlabeled/plate_20260827_115414_848466_conf0.760.jpg	AEGU-307	0.3130	approved
ocr_dataset/unlabeled/plate_20260827_115456_500827_conf0.782.jpg	IDF-460	0.1833	approved
ocr_dataset/unlabeled/plate_20260827_115516_766666_conf0.707.jpg	NBV-987	0.2729	approved
ocr_dataset/unlabeled/plate_20260827_115533_330848_conf0.768.jpg	AAHB-221	0.1038	approved
ocr_dataset/unlabeled/plate_20260827_115556_332285_conf0.777.jpg	PKX-253	0.1814	approved
ocr_dataset/unlabeled/plate_20260827_115652_384125_conf0.665.jpg	AORZ-449	0.0794	approved
ocr_dataset/unlabeled/plate_20260827_115706_888589_conf0.276.jpg	KXB-177	0.1784	approved
ocr_dataset/unlabeled/plate_20260827_115726_214580_conf0.784.jpg	SXC-685	0.2317	approved
ocr_dataset/unlabeled/plate_20260827_115737_464594_conf0.712.jpg	LXN-607	0.0146	approved
ocr_dataset/unlabeled/plate_20260827_115755_482457_conf0.706.jpg	LXN-607	0.0365	approved
ocr_dataset/unlabeled/plate_20260827_115806_019685_conf0.715.jpg	LXN-607	0.1259	approved
ocr_dataset/unlabeled/plate_20260827_115835_817746_conf0.751.jpg	HSF-002	0.5903	approved
ocr_dataset/unlabeled/plate_20260827_115847_072767_conf0.665.jpg	RUD-415	0.7617	approved
ocr_dataset/unlabeled/plate_20260827_115917_121305_conf0.809.jpg	SYL-992	0.2978	approved
ocr_dataset/unlabeled/plate_20260827_115941_931114_conf0.776.jpg	PXH-070	0.0730	approved
ocr_dataset/unlabeled/plate_20260827_115952_950476_conf0.746.jpg	LPR-209	0.1164	approved
ocr_dataset/unlabeled/plate_20260827_120121_537236_conf0.745.jpg	SSN-658	0.1143	approved
ocr_dataset/unlabeled/plate_20260827_120134_112340_conf0.726.jpg	NIY-566	0.1839	approved
ocr_dataset/unlabeled/plate_20260827_120156_251674_conf0.741.jpg	AOND-360	0.3985	approved
ocr_dataset/unlabeled/plate_20260827_120227_844124_conf0.777.jpg	GSK-131	0.0394	approved
ocr_dataset/unlabeled/plate_20260827_120238_519054_conf0.787.jpg	GSK-131	0.2177	approved
ocr_dataset/unlabeled/plate_20260827_120248_701740_conf0.788.jpg	GSK-131	0.0709	approved
ocr_dataset/unlabeled/plate_20260827_120259_378403_conf0.767.jpg	TFG-334	0.0775	approved
ocr_dataset/unlabeled/plate_20260827_120322_274835_conf0.751.jpg	AOHZ-827	0.3962	approved
ocr_dataset/unlabeled/plate_20260827_120339_391486_conf0.762.jpg	LKV-982	0.3070	approved
ocr_dataset/unlabeled/plate_20260827_120404_844877_conf0.776.jpg	PXH-070	0.1680	approved
ocr_dataset/unlabeled/plate_20260827_120432_323117_conf0.746.jpg	PXH-070	0.4270	approved
ocr_dataset/unlabeled/plate_20260827_120443_132166_conf0.772.jpg	KYK-703	0.1216	approved
ocr_dataset/unlabeled/plate_20260827_120521_140605_conf0.636.jpg	SYL-758	0.4643	approved
ocr_dataset/unlabeled/plate_20260827_120538_174181_conf0.744.jpg	AOAA-681	0.5915	approved
ocr_dataset/unlabeled/plate_20260827_120613_919558_conf0.767.jpg	PUD-372	0.2149	approved
ocr_dataset/unlabeled/plate_20260827_120624_782134_conf0.805.jpg	PEK-745	0.1883	approved
ocr_dataset/unlabeled/plate_20260827_120649_454936_conf0.771.jpg	PVP-080	0.1664	approved
ocr_dataset/unlabeled/plate_20260827_120705_729606_conf0.792.jpg	PGX-430	0.0073	approved
ocr_dataset/unlabeled/plate_20260827_120757_736993_conf0.724.jpg	AIMY-775	0.0000	approved
ocr_dataset/unlabeled/plate_20260827_120839_797402_conf0.645.jpg	HKP-362	0.1016	approved
ocr_dataset/unlabeled/plate_20260827_120912_165375_conf0.798.jpg	AAKK-844	0.2142	approved
ocr_dataset/unlabeled/plate_20260827_120926_902108_conf0.767.jpg	AILA-033	0.6114	approved
ocr_dataset/unlabeled/plate_20260827_121022_411561_conf0.576.jpg	AIBC-518	0.1064	approved
ocr_dataset/unlabeled/plate_20260827_121109_233949_conf0.702.jpg	AIBC-518	0.4007	approved
ocr_dataset/unlabeled/plate_20260827_121137_263563_conf0.610.jpg	LHD-799	0.1170	approved
ocr_dataset/unlabeled/plate_20260827_121239_645061_conf0.753.jpg	RUG-113	0.1142	approved
ocr_dataset/unlabeled/plate_20260827_121251_176071_conf0.708.jpg	NLK-963	0.1942	approved
ocr_dataset/unlabeled/plate_20260827_121324_133794_conf0.765.jpg	MIN-770	0.5469	approved
ocr_dataset/unlabeled/plate_20260827_121335_069476_conf0.666.jpg	SJX-908	0.0776	approved
ocr_dataset/unlabeled/plate_20260827_121411_357117_conf0.683.jpg	SJX-908	0.2187	approved
ocr_dataset/unlabeled/plate_20260827_121734_497248_conf0.805.jpg	AEJO-883	0.0000	approved
ocr_dataset/unlabeled/plate_20260827_121744_770717_conf0.712.jpg	AOGR-126	0.1956	approved
ocr_dataset/unlabeled/plate_20260827_121757_229753_conf0.790.jpg	TGK-055	0.1443	approved
ocr_dataset/unlabeled/plate_20260827_121823_713733_conf0.426.jpg	IOG-6	0.2830	approved
ocr_dataset/unlabeled/plate_20260827_121834_376624_conf0.744.jpg	IOG-638	0.1582	approved
ocr_dataset/unlabeled/plate_20260827_121846_629200_conf0.733.jpg	IOG-638	0.1018	approved
ocr_dataset/unlabeled/plate_20260827_121857_249692_conf0.785.jpg	AIHX-645	0.0136	approved
ocr_dataset/unlabeled/plate_20260827_121910_050312_conf0.741.jpg	RIR-343	0.1732	approved
ocr_dataset/unlabeled/plate_20260827_121947_681701_conf0.779.jpg	AOFI-228	0.2706	approved
ocr_dataset/unlabeled/plate_20260827_121958_362604_conf0.565.jpg	RPX-391	0.1438	approved
ocr_dataset/unlabeled/plate_20260827_122008_614645_conf0.624.jpg	RPX-391	0.0656	approved
ocr_dataset/unlabeled/plate_20260827_122041_980986_conf0.528.jpg	RPX-391	0.0837	approved
ocr_dataset/unlabeled/plate_20260827_122053_264417_conf0.786.jpg	AEKS-484	0.0366	approved
ocr_dataset/unlabeled/plate_20260827_122108_098496_conf0.744.jpg	PCR-252	0.2258	approved
ocr_dataset/unlabeled/plate_20260827_122135_205351_conf0.673.jpg	DEL-011	0.1008	approved
ocr_dataset/unlabeled/plate_20260827_122212_324718_conf0.808.jpg	AILT-831	0.4973	approved
ocr_dataset/unlabeled/plate_20260827_122223_767195_conf0.768.jpg	NWD-091	0.6880	approved
ocr_dataset/unlabeled/plate_20260827_122235_032779_conf0.656.jpg	KJJ-800	0.1074	approved
ocr_dataset/unlabeled/plate_20260827_122245_048208_conf0.757.jpg	PSG-461	0.3489	approved
ocr_dataset/unlabeled/plate_20260827_122310_008317_conf0.755.jpg	RZF-959	0.3361	approved
ocr_dataset/unlabeled/plate_20260827_122320_025337_conf0.761.jpg	RZF-959	0.4559	approved
ocr_dataset/unlabeled/plate_20260827_122330_768181_conf0.764.jpg	RZF-959	0.4623	approved
ocr_dataset/unlabeled/plate_20260827_122341_393412_conf0.778.jpg	RZF-959	0.2352	approved
ocr_dataset/unlabeled/plate_20260827_122404_058131_conf0.626.jpg	NXK-943	0.6199	approved
ocr_dataset/unlabeled/plate_20260827_122432_041425_conf0.785.jpg	AOAC-412	0.0605	approved
ocr_dataset/unlabeled/plate_20260827_122502_042998_conf0.804.jpg	TXAL-857	0.2638	approved
ocr_dataset/unlabeled/plate_20260827_122512_072001_conf0.797.jpg	TXAL-857	0.2115	approved
ocr_dataset/unlabeled/plate_20260827_122522_646633_conf0.805.jpg	JAV-871	0.1636	approved
ocr_dataset/unlabeled/plate_20260827_122533_924117_conf0.772.jpg	RML-145	0.0255	approved
ocr_dataset/unlabeled/plate_20260827_122610_367692_conf0.710.jpg	AOEF-578	0.0000	approved
ocr_dataset/unlabeled/plate_20260827_122649_742200_conf0.740.jpg	AAHV-428	0.0336	approved
ocr_dataset/unlabeled/plate_20260827_122703_825944_conf0.748.jpg	AAHV-428	0.0370	approved
ocr_dataset/unlabeled/plate_20260827_122724_958997_conf0.716.jpg	AABB-196	0.0836	approved
ocr_dataset/unlabeled/plate_20260827_122846_225653_conf0.790.jpg	AODB-217	0.1865	approved
ocr_dataset/unlabeled/plate_20260827_122923_180258_conf0.736.jpg	EVS-633	0.1651	approved
ocr_dataset/unlabeled/plate_20260827_122951_547267_conf0.639.jpg	AAMA-945	0.0807	approved
ocr_dataset/unlabeled/plate_20260827_123001_567316_conf0.618.jpg	AAMA-945	0.0505	approved
ocr_dataset/unlabeled/plate_20260827_123034_167053_conf0.694.jpg	PDD-838	0.7224	approved
ocr_dataset/unlabeled/plate_20260827_123113_077379_conf0.668.jpg	LXD-896	0.2099	approved
ocr_dataset/unlabeled/plate_20260827_123124_487857_conf0.574.jpg	LXD-896	0.0804	approved
ocr_dataset/unlabeled/plate_20260827_123208_494299_conf0.675.jpg	PCS-803	0.4055	approved
ocr_dataset/unlabeled/plate_20260827_123218_641394_conf0.803.jpg	AADG-917	0.1375	approved
ocr_dataset/unlabeled/plate_20260827_123232_400872_conf0.268.jpg	SBH-1	0.1014	approved
ocr_dataset/unlabeled/plate_20260827_123321_163578_conf0.695.jpg	AEJG-5202	0.3890	approved
ocr_dataset/unlabeled/plate_20260827_123341_097034_conf0.686.jpg	IZW-293	0.3290	approved
ocr_dataset/unlabeled/plate_20260827_123352_520485_conf0.762.jpg	KHW-324	0.7658	approved
ocr_dataset/unlabeled/plate_20260827_123459_774456_conf0.712.jpg	NKG-746	0.4244	approved
ocr_dataset/unlabeled/plate_20260827_123520_059090_conf0.679.jpg	JCG-238	0.3594	approved
ocr_dataset/unlabeled/plate_20260827_123530_968676_conf0.692.jpg	JIV-942	0.2754	approved
ocr_dataset/unlabeled/plate_20260827_123630_682061_conf0.763.jpg	MH-830	0.2375	approved
ocr_dataset/unlabeled/plate_20260827_123641_504973_conf0.756.jpg	NIP-070	0.2018	approved
ocr_dataset/unlabeled/plate_20260827_123811_868967_conf0.747.jpg	PPP-915	0.6463	approved
ocr_dataset/unlabeled/plate_20260827_123823_295687_conf0.792.jpg	NYH-986	0.2016	approved
ocr_dataset/unlabeled/plate_20260827_123845_299806_conf0.679.jpg	NEL-190	0.1246	approved
ocr_dataset/unlabeled/plate_20260827_123935_142140_conf0.494.jpg	MOP-593	0.1529	approved
ocr_dataset/unlabeled/plate_20260827_123945_581856_conf0.774.jpg	AAGO-741	0.0907	approved
ocr_dataset/unlabeled/plate_20260827_124018_834963_conf0.671.jpg	PWF-536	0.4248	approved
ocr_dataset/unlabeled/plate_20260827_124055_262526_conf0.507.jpg	KWX-5	0.3025	approved
ocr_dataset/unlabeled/plate_20260827_124105_283143_conf0.540.jpg	KWX-5	0.0743	approved
ocr_dataset/unlabeled/plate_20260827_124116_237474_conf0.560.jpg	KWX-5	0.1839	approved
ocr_dataset/unlabeled/plate_20260827_124138_311812_conf0.623.jpg	GOA-49	0.4197	approved
ocr_dataset/unlabeled/plate_20260827_124232_962415_conf0.777.jpg	KRR-919	0.8040	approved
ocr_dataset/unlabeled/plate_20260827_124343_645177_conf0.751.jpg	SNV-397	0.0567	approved
ocr_dataset/unlabeled/plate_20260827_124353_682581_conf0.746.jpg	PXU-426	0.1375	approved
ocr_dataset/unlabeled/plate_20260827_124445_278322_conf0.766.jpg	PNG-572	0.0687	approved
ocr_dataset/unlabeled/plate_20260827_124514_337740_conf0.438.jpg	SJZ-547	0.1183	approved
ocr_dataset/unlabeled/plate_20260827_124549_519351_conf0.778.jpg	AEEJ-834	0.0383	approved
ocr_dataset/unlabeled/plate_20260827_124559_550093_conf0.744.jpg	AEEJ-834	0.1373	approved
ocr_dataset/unlabeled/plate_20260827_124620_526119_conf0.548.jpg	AAJS-602	0.5157	approved
ocr_dataset/unlabeled/plate_20260827_124631_530384_conf0.775.jpg	AOFX-392	0.2792	approved
ocr_dataset/unlabeled/plate_20260827_124755_710383_conf0.695.jpg	HXN-658	0.0517	approved
ocr_dataset/unlabeled/plate_20260827_124832_692608_conf0.628.jpg	PVU-645	0.1017	approved
ocr_dataset/unlabeled/plate_20260827_124843_991789_conf0.534.jpg	PVU-645	0.1123	approved
ocr_dataset/unlabeled/plate_20260827_124854_027994_conf0.624.jpg	PVU-645	0.2650	approved
ocr_dataset/unlabeled/plate_20260827_124932_115672_conf0.656.jpg	PVU-645	0.0803	approved
ocr_dataset/unlabeled/plate_20260827_124942_890867_conf0.610.jpg	KZR-818	0.2679	approved
ocr_dataset/unlabeled/plate_20260827_125018_298022_conf0.771.jpg	MTF-800	0.3783	approved
ocr_dataset/unlabeled/plate_20260827_125055_331674_conf0.720.jpg	XYN-400	0.0920	approved
ocr_dataset/unlabeled/plate_20260827_125133_005254_conf0.728.jpg	MJH-745	0.2826	approved
ocr_dataset/unlabeled/plate_20260827_125143_037422_conf0.644.jpg	LUZ-525	0.0318	approved
ocr_dataset/unlabeled/plate_20260827_125153_057795_conf0.780.jpg	MPH-325	0.0477	approved
ocr_dataset/unlabeled/plate_20260827_125203_974301_conf0.663.jpg	LUZ-525	0.8360	approved
ocr_dataset/unlabeled/plate_20260827_125213_991642_conf0.400.jpg	MPH-3	0.6237	approved
ocr_dataset/unlabeled/plate_20260827_125226_058367_conf0.661.jpg	LUZ-525	0.4482	approved
ocr_dataset/unlabeled/plate_20260827_125236_968719_conf0.664.jpg	LUZ-525	0.0883	approved
ocr_dataset/unlabeled/plate_20260827_125257_059593_conf0.758.jpg	AUAD-445	0.2411	approved
ocr_dataset/unlabeled/plate_20260827_125322_047085_conf0.698.jpg	NFJ-742	0.2624	approved
ocr_dataset/unlabeled/plate_20260827_125332_080491_conf0.789.jpg	TBY-336	0.1583	approved
ocr_dataset/unlabeled/plate_20260827_125343_006626_conf0.734.jpg	JTN-541	0.1719	approved
ocr_dataset/unlabeled/plate_20260827_125353_025292_conf0.770.jpg	JTN-541	0.0615	approved
ocr_dataset/unlabeled/plate_20260827_125403_046273_conf0.774.jpg	TBY-336	0.4894	approved
ocr_dataset/unlabeled/plate_20260827_125413_977796_conf0.785.jpg	TBY-336	0.5390	approved
ocr_dataset/unlabeled/plate_20260827_125520_130152_conf0.748.jpg	HWE-605	0.3766	approved
ocr_dataset/unlabeled/plate_20260827_125550_840419_conf0.766.jpg	LPK-535	0.0000	approved
ocr_dataset/unlabeled/plate_20260827_125721_027743_conf0.688.jpg	PJF-244	0.4874	approved
ocr_dataset/unlabeled/plate_20260827_125731_960133_conf0.725.jpg	RKM-627	0.0145	approved
ocr_dataset/unlabeled/plate_20260827_125744_406047_conf0.748.jpg	AOPA-046	0.1194	approved
ocr_dataset/unlabeled/plate_20260827_125824_182219_conf0.774.jpg	GXP-450	0.1947	approved
ocr_dataset/unlabeled/plate_20260827_125856_945812_conf0.774.jpg	HKU-254	0.2504	approved
ocr_dataset/unlabeled/plate_20260827_125949_520650_conf0.293.jpg	PXE-175	0.0926	approved
ocr_dataset/unlabeled/plate_20260827_130043_659616_conf0.759.jpg	AEAT-745	0.2661	approved
ocr_dataset/unlabeled/plate_20260827_130058_411183_conf0.694.jpg	PFA-369	0.5169	approved
ocr_dataset/unlabeled/plate_20260827_130115_366138_conf0.782.jpg	JHP-660	0.1896	approved
ocr_dataset/unlabeled/plate_20260827_130126_427093_conf0.752.jpg	AIFK-541	0.8969	approved
ocr_dataset/unlabeled/plate_20260827_130136_732206_conf0.643.jpg	AONF-338	0.2136	approved
ocr_dataset/unlabeled/plate_20260827_130208_480534_conf0.791.jpg	JJC-964	0.7467	approved
ocr_dataset/unlabeled/plate_20260827_130218_760574_conf0.670.jpg	AONF-338	0.0000	approved
ocr_dataset/unlabeled/plate_20260827_130244_330118_conf0.643.jpg	AOKO-460	0.3071	approved
ocr_dataset/unlabeled/plate_20260827_130258_669161_conf0.779.jpg	JOM-590	0.5131	approved
ocr_dataset/unlabeled/plate_20260827_130356_906594_conf0.778.jpg	HSF-002	0.1248	approved
ocr_dataset/unlabeled/plate_20260827_130428_392680_conf0.723.jpg	IFB-123	0.1000	approved
ocr_dataset/unlabeled/plate_20260827_130457_222399_conf0.757.jpg	AOEF-162	0.2592	approved
ocr_dataset/unlabeled/plate_20260827_130507_245976_conf0.772.jpg	AOEF-162	0.6954	approved
ocr_dataset/unlabeled/plate_20260827_130518_243697_conf0.772.jpg	AOEF-162	0.1356	approved
ocr_dataset/unlabeled/plate_20260827_130545_581320_conf0.716.jpg	KGW-801	0.0361	approved
ocr_dataset/unlabeled/plate_20260827_130557_046736_conf0.295.jpg	LZM-567	0.5709	approved
ocr_dataset/unlabeled/plate_20260827_130609_999359_conf0.764.jpg	AIEX-987	0.9314	approved
ocr_dataset/unlabeled/plate_20260827_130623_627749_conf0.780.jpg	PZF-328	0.2223	approved
ocr_dataset/unlabeled/plate_20260827_130657_739077_conf0.713.jpg	HTA-709	0.2828	approved
ocr_dataset/unlabeled/plate_20260827_130711_190993_conf0.272.jpg	AEFB-182	0.1191	approved
ocr_dataset/unlabeled/plate_20260827_130748_560873_conf0.792.jpg	SMS-442	0.0231	approved
ocr_dataset/unlabeled/plate_20260827_130834_576859_conf0.784.jpg	MEE-188	0.0877	approved
ocr_dataset/unlabeled/plate_20260827_130851_195161_conf0.773.jpg	SEA-508	0.2164	approved
ocr_dataset/unlabeled/plate_20260827_130902_869318_conf0.739.jpg	NVM-003	0.1537	approved
ocr_dataset/unlabeled/plate_20260827_130938_809726_conf0.791.jpg	GOT-501	0.2949	approved
ocr_dataset/unlabeled/plate_20260827_131020_212715_conf0.754.jpg	LNA-694	0.2554	approved
ocr_dataset/unlabeled/plate_20260827_131050_071391_conf0.790.jpg	PBJ-383	0.1517	approved
ocr_dataset/unlabeled/plate_20260827_131103_814397_conf0.719.jpg	TCN-699	0.0728	approved
ocr_dataset/unlabeled/plate_20260827_131113_834942_conf0.758.jpg	TCN-699	0.0735	approved
ocr_dataset/unlabeled/plate_20260827_131124_861470_conf0.753.jpg	TCN-699	0.1212	approved
ocr_dataset/unlabeled/plate_20260827_131134_879501_conf0.740.jpg	TCN-699	0.1400	approved
ocr_dataset/unlabeled/plate_20260827_131147_592277_conf0.777.jpg	LVX-491	0.3021	approved
ocr_dataset/unlabeled/plate_20260827_131158_623634_conf0.710.jpg	AOJR-790	0.1968	approved
ocr_dataset/unlabeled/plate_20260827_131236_154837_conf0.771.jpg	SPT-361	0.1986	approved
ocr_dataset/unlabeled/plate_20260827_131251_916033_conf0.750.jpg	MZS-811	0.2634	approved
ocr_dataset/unlabeled/plate_20260827_131302_980727_conf0.800.jpg	MZS-811	0.1171	approved
ocr_dataset/unlabeled/plate_20260827_131313_023198_conf0.805.jpg	MZS-811	0.1876	approved
ocr_dataset/unlabeled/plate_20260827_131358_972442_conf0.761.jpg	HJB-933	0.1988	approved
ocr_dataset/unlabeled/plate_20260827_131430_066241_conf0.612.jpg	CWE-997	0.1349	approved
ocr_dataset/unlabeled/plate_20260827_131441_114322_conf0.549.jpg	CWE-997	0.4267	approved
ocr_dataset/unlabeled/plate_20260827_131501_211547_conf0.618.jpg	CWE-997	0.4777	approved
ocr_dataset/unlabeled/plate_20260827_131512_726213_conf0.757.jpg	SNU-871	0.1023	approved
ocr_dataset/unlabeled/plate_20260827_131539_665626_conf0.521.jpg	LPL-026	0.1252	approved
ocr_dataset/unlabeled/plate_20260827_131644_851890_conf0.571.jpg	LPL-026	0.1374	approved
ocr_dataset/unlabeled/plate_20260827_131807_295310_conf0.794.jpg	PDB-834	0.1258	approved
ocr_dataset/unlabeled/plate_20260827_131824_935779_conf0.752.jpg	AAHV-018	0.1870	approved
ocr_dataset/unlabeled/plate_20260827_131837_708442_conf0.551.jpg	SMS-067	0.1044	approved
ocr_dataset/unlabeled/plate_20260827_132006_365414_conf0.644.jpg	LAW-370	0.0000	approved
ocr_dataset/unlabeled/plate_20260827_132018_250309_conf0.775.jpg	MED-378	0.2964	approved
ocr_dataset/unlabeled/plate_20260827_132037_156987_conf0.740.jpg	RIR-343	0.8820	approved
ocr_dataset/unlabeled/plate_20260827_132049_458996_conf0.786.jpg	IJT-129	0.8034	approved
ocr_dataset/unlabeled/plate_20260827_132122_325337_conf0.770.jpg	NDF-745	0.2670	approved
ocr_dataset/unlabeled/plate_20260827_132132_342819_conf0.654.jpg	JVH-254	0.3526	approved
ocr_dataset/unlabeled/plate_20260827_132143_612090_conf0.737.jpg	SVX-026	0.1136	approved
ocr_dataset/unlabeled/plate_20260827_132209_144945_conf0.774.jpg	AOHP-662	0.5073	approved
ocr_dataset/unlabeled/plate_20260828_092515_428278_conf0.344.jpg		0.0000	review
ocr_dataset/unlabeled/plate_20260828_092525_538701_conf0.329.jpg		0.0000	review
ocr_dataset/unlabeled/plate_20260828_092535_561765_conf0.466.jpg		0.0000	review
ocr_dataset/unlabeled/plate_20260828_092548_656674_conf0.734.jpg	KMW-7	0.1829	approved
ocr_dataset/unlabeled/plate_20260828_092600_059531_conf0.730.jpg	KMW-7	0.5825	approved
ocr_dataset/unlabeled/plate_20260828_092611_117615_conf0.746.jpg	AOMC-261	0.3224	approved
ocr_dataset/unlabeled/plate_20260828_092624_202182_conf0.771.jpg	AAFM-676	0.1329	approved
ocr_dataset/unlabeled/plate_20260828_092635_307503_conf0.556.jpg		0.0000	review
ocr_dataset/unlabeled/plate_20260828_092645_971574_conf0.275.jpg	PGK-268	0.1606	approved
ocr_dataset/unlabeled/plate_20260828_092658_716474_conf0.767.jpg	PWK-392	0.2247	approved
ocr_dataset/unlabeled/plate_20260828_092712_339560_conf0.780.jpg	JYL-568	0.2588	approved
ocr_dataset/unlabeled/plate_20260828_092722_366673_conf0.781.jpg	F82225	0.1134	approved
ocr_dataset/unlabeled/plate_20260828_092733_797561_conf0.777.jpg	0F82125	0.0602	approved
ocr_dataset/unlabeled/plate_20260828_092745_886887_conf0.799.jpg	JGZ-858	0.1012	approved
ocr_dataset/unlabeled/plate_20260828_092757_622257_conf0.734.jpg	PMV-271	0.1639	approved
ocr_dataset/unlabeled/plate_20260828_092812_414908_conf0.723.jpg		0.0000	review
ocr_dataset/unlabeled/plate_20260828_092822_430507_conf0.568.jpg		0.0000	review
ocr_dataset/unlabeled/plate_20260828_092854_541774_conf0.777.jpg	PMK-614	0.3064	approved
ocr_dataset/unlabeled/plate_20260828_093007_217660_conf0.746.jpg	GKH-396	0.1671	approved
ocr_dataset/unlabeled/plate_20260828_093041_050214_conf0.663.jpg	TXAH	0.4325	review
ocr_dataset/unlabeled/plate_20260828_093113_423663_conf0.646.jpg	TFB-044	0.1288	approved
ocr_dataset/unlabeled/plate_20260828_093128_778600_conf0.699.jpg		0.0000	review
ocr_dataset/unlabeled/plate_20260828_093141_831344_conf0.739.jpg	KWL-011	0.2388	approved
ocr_dataset/unlabeled/plate_20260828_093152_858079_conf0.788.jpg		0.0000	review
ocr_dataset/unlabeled/plate_20260828_093230_190000_conf0.784.jpg	KW-257	0.7972	approved
ocr_dataset/unlabeled/plate_20260828_093241_127403_conf0.691.jpg	AOSQ-491	0.1117	approved
ocr_dataset/unlabeled/plate_20260828_093253_428183_conf0.491.jpg	JRN-194	0.0099	approved
ocr_dataset/unlabeled/plate_20260828_093318_856217_conf0.759.jpg	NDA-399	0.1490	approved
ocr_dataset/unlabeled/plate_20260828_093329_241824_conf0.751.jpg	KUA-940	0.5434	approved
ocr_dataset/unlabeled/plate_20260828_093405_089344_conf0.745.jpg	9UA-940	0.9909	review
ocr_dataset/unlabeled/plate_20260828_093423_708518_conf0.787.jpg	IM195	0.0985	review
ocr_dataset/unlabeled/plate_20260828_093434_250429_conf0.594.jpg		0.0000	review
ocr_dataset/unlabeled/plate_20260828_093453_074460_conf0.731.jpg	M3	0.4988	review
ocr_dataset/unlabeled/plate_20260828_093503_090334_conf0.669.jpg		0.0000	review
ocr_dataset/unlabeled/plate_20260828_093513_120354_conf0.637.jpg		0.0000	review
ocr_dataset/unlabeled/plate_20260828_093524_612062_conf0.654.jpg		0.0000	review
ocr_dataset/unlabeled/plate_20260828_093545_695749_conf0.708.jpg	M29	0.4440	review
ocr_dataset/unlabeled/plate_20260828_093557_180169_conf0.782.jpg	RCGM1	0.2657	review
ocr_dataset/unlabeled/plate_20260828_093607_459650_conf0.642.jpg	RKDD	0.1354	review
ocr_dataset/unlabeled/plate_20260828_093618_252168_conf0.720.jpg		0.0000	review
ocr_dataset/unlabeled/plate_20260828_093632_830042_conf0.693.jpg	NFF-04	0.3601	review
ocr_dataset/unlabeled/plate_20260828_093643_222895_conf0.777.jpg	ESW8657	0.1204	review
ocr_dataset/unlabeled/plate_20260828_093742_923717_conf0.722.jpg	JRH	0.4396	review
ocr_dataset/unlabeled/plate_20260828_093754_441344_conf0.706.jpg	W8	0.1169	review
ocr_dataset/unlabeled/plate_20260828_093822_181097_conf0.626.jpg		0.0000	review
ocr_dataset/unlabeled/plate_20260828_093842_744998_conf0.596.jpg	IB	0.0490	review
ocr_dataset/unlabeled/plate_20260828_093852_757526_conf0.593.jpg	ZB	0.2603	review
ocr_dataset/unlabeled/plate_20260828_093902_770034_conf0.635.jpg	I1	0.1948	review
ocr_dataset/unlabeled/plate_20260828_093915_619747_conf0.703.jpg		0.0000	review
ocr_dataset/unlabeled/plate_20260828_093925_784656_conf0.708.jpg	05GM	0.0471	review
ocr_dataset/unlabeled/plate_20260828_093953_502170_conf0.781.jpg	DN	0.4240	review
ocr_dataset/unlabeled/plate_20260828_094033_192759_conf0.735.jpg	LNEM	0.0425	review
ocr_dataset/unlabeled/plate_20260828_094044_531183_conf0.775.jpg	06D202	0.1326	review
ocr_dataset/unlabeled/plate_20260828_094056_977072_conf0.662.jpg		0.0000	review
ocr_dataset/unlabeled/plate_20260828_094112_216497_conf0.663.jpg	WRB	0.2236	review
ocr_dataset/unlabeled/plate_20260828_094128_894585_conf0.461.jpg		0.0000	review
ocr_dataset/unlabeled/plate_20260828_094217_351504_conf0.474.jpg		0.0000	review
ocr_dataset/unlabeled/plate_20260828_094229_806098_conf0.778.jpg	MUB99	0.2644	review
ocr_dataset/unlabeled/plate_20260828_094242_162311_conf0.741.jpg	ER	0.1640	review
ocr_dataset/unlabeled/plate_20260828_094259_300759_conf0.656.jpg	E	0.2452	review
ocr_dataset/unlabeled/plate_20260828_094309_314076_conf0.690.jpg	L1	0.2702	review
ocr_dataset/unlabeled/plate_20260828_094321_189641_conf0.711.jpg	RM	0.0218	review
ocr_dataset/unlabeled/plate_20260828_094332_814695_conf0.688.jpg	E	0.0338	review
ocr_dataset/unlabeled/plate_20260828_094344_527983_conf0.688.jpg	M	0.1802	review
ocr_dataset/unlabeled/plate_20260828_094355_992001_conf0.654.jpg	KD	0.0436	review
ocr_dataset/unlabeled/plate_20260828_094407_542750_conf0.743.jpg	MJX65	0.2204	review
ocr_dataset/unlabeled/plate_20260828_094418_139125_conf0.650.jpg	RRA	0.0772	review
ocr_dataset/unlabeled/plate_20260828_094507_546138_conf0.762.jpg	MZ	0.7455	review
ocr_dataset/unlabeled/plate_20260828_094519_619363_conf0.621.jpg		0.0000	review
ocr_dataset/unlabeled/plate_20260828_094531_416343_conf0.788.jpg	LRHO7O	0.1469	review
ocr_dataset/unlabeled/plate_20260828_094554_901604_conf0.509.jpg		0.0000	review
ocr_dataset/unlabeled/plate_20260828_094614_999806_conf0.322.jpg		0.0000	review
ocr_dataset/unlabeled/plate_20260828_094625_672065_conf0.723.jpg		0.0000	review
ocr_dataset/unlabeled/plate_20260828_094703_738734_conf0.782.jpg	E2G	0.2139	review
ocr_dataset/unlabeled/plate_20260828_094717_294339_conf0.728.jpg		0.0000	review
ocr_dataset/unlabeled/plate_20260828_094727_374107_conf0.718.jpg	F	0.3260	review
ocr_dataset/unlabeled/plate_20260828_094800_784313_conf0.737.jpg	T	0.9430	review
ocr_dataset/unlabeled/plate_20260828_094810_816947_conf0.796.jpg	TPD	0.0842	review
ocr_dataset/unlabeled/plate_20260828_094822_964303_conf0.800.jpg	TP2D	0.4761	review
ocr_dataset/unlabeled/plate_20260828_094832_978067_conf0.711.jpg	IRD	0.2405	review
ocr_dataset/unlabeled/plate_20260828_094849_831078_conf0.765.jpg	PLD309	0.4722	review
ocr_dataset/unlabeled/plate_20260828_094901_792247_conf0.730.jpg	MB3	0.6083	review
ocr_dataset/unlabeled/plate_20260828_094913_890263_conf0.730.jpg		0.0000	review
ocr_dataset/unlabeled/plate_20260828_094926_115144_conf0.719.jpg	M2	0.2425	review
ocr_dataset/unlabeled/plate_20260828_095010_600451_conf0.733.jpg	I96626	0.0789	review
ocr_dataset/unlabeled/plate_20260828_095025_814447_conf0.792.jpg	IUED	0.0775	review
ocr_dataset/unlabeled/plate_20260828_095038_041827_conf0.549.jpg	42U	0.0668	review
ocr_dataset/unlabeled/plate_20260828_095144_106957_conf0.682.jpg	MGZE	0.2139	review
ocr_dataset/unlabeled/plate_20260828_095156_587417_conf0.741.jpg	HRM	0.2580	review
ocr_dataset/unlabeled/plate_20260828_095334_156343_conf0.706.jpg		0.0000	review
ocr_dataset/unlabeled/plate_20260828_095344_195097_conf0.788.jpg	M376	0.0593	review
ocr_dataset/unlabeled/plate_20260828_095426_969578_conf0.771.jpg	MAD	0.0806	review
ocr_dataset/unlabeled/plate_20260828_095454_965603_conf0.785.jpg	BS1O5L	0.1296	review
ocr_dataset/unlabeled/plate_20260828_095506_495552_conf0.754.jpg	ICD370	0.1034	review
ocr_dataset/unlabeled/plate_20260828_095518_735993_conf0.572.jpg		0.0000	review
ocr_dataset/unlabeled/plate_20260828_095533_041448_conf0.709.jpg		0.0000	review
ocr_dataset/unlabeled/plate_20260828_095546_287153_conf0.753.jpg	M	0.1026	review
ocr_dataset/unlabeled/plate_20260828_095559_363156_conf0.772.jpg	L0K928	0.0710	review
ocr_dataset/unlabeled/plate_20260828_095631_988207_conf0.765.jpg	P8G940	0.2816	review
ocr_dataset/unlabeled/plate_20260828_095646_838698_conf0.709.jpg	IEVB	0.4851	review
ocr_dataset/unlabeled/plate_20260828_095656_969453_conf0.677.jpg		0.0000	review
ocr_dataset/unlabeled/plate_20260828_095707_623971_conf0.768.jpg	EHP-O28	0.1968	review
ocr_dataset/unlabeled/plate_20260828_095846_094966_conf0.724.jpg		0.0000	review
ocr_dataset/unlabeled/plate_20260828_095959_584564_conf0.703.jpg		0.0000	review
ocr_dataset/unlabeled/plate_20260828_100032_682271_conf0.749.jpg	W2L4	0.2021	review
ocr_dataset/unlabeled/plate_20260828_100044_415626_conf0.783.jpg	HECI	0.0605	review
ocr_dataset/unlabeled/plate_20260828_100054_426138_conf0.729.jpg	MCM	0.1354	review
ocr_dataset/unlabeled/plate_20260828_100104_455546_conf0.593.jpg	H6	0.1787	review
ocr_dataset/unlabeled/plate_20260828_100114_460526_conf0.503.jpg	EEC	0.0566	review
ocr_dataset/unlabeled/plate_20260828_100126_305448_conf0.781.jpg	NS37	0.1126	review
ocr_dataset/unlabeled/plate_20260828_100159_676959_conf0.738.jpg	BD	0.1355	review
ocr_dataset/unlabeled/plate_20260828_100250_450494_conf0.300.jpg	CAKATD	0.0062	review
ocr_dataset/unlabeled/plate_20260828_100313_375569_conf0.683.jpg		0.0000	review
ocr_dataset/unlabeled/plate_20260828_100327_692355_conf0.688.jpg		0.0000	review
ocr_dataset/unlabeled/plate_20260828_100408_572748_conf0.776.jpg	WE	0.4500	review
ocr_dataset/unlabeled/plate_20260828_100430_774174_conf0.772.jpg	IV397	0.0516	review
ocr_dataset/unlabeled/plate_20260828_100452_949765_conf0.631.jpg		0.0000	review
ocr_dataset/unlabeled/plate_20260828_100503_217316_conf0.674.jpg	E	0.2392	review
ocr_dataset/unlabeled/plate_20260828_100605_600065_conf0.760.jpg	WF0	0.1311	review
ocr_dataset/unlabeled/plate_20260828_100620_871198_conf0.733.jpg	RRJ27	0.1673	review
ocr_dataset/unlabeled/plate_20260828_100635_746282_conf0.745.jpg	WHE806	0.0678	review
ocr_dataset/unlabeled/plate_20260828_100720_094900_conf0.781.jpg	KFPD	0.3335	review
ocr_dataset/unlabeled/plate_20260828_100742_940016_conf0.749.jpg	WH	0.1644	review
ocr_dataset/unlabeled/plate_20260828_100758_021890_conf0.779.jpg	MR	0.3578	review
ocr_dataset/unlabeled/plate_20260828_100818_191522_conf0.803.jpg	F62921	0.4017	review
ocr_dataset/unlabeled/plate_20260828_100828_194105_conf0.676.jpg	ERED	0.2302	review
ocr_dataset/unlabeled/plate_20260828_100905_707731_conf0.740.jpg	FZRJ	0.5493	review
ocr_dataset/unlabeled/plate_20260828_100939_250779_conf0.610.jpg	05	0.1245	review
ocr_dataset/unlabeled/plate_20260828_100951_181340_conf0.593.jpg	ICVO	0.3567	review
ocr_dataset/unlabeled/plate_20260828_101009_240155_conf0.643.jpg	M	0.9156	review
ocr_dataset/unlabeled/plate_20260828_101019_902905_conf0.682.jpg	ID	0.4508	review
ocr_dataset/unlabeled/plate_20260828_101032_326601_conf0.801.jpg	LMDGBDD	0.0162	review
ocr_dataset/unlabeled/plate_20260828_101042_713879_conf0.692.jpg	WID	0.2328	review
ocr_dataset/unlabeled/plate_20260828_101052_725496_conf0.683.jpg	WWD	0.3591	review
ocr_dataset/unlabeled/plate_20260828_101104_587231_conf0.682.jpg	MW	0.5702	review
ocr_dataset/unlabeled/plate_20260828_101115_204862_conf0.756.jpg	UGB	0.0342	review
ocr_dataset/unlabeled/plate_20260828_101125_777531_conf0.729.jpg	D9	0.0899	review
ocr_dataset/unlabeled/plate_20260828_101206_573877_conf0.675.jpg	102508	0.2977	review
ocr_dataset/unlabeled/plate_20260828_101229_647421_conf0.406.jpg	02508	0.5829	review
ocr_dataset/unlabeled/plate_20260828_101243_527114_conf0.766.jpg	L0S47	0.2298	review
ocr_dataset/unlabeled/plate_20260828_101253_551047_conf0.762.jpg	WI	0.5260	review
ocr_dataset/unlabeled/plate_20260828_101322_165464_conf0.760.jpg	L058	0.1979	review
ocr_dataset/unlabeled/plate_20260828_101335_963612_conf0.755.jpg	MAP	0.2315	review
ocr_dataset/unlabeled/plate_20260828_101345_980489_conf0.763.jpg	MP	0.8663	review
ocr_dataset/unlabeled/plate_20260828_101404_958155_conf0.673.jpg	MPL	0.3667	review
ocr_dataset/unlabeled/plate_20260828_101422_450429_conf0.729.jpg	RIRUSL	0.1747	review
ocr_dataset/unlabeled/plate_20260828_101439_036507_conf0.725.jpg	JXL377	0.0664	review
ocr_dataset/unlabeled/plate_20260828_101503_053480_conf0.741.jpg	MIP22	0.3504	review
ocr_dataset/unlabeled/plate_20260828_101513_066833_conf0.539.jpg	B4P232	0.2032	review
ocr_dataset/unlabeled/plate_20260828_101523_091470_conf0.654.jpg	BAP232	0.3239	review
ocr_dataset/unlabeled/plate_20260828_101545_754884_conf0.783.jpg	54212	0.2375	review
ocr_dataset/unlabeled/plate_20260828_101555_979986_conf0.744.jpg	EPM	0.5380	review
ocr_dataset/unlabeled/plate_20260828_101632_373541_conf0.321.jpg		0.0000	review
ocr_dataset/unlabeled/plate_20260828_101719_921014_conf0.768.jpg	RUA137	0.1554	review
ocr_dataset/unlabeled/plate_20260828_101730_528035_conf0.752.jpg	PPP938	0.4382	review
ocr_dataset/unlabeled/plate_20260828_101740_558226_conf0.735.jpg	ILNXZQ	0.2337	review
ocr_dataset/unlabeled/plate_20260828_101803_935994_conf0.791.jpg	L6D	0.2002	review
ocr_dataset/unlabeled/plate_20260828_101814_628125_conf0.662.jpg	BH	0.1619	review
ocr_dataset/unlabeled/plate_20260828_101826_483736_conf0.659.jpg	RF	0.0981	review
ocr_dataset/unlabeled/plate_20260828_101836_545721_conf0.689.jpg	LERM54	0.0926	review
ocr_dataset/unlabeled/plate_20260828_101846_562263_conf0.676.jpg	F0R5Z	0.0585	review
ocr_dataset/unlabeled/plate_20260828_101858_416350_conf0.670.jpg	WJ	0.3288	review
ocr_dataset/unlabeled/plate_20260828_101908_442124_conf0.602.jpg	W	0.8286	review
ocr_dataset/unlabeled/plate_20260828_101919_313371_conf0.666.jpg		0.0000	review
ocr_dataset/unlabeled/plate_20260828_101937_978398_conf0.678.jpg		0.0000	review
ocr_dataset/unlabeled/plate_20260828_101955_453064_conf0.732.jpg	KRI	0.1129	review
ocr_dataset/unlabeled/plate_20260828_102031_133191_conf0.735.jpg	EKYF	0.0943	review
ocr_dataset/unlabeled/plate_20260828_102050_954682_conf0.676.jpg	WEI	0.0350	review
ocr_dataset/unlabeled/plate_20260828_102115_161559_conf0.812.jpg	6127	0.0819	review
ocr_dataset/unlabeled/plate_20260828_102142_538288_conf0.398.jpg	I6C--16	0.1057	review
ocr_dataset/unlabeled/plate_20260828_102154_533324_conf0.772.jpg	04B279	0.2955	review
ocr_dataset/unlabeled/plate_20260828_102207_792367_conf0.768.jpg	MBRED	0.1805	review
ocr_dataset/unlabeled/plate_20260828_102220_640103_conf0.780.jpg	BER95	0.2075	review
ocr_dataset/unlabeled/plate_20260828_102231_335363_conf0.719.jpg	WR	0.2200	review
ocr_dataset/unlabeled/plate_20260828_102241_689697_conf0.654.jpg	M	0.4011	review
ocr_dataset/unlabeled/plate_20260828_102257_365461_conf0.744.jpg	EHRROD	0.1587	review
ocr_dataset/unlabeled/plate_20260828_102329_155605_conf0.611.jpg	ESD	0.3417	review
ocr_dataset/unlabeled/plate_20260828_102348_176323_conf0.755.jpg	RW59	0.1422	review
ocr_dataset/unlabeled/plate_20260828_102432_085403_conf0.628.jpg		0.0000	review
ocr_dataset/unlabeled/plate_20260828_102443_987745_conf0.658.jpg	WWIDJ	0.0916	review
ocr_dataset/unlabeled/plate_20260828_102454_870748_conf0.604.jpg	MD	0.1898	review
ocr_dataset/unlabeled/plate_20260828_102504_905071_conf0.740.jpg	1E1925	0.5573	review
ocr_dataset/unlabeled/plate_20260828_102516_914335_conf0.692.jpg	WI	0.2483	review
ocr_dataset/unlabeled/plate_20260828_102529_846729_conf0.690.jpg		0.0000	review
ocr_dataset/unlabeled/plate_20260828_102547_456009_conf0.254.jpg	EEE	0.1072	review
ocr_dataset/unlabeled/plate_20260828_102559_870841_conf0.664.jpg		0.0000	review
ocr_dataset/unlabeled/plate_20260828_102613_895464_conf0.783.jpg	P8S18	0.0721	review
ocr_dataset/unlabeled/plate_20260828_102656_579381_conf0.768.jpg	MB0H	0.1402	review
ocr_dataset/unlabeled/plate_20260828_102706_755738_conf0.678.jpg		0.0000	review
ocr_dataset/unlabeled/plate_20260828_102751_316364_conf0.643.jpg	6D	0.0697	review
ocr_dataset/unlabeled/plate_20260828_102803_125773_conf0.643.jpg	JED	0.0329	review
ocr_dataset/unlabeled/plate_20260828_102817_774423_conf0.674.jpg	KE9	0.1556	review
ocr_dataset/unlabeled/plate_20260828_102827_778033_conf0.636.jpg	WEESI	0.1103	review
ocr_dataset/unlabeled/plate_20260828_102839_701562_conf0.648.jpg	JEW	0.1331	review
ocr_dataset/unlabeled/plate_20260828_102850_639225_conf0.745.jpg	MG	0.8974	review
ocr_dataset/unlabeled/plate_20260828_102902_502099_conf0.819.jpg	MM	0.6979	review
ocr_dataset/unlabeled/plate_20260828_102923_726492_conf0.283.jpg	H	0.1648	review
ocr_dataset/unlabeled/plate_20260828_102933_940031_conf0.664.jpg	MM	0.2524	review
ocr_dataset/unlabeled/plate_20260828_103009_233521_conf0.756.jpg	RDP-940	0.6466	review
ocr_dataset/unlabeled/plate_20260828_103021_443584_conf0.685.jpg	V	0.2606	review
ocr_dataset/unlabeled/plate_20260828_103039_463645_conf0.786.jpg	LMQV120	0.1639	review
ocr_dataset/unlabeled/plate_20260828_103159_350191_conf0.771.jpg	51B	0.1780	review
ocr_dataset/unlabeled/plate_20260828_103333_658192_conf0.694.jpg	W	0.5268	review
ocr_dataset/unlabeled/plate_20260828_103408_427853_conf0.788.jpg	K4D	0.1824	review
ocr_dataset/unlabeled/plate_20260828_103551_223596_conf0.600.jpg	IRB	0.2629	review
ocr_dataset/unlabeled/plate_20260828_103632_111947_conf0.788.jpg	EE2	0.2319	review
ocr_dataset/unlabeled/plate_20260828_103642_113415_conf0.784.jpg	BK2	0.3907	review
ocr_dataset/unlabeled/plate_20260828_103653_549263_conf0.672.jpg	E	0.0910	review
ocr_dataset/unlabeled/plate_20260828_103758_139354_conf0.267.jpg	Q	0.0811	review
ocr_dataset/unlabeled/plate_20260828_103814_940813_conf0.781.jpg	EHBEE	0.0555	review
ocr_dataset/unlabeled/plate_20260828_103826_458451_conf0.376.jpg	E1	0.0251	review
ocr_dataset/unlabeled/plate_20260828_103838_737452_conf0.721.jpg	MO	0.1051	review
ocr_dataset/unlabeled/plate_20260828_103913_475250_conf0.724.jpg	MEBOM	0.2778	review
ocr_dataset/unlabeled/plate_20260828_103925_276380_conf0.669.jpg	I	0.2336	review
ocr_dataset/unlabeled/plate_20260828_103935_290433_conf0.700.jpg	MRO	0.4256	review
ocr_dataset/unlabeled/plate_20260828_103945_319895_conf0.654.jpg	K	0.9529	review
ocr_dataset/unlabeled/plate_20260828_103957_134527_conf0.689.jpg		0.0000	review
ocr_dataset/unlabeled/plate_20260828_104040_236965_conf0.707.jpg	H	0.1423	review
ocr_dataset/unlabeled/plate_20260828_104054_242572_conf0.554.jpg	PRRH	0.0622	review
ocr_dataset/unlabeled/plate_20260828_104106_087329_conf0.728.jpg	W	0.1814	review
ocr_dataset/unlabeled/plate_20260828_104117_770382_conf0.318.jpg	FRL3	0.1679	review
ocr_dataset/unlabeled/plate_20260828_104127_792091_conf0.695.jpg	D	0.9498	review
ocr_dataset/unlabeled/plate_20260828_104141_219707_conf0.772.jpg	H062-954	0.2269	review
ocr_dataset/unlabeled/plate_20260828_104151_328996_conf0.676.jpg	LR0E6	0.1294	review
ocr_dataset/unlabeled/plate_20260828_104201_853358_conf0.677.jpg	ED10	0.1776	review
ocr_dataset/unlabeled/plate_20260828_104216_868645_conf0.772.jpg	UXCD	0.1570	review
ocr_dataset/unlabeled/plate_20260828_104305_015642_conf0.695.jpg	LD	0.1146	review
ocr_dataset/unlabeled/plate_20260828_104315_386718_conf0.293.jpg	L	0.6083	review
ocr_dataset/unlabeled/plate_20260828_104327_355454_conf0.648.jpg	PAB	0.0544	review
ocr_dataset/unlabeled/plate_20260828_104337_482799_conf0.689.jpg	IMCD	0.1160	review
ocr_dataset/unlabeled/plate_20260828_104353_124890_conf0.726.jpg	DE	0.0634	review
ocr_dataset/unlabeled/plate_20260828_104434_040479_conf0.751.jpg	EGSD	0.4268	review
ocr_dataset/unlabeled/plate_20260828_104444_238762_conf0.675.jpg	J0	0.1247	review
ocr_dataset/unlabeled/plate_20260828_104455_586535_conf0.698.jpg	LEEI9	0.2001	review
ocr_dataset/unlabeled/plate_20260828_104508_002544_conf0.785.jpg	MHM	0.5702	review
ocr_dataset/unlabeled/plate_20260828_104523_439419_conf0.753.jpg	LF0700	0.2242	review
ocr_dataset/unlabeled/plate_20260828_104624_068831_conf0.789.jpg	MP87	0.1476	review
ocr_dataset/unlabeled/plate_20260828_104747_521115_conf0.776.jpg	ECO	0.2452	review
ocr_dataset/unlabeled/plate_20260828_104800_132607_conf0.742.jpg		0.0000	review
ocr_dataset/unlabeled/plate_20260828_104812_963330_conf0.775.jpg	EJ	0.2521	review
ocr_dataset/unlabeled/plate_20260828_104823_395034_conf0.657.jpg	WZ	0.1019	review
ocr_dataset/unlabeled/plate_20260828_104905_879230_conf0.794.jpg	HDESW21	0.1133	review
ocr_dataset/unlabeled/plate_20260828_104915_883815_conf0.789.jpg	MES671	0.2216	review
ocr_dataset/unlabeled/plate_20260828_104935_239352_conf0.679.jpg	W	0.6396	review
ocr_dataset/unlabeled/plate_20260828_104947_321095_conf0.778.jpg	E6E7	0.0602	review
ocr_dataset/unlabeled/plate_20260828_105008_791183_conf0.269.jpg	WE	0.2624	review
ocr_dataset/unlabeled/plate_20260828_105018_825257_conf0.440.jpg	WEIT	0.1032	review
ocr_dataset/unlabeled/plate_20260828_105031_042294_conf0.309.jpg	MI	0.3650	review
ocr_dataset/unlabeled/plate_20260828_105042_940305_conf0.441.jpg	HEE	0.7062	review
ocr_dataset/unlabeled/plate_20260828_105104_851597_conf0.342.jpg		0.0000	review
ocr_dataset/unlabeled/plate_20260828_105117_244361_conf0.731.jpg	IP	0.0583	review
ocr_dataset/unlabeled/plate_20260828_105129_202854_conf0.613.jpg		0.0000	review
ocr_dataset/unlabeled/plate_20260828_105142_816316_conf0.652.jpg	EH	0.1116	review
ocr_dataset/unlabeled/plate_20260828_105243_314481_conf0.785.jpg	MD	0.1914	review
ocr_dataset/unlabeled/plate_20260828_105319_270809_conf0.758.jpg	MEBQ	0.1620	review
ocr_dataset/unlabeled/plate_20260828_105329_702861_conf0.693.jpg		0.0000	review
ocr_dataset/unlabeled/plate_20260828_105345_800364_conf0.704.jpg	WE	0.9089	review
ocr_dataset/unlabeled/plate_20260828_105355_973936_conf0.671.jpg		0.0000	review
ocr_dataset/unlabeled/plate_20260828_105407_939574_conf0.693.jpg	WE	0.8702	review
ocr_dataset/unlabeled/plate_20260828_105418_037021_conf0.721.jpg		0.0000	review
ocr_dataset/unlabeled/plate_20260828_105433_075157_conf0.530.jpg		0.0000	review
ocr_dataset/unlabeled/plate_20260828_105526_851861_conf0.781.jpg	TE0D	0.0092	review
ocr_dataset/unlabeled/plate_20260828_105542_977200_conf0.782.jpg	MMM	0.4668	review
ocr_dataset/unlabeled/plate_20260828_105554_852785_conf0.767.jpg	MWF35	0.5186	review
ocr_dataset/unlabeled/plate_20260828_105607_156875_conf0.656.jpg	EE	0.2618	review
ocr_dataset/unlabeled/plate_20260828_105617_180518_conf0.434.jpg	DS7	0.1537	review
ocr_dataset/unlabeled/plate_20260828_105633_145065_conf0.738.jpg	PI20	0.0983	review
ocr_dataset/unlabeled/plate_20260828_105725_837161_conf0.753.jpg	FPL-D0B	0.1368	review
ocr_dataset/unlabeled/plate_20260828_105739_569670_conf0.686.jpg	W	0.9772	review
ocr_dataset/unlabeled/plate_20260828_105749_573183_conf0.726.jpg	MKD	0.2523	review
ocr_dataset/unlabeled/plate_20260828_105841_690512_conf0.766.jpg	MND	0.1812	review
ocr_dataset/unlabeled/plate_20260828_105855_963518_conf0.763.jpg	NJ69J	0.6263	review
ocr_dataset/unlabeled/plate_20260828_105921_199947_conf0.785.jpg	571508	0.3179	review
ocr_dataset/unlabeled/plate_20260828_105932_328686_conf0.743.jpg	WED2	0.1756	review
ocr_dataset/unlabeled/plate_20260828_105942_529023_conf0.744.jpg	JRP798	0.3913	review
ocr_dataset/unlabeled/plate_20260828_110032_047402_conf0.775.jpg	MNI	0.0977	review
ocr_dataset/unlabeled/plate_20260828_110050_538406_conf0.649.jpg		0.0000	review
ocr_dataset/unlabeled/plate_20260828_110126_340831_conf0.650.jpg	4A	0.1180	review
ocr_dataset/unlabeled/plate_20260828_110146_193473_conf0.795.jpg	VU0	0.0144	review
ocr_dataset/unlabeled/plate_20260828_110217_517637_conf0.804.jpg	IGW	0.2074	review
ocr_dataset/unlabeled/plate_20260828_110227_519925_conf0.570.jpg		0.0000	review
ocr_dataset/unlabeled/plate_20260828_110239_596988_conf0.784.jpg	DXD	0.1163	review
ocr_dataset/unlabeled/plate_20260828_110250_229802_conf0.749.jpg	W	0.7157	review
ocr_dataset/unlabeled/plate_20260828_110313_782483_conf0.302.jpg	IQ	0.0710	review
ocr_dataset/unlabeled/plate_20260828_110329_119377_conf0.269.jpg		0.0000	review
ocr_dataset/unlabeled/plate_20260828_110344_054304_conf0.780.jpg	E21M	0.1292	review
ocr_dataset/unlabeled/plate_20260828_110356_051945_conf0.746.jpg	DST	0.1065	review
ocr_dataset/unlabeled/plate_20260828_110406_089952_conf0.732.jpg	MKAZ	0.1752	review
ocr_dataset/unlabeled/plate_20260828_110422_643853_conf0.676.jpg	EL	0.6782	review
ocr_dataset/unlabeled/plate_20260828_110438_435522_conf0.671.jpg	IFG726	0.1041	review
ocr_dataset/unlabeled/plate_20260828_110450_464293_conf0.748.jpg	MG2	0.0760	review
ocr_dataset/unlabeled/plate_20260828_110505_896581_conf0.348.jpg	677197	0.2714	review
ocr_dataset/unlabeled/plate_20260828_110518_337560_conf0.758.jpg	662	0.1418	review
ocr_dataset/unlabeled/plate_20260828_110528_572172_conf0.730.jpg	W	0.1525	review
ocr_dataset/unlabeled/plate_20260828_110541_959073_conf0.752.jpg	M022	0.1561	review
ocr_dataset/unlabeled/plate_20260828_110551_978605_conf0.746.jpg	DM	0.1119	review
ocr_dataset/unlabeled/plate_20260828_110633_700537_conf0.612.jpg	E67T	0.0973	review
ocr_dataset/unlabeled/plate_20260828_110739_131681_conf0.751.jpg	KZH6D	0.1224	review
ocr_dataset/unlabeled/plate_20260828_110829_845522_conf0.729.jpg	MD921	0.2908	review
ocr_dataset/unlabeled/plate_20260828_110846_651783_conf0.274.jpg		0.0000	review
ocr_dataset/unlabeled/plate_20260828_110902_099502_conf0.657.jpg	E1D	0.1023	review
ocr_dataset/unlabeled/plate_20260828_110912_881087_conf0.672.jpg	W	0.8585	review
ocr_dataset/unlabeled/plate_20260828_110931_470603_conf0.700.jpg	M	0.1557	review
ocr_dataset/unlabeled/plate_20260828_111022_758325_conf0.788.jpg	MED	0.3740	review
ocr_dataset/unlabeled/plate_20260828_111033_417072_conf0.625.jpg	N	0.0926	review
ocr_dataset/unlabeled/plate_20260828_111115_375354_conf0.760.jpg	002282	0.3037	review
ocr_dataset/unlabeled/plate_20260828_111125_380839_conf0.764.jpg	02287	0.3497	review
ocr_dataset/unlabeled/plate_20260828_111152_383006_conf0.722.jpg	FD	0.2895	review
ocr_dataset/unlabeled/plate_20260828_111204_853829_conf0.552.jpg	0EDZ	0.0542	review
ocr_dataset/unlabeled/plate_20260828_111234_906007_conf0.751.jpg	IG	0.1189	review
ocr_dataset/unlabeled/plate_20260828_111325_697667_conf0.596.jpg	E627	0.1973	review
ocr_dataset/unlabeled/plate_20260828_111340_996308_conf0.433.jpg		0.0000	review
ocr_dataset/unlabeled/plate_20260828_111352_017874_conf0.566.jpg		0.0000	review
ocr_dataset/unlabeled/plate_20260828_111456_451897_conf0.336.jpg	EB	0.1554	review
ocr_dataset/unlabeled/plate_20260828_111523_746051_conf0.633.jpg	UI	0.1703	review
ocr_dataset/unlabeled/plate_20260828_111640_770942_conf0.775.jpg		0.0000	review
ocr_dataset/unlabeled/plate_20260828_111655_853467_conf0.697.jpg		0.0000	review
ocr_dataset/unlabeled/plate_20260828_111717_614414_conf0.327.jpg		0.0000	review
ocr_dataset/unlabeled/plate_20260828_111727_644361_conf0.462.jpg		0.0000	review
ocr_dataset/unlabeled/plate_20260828_111739_948374_conf0.446.jpg		0.0000	review
ocr_dataset/unlabeled/plate_20260828_111808_727103_conf0.762.jpg	M21	0.2770	review
ocr_dataset/unlabeled/plate_20260828_111818_740457_conf0.781.jpg	BS91	0.4698	review
ocr_dataset/unlabeled/plate_20260828_111830_229042_conf0.323.jpg		0.0000	review
ocr_dataset/unlabeled/plate_20260828_111842_975930_conf0.668.jpg		0.0000	review
ocr_dataset/unlabeled/plate_20260828_111901_912396_conf0.727.jpg	VER	0.1582	review
ocr_dataset/unlabeled/plate_20260828_111913_947947_conf0.720.jpg	BGA	0.2683	review
ocr_dataset/unlabeled/plate_20260828_111924_669739_conf0.720.jpg	MG	0.7265	review
ocr_dataset/unlabeled/plate_20260828_111934_716971_conf0.718.jpg	NG34	0.4481	review
ocr_dataset/unlabeled/plate_20260828_111947_049654_conf0.772.jpg	W27	0.3829	review
ocr_dataset/unlabeled/plate_20260828_112000_623657_conf0.776.jpg	MUL	0.1511	review
ocr_dataset/unlabeled/plate_20260828_112011_836388_conf0.786.jpg	BZGO	0.2873	review
ocr_dataset/unlabeled/plate_20260828_112136_584120_conf0.773.jpg	IMBNV	0.0337	review
ocr_dataset/unlabeled/plate_20260828_112146_911540_conf0.700.jpg	WD	0.1803	review
ocr_dataset/unlabeled/plate_20260828_112157_270631_conf0.692.jpg	BAD	0.0564	review
ocr_dataset/unlabeled/plate_20260828_112249_960280_conf0.671.jpg	406150	0.1129	review
ocr_dataset/unlabeled/plate_20260828_112310_203665_conf0.548.jpg	FZ	0.0451	review
ocr_dataset/unlabeled/plate_20260828_112322_408208_conf0.522.jpg	RHEZ	0.2138	review
ocr_dataset/unlabeled/plate_20260828_112348_808295_conf0.739.jpg	DBPMD	0.0314	review
ocr_dataset/unlabeled/plate_20260828_112402_682040_conf0.819.jpg	KSK43	0.2139	review
ocr_dataset/unlabeled/plate_20260828_112432_999191_conf0.613.jpg	D59	0.3116	review
ocr_dataset/unlabeled/plate_20260828_112446_688529_conf0.781.jpg	BHD-646	0.5998	review
ocr_dataset/unlabeled/plate_20260828_112458_909682_conf0.779.jpg	R8S-629	0.1214	review
ocr_dataset/unlabeled/plate_20260828_112523_162939_conf0.754.jpg	MZEED	0.1584	review
ocr_dataset/unlabeled/plate_20260828_112535_389138_conf0.710.jpg	E6ZW	0.0584	review
ocr_dataset/unlabeled/plate_20260828_112555_604541_conf0.811.jpg	I5	0.0988	review
ocr_dataset/unlabeled/plate_20260828_112608_396679_conf0.761.jpg	MELD	0.1257	review
ocr_dataset/unlabeled/plate_20260828_112618_418987_conf0.712.jpg	EEZ	0.1240	review
ocr_dataset/unlabeled/plate_20260828_112629_362352_conf0.667.jpg	JGD	0.3752	review
ocr_dataset/unlabeled/plate_20260828_112714_200571_conf0.727.jpg	ERD1D	0.1595	review
ocr_dataset/unlabeled/plate_20260828_112741_516983_conf0.784.jpg	ERD9	0.8573	review
ocr_dataset/unlabeled/plate_20260828_112822_307678_conf0.734.jpg		0.0000	review
ocr_dataset/unlabeled/plate_20260828_112839_896230_conf0.557.jpg		0.0000	review
ocr_dataset/unlabeled/plate_20260828_112849_902621_conf0.646.jpg	IW	0.3558	review
ocr_dataset/unlabeled/plate_20260828_112902_249883_conf0.420.jpg		0.0000	review
ocr_dataset/unlabeled/plate_20260828_112927_878438_conf0.600.jpg	JWVD	0.2092	review
ocr_dataset/unlabeled/plate_20260828_112940_135342_conf0.485.jpg	BM	0.4908	review
ocr_dataset/unlabeled/plate_20260828_112950_167203_conf0.755.jpg	8	0.3210	review
ocr_dataset/unlabeled/plate_20260828_113007_069753_conf0.601.jpg	EED	0.2499	review
ocr_dataset/unlabeled/plate_20260828_113017_095100_conf0.668.jpg	ECM	0.1584	review
ocr_dataset/unlabeled/plate_20260828_113104_482539_conf0.738.jpg	MDW	0.1247	review
ocr_dataset/unlabeled/plate_20260828_113116_825056_conf0.789.jpg	PEDQ	0.8301	review
ocr_dataset/unlabeled/plate_20260828_113129_907198_conf0.650.jpg	062D	0.0342	review
ocr_dataset/unlabeled/plate_20260828_113140_228629_conf0.792.jpg	MWE5D	0.1928	review
ocr_dataset/unlabeled/plate_20260828_113230_557821_conf0.812.jpg	ED7369	0.2879	review
ocr_dataset/unlabeled/plate_20260828_113246_104717_conf0.445.jpg	EBOD	0.1152	review
ocr_dataset/unlabeled/plate_20260828_113301_034541_conf0.644.jpg	EKU	0.0762	review
ocr_dataset/unlabeled/plate_20260828_113312_646444_conf0.654.jpg		0.0000	review
ocr_dataset/unlabeled/plate_20260828_113323_764692_conf0.828.jpg	D069	0.3241	review
ocr_dataset/unlabeled/plate_20260828_113431_839637_conf0.669.jpg		0.0000	review
ocr_dataset/unlabeled/plate_20260828_113450_549296_conf0.703.jpg	SILI	0.1142	review
ocr_dataset/unlabeled/plate_20260828_113500_610998_conf0.617.jpg	PUL27	0.0285	review
ocr_dataset/unlabeled/plate_20260828_113510_625916_conf0.661.jpg	WI	0.1449	review
ocr_dataset/unlabeled/plate_20260828_113527_141094_conf0.656.jpg		0.0000	review
ocr_dataset/unlabeled/plate_20260828_113543_288088_conf0.777.jpg	IR02	0.2471	review
ocr_dataset/unlabeled/plate_20260828_113555_956324_conf0.362.jpg	ED	0.2042	review
ocr_dataset/unlabeled/plate_20260828_113606_449419_conf0.537.jpg		0.0000	review
ocr_dataset/unlabeled/plate_20260828_113625_834182_conf0.623.jpg		0.0000	review
ocr_dataset/unlabeled/plate_20260828_113640_771721_conf0.496.jpg	6TTO	0.2936	review
ocr_dataset/unlabeled/plate_20260828_113650_783025_conf0.638.jpg	E	0.4254	review
ocr_dataset/unlabeled/plate_20260828_113705_868761_conf0.626.jpg	GTOM	0.1947	review
ocr_dataset/unlabeled/plate_20260828_113718_359258_conf0.654.jpg	STO01	0.1193	review
ocr_dataset/unlabeled/plate_20260828_113745_948844_conf0.755.jpg	E	0.0941	review
ocr_dataset/unlabeled/plate_20260828_113905_298992_conf0.621.jpg	RPZ	0.3715	review
ocr_dataset/unlabeled/plate_20260828_113919_330640_conf0.784.jpg	PPPE	0.5191	review
ocr_dataset/unlabeled/plate_20260828_113929_902691_conf0.758.jpg	KTF105	0.0745	review
ocr_dataset/unlabeled/plate_20260828_114053_128480_conf0.661.jpg	DE	0.1122	review
ocr_dataset/unlabeled/plate_20260828_114133_991915_conf0.681.jpg	46167	0.1196	review
ocr_dataset/unlabeled/plate_20260828_114144_039046_conf0.750.jpg	H6072	0.1073	review
ocr_dataset/unlabeled/plate_20260828_114206_529227_conf0.746.jpg	M6182	0.1095	review
ocr_dataset/unlabeled/plate_20260828_114231_297169_conf0.747.jpg	IFM	0.0320	review
ocr_dataset/unlabeled/plate_20260828_114243_381579_conf0.787.jpg	M62	0.1121	review
ocr_dataset/unlabeled/plate_20260828_114254_876021_conf0.761.jpg	LM	0.1372	review
ocr_dataset/unlabeled/plate_20260828_114355_284482_conf0.586.jpg		0.0000	review
ocr_dataset/unlabeled/plate_20260828_114407_329963_conf0.734.jpg	PA767	0.0317	review
ocr_dataset/unlabeled/plate_20260828_114453_123962_conf0.802.jpg	MRX29	0.4181	review
ocr_dataset/unlabeled/plate_20260828_114511_082782_conf0.796.jpg	MX2	0.3521	review
ocr_dataset/unlabeled/plate_20260828_114535_113848_conf0.769.jpg	MP9	0.3412	review
ocr_dataset/unlabeled/plate_20260828_114546_609651_conf0.671.jpg	A	0.0795	review
ocr_dataset/unlabeled/plate_20260828_114558_895195_conf0.752.jpg	MNSW	0.1443	review
ocr_dataset/unlabeled/plate_20260828_114655_773867_conf0.776.jpg	TM2	0.0553	review
ocr_dataset/unlabeled/plate_20260828_114721_601776_conf0.711.jpg		0.0000	review
ocr_dataset/unlabeled/plate_20260828_114905_306852_conf0.643.jpg	ME	0.1391	review
ocr_dataset/unlabeled/plate_20260828_114923_984239_conf0.772.jpg	MS	0.4408	review
ocr_dataset/unlabeled/plate_20260828_115011_608107_conf0.654.jpg	MK	0.3663	review
ocr_dataset/unlabeled/plate_20260828_115022_514260_conf0.661.jpg	MKGT	0.1641	review
ocr_dataset/unlabeled/plate_20260828_115036_579681_conf0.764.jpg	MHFC620	0.3882	review
ocr_dataset/unlabeled/plate_20260828_115048_712112_conf0.779.jpg	MKD	0.2214	review
ocr_dataset/unlabeled/plate_20260828_115143_629777_conf0.772.jpg	MWQ7	0.1336	review
ocr_dataset/unlabeled/plate_20260828_115158_370929_conf0.760.jpg	AER	0.0761	review
ocr_dataset/unlabeled/plate_20260828_115310_454494_conf0.693.jpg	WE3D	0.2377	review
ocr_dataset/unlabeled/plate_20260828_115320_761333_conf0.803.jpg	MH9	0.3771	review
ocr_dataset/unlabeled/plate_20260828_115333_681689_conf0.631.jpg	DD	0.1977	review
ocr_dataset/unlabeled/plate_20260828_115343_708717_conf0.769.jpg	PYP52	0.6934	review
ocr_dataset/unlabeled/plate_20260828_115403_965920_conf0.633.jpg	LE	0.3060	review
ocr_dataset/unlabeled/plate_20260828_115416_072331_conf0.630.jpg	WHI	0.0315	review
ocr_dataset/unlabeled/plate_20260828_115426_091539_conf0.647.jpg	LM	0.3291	review
ocr_dataset/unlabeled/plate_20260828_115445_168920_conf0.712.jpg	EDP72	0.0457	review
ocr_dataset/unlabeled/plate_20260828_115455_195502_conf0.576.jpg	LNH	0.0955	review
ocr_dataset/unlabeled/plate_20260828_115518_472008_conf0.428.jpg	M	0.1572	review
ocr_dataset/unlabeled/plate_20260828_115529_487865_conf0.735.jpg	2L50	0.0457	review
ocr_dataset/unlabeled/plate_20260828_115541_690368_conf0.745.jpg	DS290	0.1525	review
ocr_dataset/unlabeled/plate_20260828_115559_805993_conf0.253.jpg		0.0000	review
ocr_dataset/unlabeled/plate_20260828_115629_834525_conf0.762.jpg	W34	0.2762	review
ocr_dataset/unlabeled/plate_20260828_115654_597488_conf0.699.jpg	KZI	0.1295	review
ocr_dataset/unlabeled/plate_20260828_115719_150728_conf0.775.jpg	LMBZ	0.1000	review
ocr_dataset/unlabeled/plate_20260828_115729_194751_conf0.763.jpg	DRGOD	0.1457	review
ocr_dataset/unlabeled/plate_20260828_115741_324148_conf0.780.jpg	WRG-O	0.4039	review
ocr_dataset/unlabeled/plate_20260828_115804_144928_conf0.795.jpg	WRG-OD	0.2745	review
ocr_dataset/unlabeled/plate_20260828_115913_300700_conf0.782.jpg	MLL	0.0176	review
ocr_dataset/unlabeled/plate_20260828_115926_205400_conf0.777.jpg	M44	0.4639	review
ocr_dataset/unlabeled/plate_20260828_115936_207493_conf0.778.jpg	MEH	0.1064	review
ocr_dataset/unlabeled/plate_20260828_115946_703648_conf0.767.jpg	MM	0.0512	review
ocr_dataset/unlabeled/plate_20260828_115958_828801_conf0.723.jpg	M2	0.4946	review
ocr_dataset/unlabeled/plate_20260828_120009_114279_conf0.795.jpg	LMG2284	0.1178	review
ocr_dataset/unlabeled/plate_20260828_120020_132197_conf0.762.jpg	WPFOD	0.1540	review
ocr_dataset/unlabeled/plate_20260828_120032_470457_conf0.553.jpg	EB	0.0820	review
ocr_dataset/unlabeled/plate_20260828_120131_310677_conf0.470.jpg	E0	0.3463	review
ocr_dataset/unlabeled/plate_20260828_120143_451631_conf0.722.jpg		0.0000	review
ocr_dataset/unlabeled/plate_20260828_120155_978327_conf0.745.jpg		0.0000	review
ocr_dataset/unlabeled/plate_20260828_120235_467042_conf0.780.jpg	PDK3BD	0.1312	review
ocr_dataset/unlabeled/plate_20260828_120255_598964_conf0.781.jpg	MRM	0.9065	review
ocr_dataset/unlabeled/plate_20260828_120307_737390_conf0.772.jpg	PUS-	0.1319	review
ocr_dataset/unlabeled/plate_20260828_120320_238005_conf0.734.jpg	RRHDE	0.3382	review
ocr_dataset/unlabeled/plate_20260828_120330_241915_conf0.703.jpg	MD	0.6710	review
ocr_dataset/unlabeled/plate_20260828_120341_542187_conf0.269.jpg		0.0000	review
ocr_dataset/unlabeled/plate_20260828_120433_057478_conf0.708.jpg	MED	0.1866	review
ocr_dataset/unlabeled/plate_20260828_120445_747044_conf0.678.jpg	6V5T	0.1256	review
ocr_dataset/unlabeled/plate_20260828_120610_579120_conf0.610.jpg	RD	0.0968	review
ocr_dataset/unlabeled/plate_20260828_120624_509586_conf0.781.jpg	IMW	0.1259	review
ocr_dataset/unlabeled/plate_20260828_120636_605944_conf0.714.jpg		0.0000	review
ocr_dataset/unlabeled/plate_20260828_120714_467744_conf0.795.jpg	FH	0.1546	review
ocr_dataset/unlabeled/plate_20260828_120726_764133_conf0.769.jpg	PM	0.5962	review
ocr_dataset/unlabeled/plate_20260828_120748_099963_conf0.773.jpg	ES02626	0.1142	review
ocr_dataset/unlabeled/plate_20260828_120800_416705_conf0.661.jpg	LKEM	0.1652	review
ocr_dataset/unlabeled/plate_20260828_120811_689615_conf0.489.jpg	MA	0.4516	review
ocr_dataset/unlabeled/plate_20260828_120856_302213_conf0.797.jpg	MEM	0.1363	review
ocr_dataset/unlabeled/plate_20260828_120922_939174_conf0.788.jpg	MH67	0.0718	review
ocr_dataset/unlabeled/plate_20260828_120932_978918_conf0.681.jpg		0.0000	review
ocr_dataset/unlabeled/plate_20260828_121024_452107_conf0.712.jpg	FHD	0.0570	review
ocr_dataset/unlabeled/plate_20260828_121058_377508_conf0.790.jpg	2	0.4999	review
ocr_dataset/unlabeled/plate_20260828_121109_302945_conf0.779.jpg	ED5440	0.1790	review
ocr_dataset/unlabeled/plate_20260828_121121_662609_conf0.769.jpg	MC92	0.9731	review
ocr_dataset/unlabeled/plate_20260828_121136_231261_conf0.740.jpg	KKM	0.2625	review
ocr_dataset/unlabeled/plate_20260828_121152_652994_conf0.781.jpg	602593	0.1399	review
ocr_dataset/unlabeled/plate_20260828_121235_822218_conf0.789.jpg	IEGYA7061	0.1073	review
ocr_dataset/unlabeled/plate_20260828_121251_174143_conf0.738.jpg	M	0.4011	review
ocr_dataset/unlabeled/plate_20260828_121342_363244_conf0.739.jpg	E	0.2638	review
ocr_dataset/unlabeled/plate_20260828_121404_590128_conf0.762.jpg	RBD-098	0.1741	review
ocr_dataset/unlabeled/plate_20260828_121430_159807_conf0.687.jpg		0.0000	review
ocr_dataset/unlabeled/plate_20260828_121547_684847_conf0.723.jpg	EE46	0.1407	review
ocr_dataset/unlabeled/plate_20260828_121600_177570_conf0.740.jpg	M	0.6886	review
ocr_dataset/unlabeled/plate_20260828_121654_449624_conf0.728.jpg	MH51	0.1198	review
ocr_dataset/unlabeled/plate_20260828_121706_947269_conf0.722.jpg	WHM	0.1917	review
ocr_dataset/unlabeled/plate_20260828_121716_975899_conf0.742.jpg	M5	0.5206	review
ocr_dataset/unlabeled/plate_20260828_121745_791839_conf0.678.jpg	613I2	0.1345	review
ocr_dataset/unlabeled/plate_20260828_121824_454498_conf0.810.jpg	565867	0.3136	review
ocr_dataset/unlabeled/plate_20260828_121856_920396_conf0.775.jpg	DDS20	0.1232	review
ocr_dataset/unlabeled/plate_20260828_121906_924385_conf0.791.jpg	H	0.6472	review
ocr_dataset/unlabeled/plate_20260828_121917_987088_conf0.683.jpg		0.0000	review
ocr_dataset/unlabeled/plate_20260828_121930_322477_conf0.672.jpg	RM	0.1572	review
ocr_dataset/unlabeled/plate_20260828_122004_125865_conf0.769.jpg	MMKPZT	0.1751	review
ocr_dataset/unlabeled/plate_20260828_122014_271188_conf0.782.jpg	ZE	0.0918	review
ocr_dataset/unlabeled/plate_20260828_122025_849371_conf0.786.jpg	H0K22	0.1640	review
ocr_dataset/unlabeled/plate_20260828_122038_179995_conf0.786.jpg	WRP92	0.0452	review
ocr_dataset/unlabeled/plate_20260828_122103_615282_conf0.659.jpg		0.0000	review
ocr_dataset/unlabeled/plate_20260828_122121_260130_conf0.775.jpg	DRG58	0.2154	review
ocr_dataset/unlabeled/plate_20260828_122131_281250_conf0.690.jpg		0.0000	review
ocr_dataset/unlabeled/plate_20260828_122205_593189_conf0.305.jpg	RWB	0.8109	review
ocr_dataset/unlabeled/plate_20260828_122217_944940_conf0.632.jpg		0.0000	review
ocr_dataset/unlabeled/plate_20260828_122229_255164_conf0.681.jpg		0.0000	review
ocr_dataset/unlabeled/plate_20260828_122345_894009_conf0.788.jpg	PHE2	0.5373	review
ocr_dataset/unlabeled/plate_20260828_122356_170712_conf0.777.jpg	B	0.1517	review
ocr_dataset/unlabeled/plate_20260828_122409_784627_conf0.627.jpg		0.0000	review
ocr_dataset/unlabeled/plate_20260828_122531_541051_conf0.695.jpg	DEM	0.4138	review
ocr_dataset/unlabeled/plate_20260828_122555_043730_conf0.823.jpg	RLBODB	0.4430	review
ocr_dataset/unlabeled/plate_20260828_122627_170976_conf0.647.jpg		0.0000	review
ocr_dataset/unlabeled/plate_20260828_122654_699719_conf0.789.jpg	TEOS4A	0.0557	review
ocr_dataset/unlabeled/plate_20260828_122734_988217_conf0.658.jpg		0.0000	review
ocr_dataset/unlabeled/plate_20260828_122751_704101_conf0.769.jpg	PZY247	0.1546	review
ocr_dataset/unlabeled/plate_20260828_122833_520122_conf0.792.jpg	VRG8O0	0.1155	review
ocr_dataset/unlabeled/plate_20260828_122846_192915_conf0.789.jpg	MBEM	0.3417	review
ocr_dataset/unlabeled/plate_20260828_122900_739547_conf0.736.jpg		0.0000	review
ocr_dataset/unlabeled/plate_20260828_122921_691746_conf0.672.jpg	V099	0.5419	review
ocr_dataset/unlabeled/plate_20260828_122931_729649_conf0.800.jpg	PR6D	0.2065	review
ocr_dataset/unlabeled/plate_20260828_122941_756348_conf0.809.jpg	PD	0.2593	review
ocr_dataset/unlabeled/plate_20260828_122952_565218_conf0.763.jpg	PK3	0.1592	review
ocr_dataset/unlabeled/plate_20260828_123007_747951_conf0.734.jpg	LRUZ588	0.1234	review
ocr_dataset/unlabeled/plate_20260828_123018_537673_conf0.724.jpg		0.0000	review
ocr_dataset/unlabeled/plate_20260828_123042_364884_conf0.426.jpg		0.0000	review
ocr_dataset/unlabeled/plate_20260828_123109_634181_conf0.787.jpg	ID	0.0622	review
ocr_dataset/unlabeled/plate_20260828_123141_558440_conf0.689.jpg	MB	0.1886	review
ocr_dataset/unlabeled/plate_20260828_123220_170688_conf0.654.jpg		0.0000	review
ocr_dataset/unlabeled/plate_20260828_123233_456495_conf0.780.jpg	MD6G2	0.0351	review
ocr_dataset/unlabeled/plate_20260828_123322_961072_conf0.611.jpg	MI	0.1119	review
ocr_dataset/unlabeled/plate_20260828_123346_197334_conf0.680.jpg	M	0.0726	review
ocr_dataset/unlabeled/plate_20260828_123418_081642_conf0.593.jpg	BPD	0.0486	review
ocr_dataset/unlabeled/plate_20260828_123456_728331_conf0.754.jpg	DIRZA7	0.0602	review
ocr_dataset/unlabeled/plate_20260828_123508_585292_conf0.693.jpg	BE	0.1090	review
ocr_dataset/unlabeled/plate_20260828_123519_049608_conf0.639.jpg	IEMD	0.0649	review
ocr_dataset/unlabeled/plate_20260828_123529_374528_conf0.772.jpg	M	0.9837	review
ocr_dataset/unlabeled/plate_20260828_123544_718691_conf0.758.jpg	04D52	0.0818	review
ocr_dataset/unlabeled/plate_20260828_123618_452170_conf0.759.jpg	PED22	0.6879	review
ocr_dataset/unlabeled/plate_20260828_123628_460822_conf0.777.jpg	BD2Z	0.4657	review
ocr_dataset/unlabeled/plate_20260828_123648_174789_conf0.696.jpg	DLZ	0.0473	review
ocr_dataset/unlabeled/plate_20260828_123711_749166_conf0.771.jpg	NHWDJ	0.0921	review
ocr_dataset/unlabeled/plate_20260828_123723_481780_conf0.352.jpg		0.0000	review
ocr_dataset/unlabeled/plate_20260828_123733_518942_conf0.657.jpg	M	0.8582	review
ocr_dataset/unlabeled/plate_20260828_123743_542950_conf0.641.jpg		0.0000	review
ocr_dataset/unlabeled/plate_20260828_123756_387718_conf0.520.jpg	MB	0.1246	review
ocr_dataset/unlabeled/plate_20260828_123809_202287_conf0.723.jpg	EGZJ	0.1502	review
ocr_dataset/unlabeled/plate_20260828_123819_224975_conf0.633.jpg		0.0000	review
ocr_dataset/unlabeled/plate_20260828_123909_487958_conf0.800.jpg	MEGD	0.1771	review
ocr_dataset/unlabeled/plate_20260828_123919_520468_conf0.800.jpg	H6	0.2544	review
ocr_dataset/unlabeled/plate_20260828_123929_549998_conf0.795.jpg	M6	0.6414	review
ocr_dataset/unlabeled/plate_20260828_123939_576355_conf0.798.jpg	MGO	0.1727	review
ocr_dataset/unlabeled/plate_20260828_123949_967650_conf0.768.jpg	MM2	0.2341	review
ocr_dataset/unlabeled/plate_20260828_124000_713614_conf0.779.jpg	DDG-I91	0.0967	review
ocr_dataset/unlabeled/plate_20260828_124011_411871_conf0.584.jpg	K	0.0257	review
ocr_dataset/unlabeled/plate_20260828_124026_907681_conf0.648.jpg		0.0000	review
ocr_dataset/unlabeled/plate_20260828_124045_636930_conf0.608.jpg		0.0000	review
ocr_dataset/unlabeled/plate_20260828_124126_577576_conf0.789.jpg	00E22	0.1901	review
ocr_dataset/unlabeled/plate_20260828_124141_239377_conf0.670.jpg		0.0000	review
ocr_dataset/unlabeled/plate_20260828_124152_232581_conf0.791.jpg	RRRH	0.2099	review
ocr_dataset/unlabeled/plate_20260828_124250_335843_conf0.767.jpg	POR9	0.3051	review
ocr_dataset/unlabeled/plate_20260828_124312_313814_conf0.714.jpg		0.0000	review
ocr_dataset/unlabeled/plate_20260828_124322_816480_conf0.717.jpg	62540	0.1710	review
ocr_dataset/unlabeled/plate_20260828_124334_330201_conf0.724.jpg	I0GIZI	0.1221	review
ocr_dataset/unlabeled/plate_20260828_124432_632447_conf0.766.jpg	RCEZ1B	0.3849	review
ocr_dataset/unlabeled/plate_20260828_124446_093352_conf0.361.jpg	KRU6	0.1076	review
ocr_dataset/unlabeled/plate_20260828_124456_110894_conf0.768.jpg	EJ4-090	0.0777	review
ocr_dataset/unlabeled/plate_20260828_124506_140592_conf0.738.jpg	EBE73	0.0544	review
ocr_dataset/unlabeled/plate_20260828_124517_881481_conf0.707.jpg	M	0.8713	review
ocr_dataset/unlabeled/plate_20260828_124631_584516_conf0.739.jpg	W	0.9719	review
ocr_dataset/unlabeled/plate_20260828_124643_208213_conf0.601.jpg	EEH	0.1121	review
ocr_dataset/unlabeled/plate_20260828_124653_589252_conf0.730.jpg	MM1	0.2260	review
ocr_dataset/unlabeled/plate_20260828_124744_756828_conf0.660.jpg	MOTL	0.0556	review
ocr_dataset/unlabeled/plate_20260828_124757_615155_conf0.789.jpg	MDI	0.0577	review
ocr_dataset/unlabeled/plate_20260828_124814_155115_conf0.252.jpg		0.0000	review
ocr_dataset/unlabeled/plate_20260828_124834_954657_conf0.503.jpg	E	0.6626	review
ocr_dataset/unlabeled/plate_20260828_124845_035002_conf0.561.jpg	IED	0.0763	review
ocr_dataset/unlabeled/plate_20260828_124855_058224_conf0.516.jpg	W	0.7105	review
ocr_dataset/unlabeled/plate_20260828_124927_133955_conf0.638.jpg	IKO	0.1254	review
ocr_dataset/unlabeled/plate_20260828_124938_112929_conf0.654.jpg		0.0000	review
ocr_dataset/unlabeled/plate_20260828_124951_800723_conf0.545.jpg		0.0000	review
ocr_dataset/unlabeled/plate_20260828_125004_230536_conf0.774.jpg	BK029	0.1338	review
ocr_dataset/unlabeled/plate_20260828_125014_339486_conf0.660.jpg		0.0000	review
ocr_dataset/unlabeled/plate_20260828_125113_017886_conf0.724.jpg	MM	0.2616	review
ocr_dataset/unlabeled/plate_20260828_125124_877322_conf0.685.jpg	L	0.5295	review
ocr_dataset/unlabeled/plate_20260828_125135_709004_conf0.684.jpg	MBD	0.0437	review
ocr_dataset/unlabeled/plate_20260828_125156_079165_conf0.296.jpg		0.0000	review
ocr_dataset/unlabeled/plate_20260828_125231_467051_conf0.831.jpg	RDP-762	0.4973	review
ocr_dataset/unlabeled/plate_20260828_125243_404205_conf0.758.jpg	WD	0.1877	review
ocr_dataset/unlabeled/plate_20260828_125254_626514_conf0.724.jpg	ME	0.1217	review
ocr_dataset/unlabeled/plate_20260828_125409_163139_conf0.767.jpg	W052	0.1744	review
ocr_dataset/unlabeled/plate_20260828_125424_822400_conf0.695.jpg	ER27	0.0584	review
ocr_dataset/unlabeled/plate_20260828_125435_688352_conf0.604.jpg	M	0.5016	review
ocr_dataset/unlabeled/plate_20260828_125459_254121_conf0.770.jpg	LRFC169	0.6963	review
ocr_dataset/unlabeled/plate_20260828_125515_534154_conf0.748.jpg	EHLD206	0.2520	review
ocr_dataset/unlabeled/plate_20260828_125525_572944_conf0.730.jpg	ED208	0.3616	review
ocr_dataset/unlabeled/plate_20260828_125535_596309_conf0.732.jpg	FHED2	0.2839	review
ocr_dataset/unlabeled/plate_20260828_125547_339218_conf0.759.jpg	RBT27	0.0687	review
ocr_dataset/unlabeled/plate_20260828_125604_701520_conf0.772.jpg	F2B9	0.2320	review
ocr_dataset/unlabeled/plate_20260828_125618_255681_conf0.676.jpg	LRIR35S	0.0896	review
ocr_dataset/unlabeled/plate_20260828_125631_875864_conf0.744.jpg	WE62	0.1615	review
ocr_dataset/unlabeled/plate_20260828_125642_166568_conf0.748.jpg	IC4079	0.1641	review
ocr_dataset/unlabeled/plate_20260828_125737_974168_conf0.756.jpg	ME	0.1274	review
ocr_dataset/unlabeled/plate_20260828_125756_674596_conf0.711.jpg		0.0000	review
ocr_dataset/unlabeled/plate_20260828_125806_699329_conf0.674.jpg		0.0000	review
ocr_dataset/unlabeled/plate_20260828_125816_714211_conf0.713.jpg	RGR-TE	0.1358	review
ocr_dataset/unlabeled/plate_20260828_125826_906266_conf0.679.jpg	KE	0.1553	review
ocr_dataset/unlabeled/plate_20260828_125857_220042_conf0.690.jpg		0.0000	review
ocr_dataset/unlabeled/plate_20260828_125907_238431_conf0.688.jpg		0.0000	review
ocr_dataset/unlabeled/plate_20260828_125917_265784_conf0.738.jpg	MEBED	0.0472	review
ocr_dataset/unlabeled/plate_20260828_125931_090657_conf0.743.jpg		0.0000	review
ocr_dataset/unlabeled/plate_20260828_125950_148893_conf0.735.jpg	EHZ5	0.0276	review
ocr_dataset/unlabeled/plate_20260828_130000_168572_conf0.743.jpg	E	0.5480	review
ocr_dataset/unlabeled/plate_20260828_130034_636351_conf0.680.jpg	DM	0.2275	review
ocr_dataset/unlabeled/plate_20260828_130046_389382_conf0.783.jpg	M650	0.1955	review
ocr_dataset/unlabeled/plate_20260828_130059_358670_conf0.627.jpg		0.0000	review
ocr_dataset/unlabeled/plate_20260828_130118_498163_conf0.312.jpg		0.0000	review
ocr_dataset/unlabeled/plate_20260828_130209_265315_conf0.753.jpg	JDC161	0.1431	review
ocr_dataset/unlabeled/plate_20260828_130219_293201_conf0.405.jpg		0.0000	review
ocr_dataset/unlabeled/plate_20260828_130229_598516_conf0.561.jpg	6T	0.1258	review
ocr_dataset/unlabeled/plate_20260828_130258_188475_conf0.778.jpg	E	0.6811	review
ocr_dataset/unlabeled/plate_20260828_130344_695995_conf0.735.jpg	IMCPE	0.0582	review
ocr_dataset/unlabeled/plate_20260828_130359_510217_conf0.751.jpg	MCJ9B	0.0564	review
ocr_dataset/unlabeled/plate_20260828_130409_772262_conf0.728.jpg	E5J	0.0333	review
ocr_dataset/unlabeled/plate_20260828_130420_123215_conf0.736.jpg	MZ	0.3861	review
ocr_dataset/unlabeled/plate_20260828_130456_901301_conf0.759.jpg	60	0.1398	review
ocr_dataset/unlabeled/plate_20260828_130517_467574_conf0.763.jpg	209	0.3858	review
ocr_dataset/unlabeled/plate_20260828_130550_699973_conf0.337.jpg	E	0.8259	review
ocr_dataset/unlabeled/plate_20260828_130625_134859_conf0.759.jpg	ION	0.0950	review
ocr_dataset/unlabeled/plate_20260828_130635_149333_conf0.789.jpg	ROR	0.2277	review
ocr_dataset/unlabeled/plate_20260828_130736_758185_conf0.774.jpg	MI	0.0229	review
ocr_dataset/unlabeled/plate_20260828_130831_739174_conf0.779.jpg	IRYB22Z	0.1398	review
ocr_dataset/unlabeled/plate_20260828_130908_945893_conf0.736.jpg	M	0.9839	review
ocr_dataset/unlabeled/plate_20260828_130935_390147_conf0.752.jpg	PF2220	0.2553	review
ocr_dataset/unlabeled/plate_20260828_131040_879125_conf0.825.jpg	PKX62	0.4968	review
ocr_dataset/unlabeled/plate_20260828_131059_379533_conf0.688.jpg	L	0.0766	review
ocr_dataset/unlabeled/plate_20260828_131109_405212_conf0.715.jpg	EE	0.4228	review
ocr_dataset/unlabeled/plate_20260828_131119_424331_conf0.783.jpg	MWD5D	0.4358	review
ocr_dataset/unlabeled/plate_20260828_131129_616232_conf0.721.jpg	ER2	0.3858	review
ocr_dataset/unlabeled/plate_20260828_131143_361764_conf0.502.jpg		0.0000	review
ocr_dataset/unlabeled/plate_20260828_131153_525642_conf0.760.jpg	MM	0.4962	review
ocr_dataset/unlabeled/plate_20260828_131205_948676_conf0.776.jpg	REVO9	0.1639	review
ocr_dataset/unlabeled/plate_20260828_131216_873669_conf0.253.jpg		0.0000	review
ocr_dataset/unlabeled/plate_20260828_131231_245673_conf0.696.jpg	MR354L	0.0580	review
ocr_dataset/unlabeled/plate_20260828_131317_700158_conf0.755.jpg	MEFM	0.3483	review
ocr_dataset/unlabeled/plate_20260828_131327_802360_conf0.746.jpg	BE	0.1371	review
ocr_dataset/unlabeled/plate_20260828_131510_735963_conf0.665.jpg		0.0000	review
ocr_dataset/unlabeled/plate_20260828_131522_956851_conf0.695.jpg		0.0000	review
ocr_dataset/unlabeled/plate_20260828_131707_163153_conf0.691.jpg		0.0000	review
ocr_dataset/unlabeled/plate_20260828_131809_589306_conf0.677.jpg	RR	0.4006	review
ocr_dataset/unlabeled/plate_20260828_131822_220252_conf0.597.jpg		0.0000	review
ocr_dataset/unlabeled/plate_20260828_131843_828505_conf0.758.jpg	W	0.2535	review
ocr_dataset/unlabeled/plate_20260828_131944_218733_conf0.792.jpg	EVDZEZ	0.2252	review
ocr_dataset/unlabeled/plate_20260828_132006_190335_conf0.634.jpg	WM	0.1777	review
ocr_dataset/unlabeled/plate_20260828_132018_618427_conf0.702.jpg		0.0000	review
ocr_dataset/unlabeled/plate_20260828_132047_407749_conf0.776.jpg	ECD	0.1248	review
ocr_dataset/unlabeled/plate_20260828_132057_514731_conf0.773.jpg	ECD	0.2560	review
ocr_dataset/unlabeled/plate_20260828_132109_052683_conf0.692.jpg	C558	0.5413	review
ocr_dataset/unlabeled/plate_20260828_132135_218355_conf0.761.jpg	KDL209	0.7487	review
ocr_dataset/unlabeled/plate_20260828_132147_480063_conf0.328.jpg		0.0000	review
ocr_dataset/unlabeled/plate_20260828_132212_483787_conf0.758.jpg	R0592	0.1806	review
ocr_dataset/unlabeled/plate_20260828_132239_562851_conf0.782.jpg	IES	0.4421	review
ocr_dataset/unlabeled/plate_20260828_132249_588397_conf0.746.jpg	MSMZ	0.1640	review
ocr_dataset/unlabeled/plate_20260828_132331_170125_conf0.748.jpg	PX4250	0.3438	review
ocr_dataset/unlabeled/plate_20260828_132355_216979_conf0.827.jpg		0.0000	review
ocr_dataset/unlabeled/plate_20260828_132438_076454_conf0.760.jpg	R	0.5265	review
ocr_dataset/unlabeled/plate_20260828_132448_974018_conf0.774.jpg	H64	0.1020	review
ocr_dataset/unlabeled/plate_20260828_132500_159865_conf0.258.jpg		0.0000	review
ocr_dataset/unlabeled/plate_20260828_132510_184944_conf0.687.jpg	MD	0.1054	review
ocr_dataset/unlabeled/plate_20260828_132525_285687_conf0.775.jpg	FMP02	0.2580	review
ocr_dataset/unlabeled/plate_20260828_132610_411248_conf0.793.jpg	HBC82Z	0.5011	review
ocr_dataset/unlabeled/plate_20260828_132622_683156_conf0.713.jpg	MDI	0.0671	review
ocr_dataset/unlabeled/plate_20260828_132643_450768_conf0.698.jpg		0.0000	review
ocr_dataset/unlabeled/plate_20260828_132754_340601_conf0.725.jpg	WD	0.5492	review
ocr_dataset/unlabeled/plate_20260828_132820_837371_conf0.760.jpg	RE9	0.2359	review
ocr_dataset/unlabeled/plate_20260828_132831_221287_conf0.334.jpg	ETZ	0.1055	review
ocr_dataset/unlabeled/plate_20260828_132841_444783_conf0.574.jpg	1	0.1862	review
ocr_dataset/unlabeled/plate_20260828_132851_450378_conf0.550.jpg		0.0000	review
ocr_dataset/unlabeled/plate_20260828_132920_951979_conf0.702.jpg	KZ	0.1349	review
ocr_dataset/unlabeled/plate_20260828_132930_971477_conf0.591.jpg	FC	0.1234	review
ocr_dataset/unlabeled/plate_20260828_132954_776832_conf0.770.jpg	46377	0.0633	review
ocr_dataset/unlabeled/plate_20260828_133009_115769_conf0.787.jpg	BGW	0.0800	review
ocr_dataset/unlabeled/plate_20260828_133026_122924_conf0.765.jpg	MEM	0.3452	review
ocr_dataset/unlabeled/plate_20260828_133056_320561_conf0.782.jpg	M3D	0.2449	review
ocr_dataset/unlabeled/plate_20260828_133106_795714_conf0.496.jpg	HE	0.0623	review
ocr_dataset/unlabeled/plate_20260828_133121_850570_conf0.775.jpg	ME5	0.1057	review
ocr_dataset/unlabeled/plate_20260828_133202_469790_conf0.775.jpg	KN2	0.3068	review
ocr_dataset/unlabeled/plate_20260828_133233_019320_conf0.737.jpg	WJ	0.0183	review
ocr_dataset/unlabeled/plate_20260828_133246_088354_conf0.739.jpg	IEL2	0.2260	review
ocr_dataset/unlabeled/plate_20260828_133310_129991_conf0.661.jpg	IM	0.3356	review
ocr_dataset/unlabeled/plate_20260828_133334_620872_conf0.644.jpg		0.0000	review
ocr_dataset/unlabeled/plate_20260828_133345_481687_conf0.324.jpg	WID	0.2263	review
ocr_dataset/unlabeled/plate_20260828_133408_205213_conf0.356.jpg		0.0000	review
ocr_dataset/unlabeled/plate_20260828_133422_656029_conf0.608.jpg		0.0000	review
ocr_dataset/unlabeled/plate_20260828_133432_896090_conf0.259.jpg		0.0000	review
ocr_dataset/unlabeled/plate_20260828_133450_226310_conf0.739.jpg	KF4M3	0.0831	review
ocr_dataset/unlabeled/plate_20260828_133500_698152_conf0.303.jpg	G2	0.0837	review
ocr_dataset/unlabeled/plate_20260828_133511_307460_conf0.746.jpg	QM	0.1268	review
ocr_dataset/unlabeled/plate_20260828_133521_904271_conf0.786.jpg	D	0.4076	review
ocr_dataset/unlabeled/plate_20260828_133531_990863_conf0.669.jpg	D	0.4145	review
ocr_dataset/unlabeled/plate_20260828_133544_741421_conf0.787.jpg	IEGM	0.0678	review
ocr_dataset/unlabeled/plate_20260828_133555_132681_conf0.500.jpg		0.0000	review
ocr_dataset/unlabeled/plate_20260828_133606_630533_conf0.761.jpg	BXB208	0.2113	review
ocr_dataset/unlabeled/plate_20260828_133616_820230_conf0.715.jpg		0.0000	review
ocr_dataset/unlabeled/plate_20260828_133632_430152_conf0.824.jpg	QZZ	0.1218	review
ocr_dataset/unlabeled/plate_20260828_133651_360965_conf0.805.jpg	M5	0.2018	review
ocr_dataset/unlabeled/plate_20260828_133704_950992_conf0.780.jpg	MWM	0.2067	review
ocr_dataset/unlabeled/plate_20260828_133714_955409_conf0.770.jpg	M	0.7766	review
ocr_dataset/unlabeled/plate_20260828_133736_089827_conf0.769.jpg	EW	0.1181	review
ocr_dataset/unlabeled/plate_20260828_133748_688806_conf0.438.jpg	L5E0	0.1162	review
ocr_dataset/unlabeled/plate_20260828_133805_148702_conf0.771.jpg	BP52DD	0.0270	review
ocr_dataset/unlabeled/plate_20260828_133815_524020_conf0.615.jpg	BR7D	0.0338	review
ocr_dataset/unlabeled/plate_20260828_133826_072090_conf0.642.jpg	E	0.8332	review
ocr_dataset/unlabeled/plate_20260828_133856_779943_conf0.638.jpg	ERD	0.2695	review
ocr_dataset/unlabeled/plate_20260828_133907_852134_conf0.611.jpg	BRD	0.0835	review
ocr_dataset/unlabeled/plate_20260828_133918_352356_conf0.766.jpg	K521	0.2380	review
ocr_dataset/unlabeled/plate_20260828_133940_922821_conf0.700.jpg	P3D	0.1578	review
ocr_dataset/unlabeled/plate_20260828_134020_032724_conf0.779.jpg	RUL6H	0.2948	review
ocr_dataset/unlabeled/plate_20260828_134030_057140_conf0.799.jpg	RUC6	0.7373	review
ocr_dataset/unlabeled/plate_20260828_134041_751142_conf0.774.jpg	ROEM	0.2922	review
ocr_dataset/unlabeled/plate_20260828_134052_540704_conf0.404.jpg	WWA	0.1808	review
ocr_dataset/unlabeled/plate_20260828_134102_804268_conf0.676.jpg		0.0000	review
ocr_dataset/unlabeled/plate_20260828_134113_109887_conf0.660.jpg	E9	0.2487	review
ocr_dataset/unlabeled/plate_20260828_134140_671755_conf0.736.jpg	IULBIBEY	0.0493	review
ocr_dataset/unlabeled/plate_20260828_134150_673387_conf0.771.jpg	LD3	0.1087	review
ocr_dataset/unlabeled/plate_20260828_134200_697458_conf0.784.jpg	L03	0.2190	review
ocr_dataset/unlabeled/plate_20260828_134210_739436_conf0.766.jpg	BK82	0.3053	review
ocr_dataset/unlabeled/plate_20260828_134222_805180_conf0.683.jpg	W	0.4001	review
ocr_dataset/unlabeled/plate_20260828_134254_566942_conf0.622.jpg	LE3	0.1907	review
ocr_dataset/unlabeled/plate_20260828_134304_903617_conf0.562.jpg	WK	0.0300	review
ocr_dataset/unlabeled/plate_20260828_134314_935014_conf0.597.jpg	MEE	0.0834	review
ocr_dataset/unlabeled/plate_20260828_134324_957762_conf0.523.jpg	4E6	0.0455	review
ocr_dataset/unlabeled/plate_20260828_134345_619271_conf0.739.jpg	WW1BD	0.0626	review
ocr_dataset/unlabeled/plate_20260828_134355_647260_conf0.604.jpg	LI52	0.0523	review
ocr_dataset/unlabeled/plate_20260828_134412_831140_conf0.695.jpg	DKD	0.0971	review
ocr_dataset/unlabeled/plate_20260828_134422_970471_conf0.684.jpg		0.0000	review
ocr_dataset/unlabeled/plate_20260828_134435_688737_conf0.791.jpg	MD	0.8049	review
ocr_dataset/unlabeled/plate_20260828_134541_149794_conf0.569.jpg		0.0000	review
ocr_dataset/unlabeled/plate_20260828_134553_142535_conf0.681.jpg		0.0000	review
ocr_dataset/unlabeled/plate_20260828_134623_378723_conf0.756.jpg	020	0.2447	review
ocr_dataset/unlabeled/plate_20260828_134720_450065_conf0.761.jpg	AIFK-518	0.2404	approved
ocr_dataset/unlabeled/plate_20260828_134736_820282_conf0.431.jpg	JRA-393	0.2631	approved
ocr_dataset/unlabeled/plate_20260828_134747_247756_conf0.675.jpg	PMY-246	0.2231	approved
ocr_dataset/unlabeled/plate_20260828_134757_468002_conf0.765.jpg	JXH-125	0.0946	approved
ocr_dataset/unlabeled/plate_20260828_134807_472032_conf0.689.jpg	PMY-246	0.1446	approved