id,tag,perturbation,gt,pred,char_accuracy,plate_accuracy,trace_hash,semantic_trace_hash,total_ms,search_ms,segment_count,expected_count,overlap_pen,density,density_pen,blocking,selected_boxes
test_004148_combo_EXT043,cut__max_column_sum_quantile__s1__minus,combo,EXT043,EX03,0.6666666666666667,0.0,8a0fe8a464782e2ae86093b176c941e15a6522f9de60b74f6892edac666ccc17,4a9c395e4af5f78ddfbd9a63d3d78877726b4d8dd6333c87a96aa964b1edcb45,371.2482862174511,0.4368247464299202,4,6,0.0,0.25713541666666667,0.0,1,"[[22,23,26,37],[52,22,68,39],[123,21,63,41],[188,22,29,41]]"
test_004148_combo_EXT043,cut__max_column_sum_quantile__s1__plus,combo,EXT043,EX03,0.6666666666666667,0.0,a868ca6b4bdb980f60a3e3e190c0bc2e6c2d9c14046d6ac0594623479e46ba31,9fdec40c02d509e31bacd75a583e41f96385f9758f9fa654540f19e5b68d062c,472.93482162058353,0.41508395224809647,4,6,0.0,0.25713541666666667,0.0,1,"[[22,23,26,37],[52,22,68,39],[123,21,63,41],[188,22,29,41]]"
test_004148_combo_EXT043,cut__max_column_sum_quantile__s2__minus,combo,EXT043,EX03,0.6666666666666667,0.0,e5eb40495dba796518efe9d1ef256e74838cf1793c3ba46e23f943a52f428e82,19bde79ecf4b8378992763ff4abb6ae8ebb2828720d12763f740fd85313f12b4,446.3858064264059,0.3958269953727722,4,6,0.0,0.25713541666666667,0.0,1,"[[22,23,26,37],[52,22,68,39],[123,21,63,41],[188,22,29,41]]"
test_004148_combo_EXT043,cut__max_column_sum_quantile__s2__plus,combo,EXT043,EX03,0.6666666666666667,0.0,998a705724f823e94b2755cb43d200a495768b1d5c79afbc6204034899f9a52d,6b26fe4317330b504f26fa608b5893efdca777c3b68b3ba0c2057c03c780ed6f,436.68963853269815,0.42708590626716614,4,6,0.0,0.25713541666666667,0.0,1,"[[22,23,26,37],[52,22,68,39],[123,21,63,41],[188,22,29,41]]"
test_004148_combo_EXT043,cut__max_column_sum_quantile__s4__minus,combo,EXT043,EX03,0.6666666666666667,0.0,9fa631f2c26dcf85ae61cb9fad87c2f075652dd7be790ae993e29718e48126c7,5088f00bf0412cf35e338cc5ff72e96231093f306ec5384efd575a73f80af05e,411.4748304709792,0.4383968189358711,4,6,0.0,0.25713541666666667,0.0,1,"[[22,23,26,37],[52,22,68,39],[123,21,63,41],[188,22,29,41]]"
test_004148_combo_EXT043,cut__max_column_sum_quantile__s4__plus,combo,EXT043,EX03,0.6666666666666667,0.0,98e1827349a2a6fbc545cfbfe4730fe8b4ff0a0f84400f11a95237219dd17978,471520f0387c6e5d3c8fd8b792a54ca68ca7c7f8d72032a663892ac268918cba,469.1673703491688,0.4139924421906471,4,6,0.0,0.25713541666666667,0.0,1,"[[22,23,26,37],[52,22,68,39],[123,21,63,41],[188,22,29,41]]"
test_004148_combo_EXT043,cut__min_rel_width_for_split__s1__minus,combo,EXT043,EX03,0.6666666666666667,0.0,03ea2192bdaa3b3a93daed2498941032712f07fdb065601a038897c51bcf5737,0191aaf7af163a22b2aa02933c437465fd97b358653dcc7e32cd635d06da96f4,481.8310299888253,0.4110662266612053,4,6,0.0,0.25713541666666667,0.0,1,"[[22,23,26,37],[52,22,68,39],[123,21,63,41],[188,22,29,41]]"
test_004148_combo_EXT043,cut__min_rel_width_for_split__s1__plus,combo,EXT043,EX03,0.6666666666666667,0.0,64dc3534b558bf3d2c502f832797b603734a67bffa696c3c0815510abaa4a205,01eb4160ce73c5bc6f08be182411d8a7387938fb9d759f26a576a9849d8b223b,374.73511323332787,0.4281783476471901,4,6,0.0,0.25713541666666667,0.0,1,"[[22,23,26,37],[52,22,68,39],[123,21,63,41],[188,22,29,41]]"
test_004148_combo_EXT043,cut__min_rel_width_for_split__s2__minus,combo,EXT043,EXT03,0.8333333333333334,0.0,f780b69fd789c061327f8ea42bad9da4598ffc331c1dc27c337b84a7d4567a28,84163b0406b6979642c71ce31d21bd173ea902cd32bf9291aeba95fcdfaf8722,628.0990373343229,44.58863567560911,5,6,0.0,0.25713541666666667,0.0,1,"[[22,23,26,37],[52,22,41,39],[93,22,27,38],[123,21,63,41],[188,22,29,41]]"
test_004148_combo_EXT043,cut__min_rel_width_for_split__s2__plus,combo,EXT043,EX03,0.6666666666666667,0.0,89412286f08e7bf92be5cbdb6de8f3106560ec0f179f8e9fcf683d6ff79540d7,4481650890dc50654a62ab058805ee019f42fe9b2bd6d34b04cbfe3d0141d590,478.9386773481965,0.4007061943411827,4,6,0.0,0.25713541666666667,0.0,1,"[[22,23,26,37],[52,22,68,39],[123,21,63,41],[188,22,29,41]]"
test_004148_combo_EXT043,cut__min_rel_width_for_split__s4__minus,combo,EXT043,EXT03,0.8333333333333334,0.0,374994de0ca5968f08de0f216149f9c48b98236b855f79186905890af2cde82c,3994e4aceb1e5661c9f7c650fd71589293f889007a62a6c4e094e594f5a96b4a,536.1045468598604,57.870570570230484,5,6,0.0,0.25713541666666667,0.0,1,"[[22,23,26,37],[52,22,41,39],[93,22,27,38],[123,21,63,41],[188,22,29,41]]"
test_004148_combo_EXT043,cut__min_rel_width_for_split__s4__plus,combo,EXT043,EX03,0.6666666666666667,0.0,48cfb0a9df3727c414488552024572211a1b71902acddd9afca4210b257bad3f,73f30783b669459da4925f40cd0ccf81725ca8bb7b3b314db8dbb250dab29506,418.2389425113797,0.42148586362600327,4,6,0.0,0.25713541666666667,0.0,1,"[[22,23,26,37],[52,22,68,39],[123,21,63,41],[188,22,29,41]]"
test_004148_combo_EXT043,reference,combo,EXT043,EX03,0.6666666666666667,0.0,3e91f800243be0dc7840e6d7c5170c0c15a9930b74ef77628436b232bf9cfb44,987421bbbe7407827a2f2c232a922e9b6f9e1f619ed067edb91bd51d4f040576,429.5009644702077,0.41181687265634537,4,6,0.0,0.25713541666666667,0.0,1,"[[22,23,26,37],[52,22,68,39],[123,21,63,41],[188,22,29,41]]"
test_004148_combo_EXT043,scoring__blocking_gap_ratio__s1__minus,combo,EXT043,EX03,0.6666666666666667,0.0,57dbb34db5f2df047c871ca29f81e21694a707a6edb016dc81a651553c57268f,1ee4d7ca8fb0f283bbeb2250a5454dfe2946a860b3360517efdb30415c5e2bef,458.46391189843416,0.40955469012260437,4,6,0.0,0.25713541666666667,0.0,0,"[[22,23,26,37],[52,22,68,39],[123,21,63,41],[188,22,29,41]]"
test_004148_combo_EXT043,scoring__blocking_gap_ratio__s1__plus,combo,EXT043,EX03,0.6666666666666667,0.0,ad2cb262311541d70c2c08678d4700e411045ef1792e3365ee818a700bcc90e4,f8d3df732e0a580e4b8547a0b4f9db202ee427539640ea5aee9beae165cd39a0,430.25535997003317,0.39836205542087555,4,6,0.0,0.25713541666666667,0.0,1,"[[22,23,26,37],[52,22,68,39],[123,21,63,41],[188,22,29,41]]"
test_004148_combo_EXT043,scoring__blocking_gap_ratio__s2__minus,combo,EXT043,EX03,0.6666666666666667,0.0,ff454f88ec0156a9d748fd2d53945017563926cb604db7090ed2c4b6b36be859,ddf5e1ea43349543ce1ad2b13eb1075b218f133df88f8fd42b9e81a1e3fe4ad9,557.9432928934693,0.40842127054929733,4,6,0.0,0.25713541666666667,0.0,0,"[[22,23,26,37],[52,22,68,39],[123,21,63,41],[188,22,29,41]]"
test_004148_combo_EXT043,scoring__blocking_gap_ratio__s2__plus,combo,EXT043,EX03,0.6666666666666667,0.0,57cd66032105583274eaef4ad1b3bc79c01fe52e9bcdb07667dbb2748d6d655b,2457971146f60e0ea24e8f57482307554e81fb3cf7f0969e3907bffaf6452004,447.38044310361147,0.42901095002889633,4,6,0.0,0.25713541666666667,0.0,2,"[[22,23,26,37],[52,22,68,39],[123,21,63,41],[188,22,29,41]]"
test_004148_combo_EXT043,scoring__blocking_gap_ratio__s4__minus,combo,EXT043,EX03,0.6666666666666667,0.0,4bc2cfc153f43434a78512dbe8c98adc5bd09c949c238121828a9099484227b2,cd65994bde8c854d8a3de14664b781fb1bb6c18a7f67195d314ab0a613712dd2,406.1718909069896,0.40060654282569885,4,6,0.0,0.25713541666666667,0.0,0,"[[22,23,26,37],[52,22,68,39],[123,21,63,41],[188,22,29,41]]"
test_004148_combo_EXT043,scoring__blocking_gap_ratio__s4__plus,combo,EXT043,EX03,0.6666666666666667,0.0,b14995224729ede9e3db2f6e018de3bc45b3e50c131b614f32799a27eee7e6f5,7476a4f7f1804baa25619aa7189b6c01d3bdcb4ff93a48539578b7067eb8f839,368.95777378231287,0.40874071419239044,4,6,0.0,0.25713541666666667,0.0,2,"[[22,23,26,37],[52,22,68,39],[123,21,63,41],[188,22,29,41]]"
test_004148_combo_EXT043,scoring__rho_max__s1__minus,combo,EXT043,EX03,0.6666666666666667,0.0,ae321da8cbe3478eb35543151a404a2701b7785f4cd1e8b8d221b5be55e4e24b,428c92af25ada171b8c7d09da3b441b4fe308f09a8f5e69efe6f0d1bf6641577,490.6395198777318,0.4108063876628876,4,6,0.0,0.25713541666666667,0.0,1,"[[22,23,26,37],[52,22,68,39],[123,21,63,41],[188,22,29,41]]"
test_004148_combo_EXT043,scoring__rho_max__s1__plus,combo,EXT043,EX03,0.6666666666666667,0.0,2caa8ad16abc31191bc4bc3831722de0586179b7703a7a7690bc26d83577e557,4b1dbd3b33a00eb9e6bcdb39331920527adebfc396c74c07a8cef6d947828688,516.1236571148038,0.4243403673171997,4,6,0.0,0.25713541666666667,0.0,1,"[[22,23,26,37],[52,22,68,39],[123,21,63,41],[188,22,29,41]]"
test_004148_combo_EXT043,scoring__rho_max__s2__minus,combo,EXT043,EX03,0.6666666666666667,0.0,d64028f9d34e944c33269ae173645c2ba06fee484da61f426677687a18b9ffb1,2888b26518048449b417bf15e795d43a936251a841acbac845a02b2e21b3622b,374.75902307778597,0.4114871844649315,4,6,0.0,0.25713541666666667,0.0,1,"[[22,23,26,37],[52,22,68,39],[123,21,63,41],[188,22,29,41]]"
test_004148_combo_EXT043,scoring__rho_max__s2__plus,combo,EXT043,EX03,0.6666666666666667,0.0,3d7ef944e492aeea64732640323caa7ca4c527fb258fa415379038940e47e305,0d05fe2c6dbc4e44bbcb1500ea7a4c045c089556d7737124df26173a21bd759c,363.7730274349451,0.42091403156518936,4,6,0.0,0.25713541666666667,0.0,1,"[[22,23,26,37],[52,22,68,39],[123,21,63,41],[188,22,29,41]]"
test_004148_combo_EXT043,scoring__rho_max__s4__minus,combo,EXT043,EX03,0.6666666666666667,0.0,8164a3a1c233592be9b7b47f03445dda4a07417d2e0caf6748fc9a6953f32489,5e0e1bed27b44616e36de1041899c2f388718b9b0f4c671cfaad7ee08fb71e3d,429.5727498829365,0.3871209919452667,4,6,0.0,0.25713541666666667,0.0,1,"[[22,23,26,37],[52,22,68,39],[123,21,63,41],[188,22,29,41]]"
test_004148_combo_EXT043,scoring__rho_max__s4__plus,combo,EXT043,EX03,0.6666666666666667,0.0,9e208499c1b02dd332beef3d3a29f12bbe87af8c7ecb4e1f7ddc8a8113d652b9,e944f58ab5cc3513326307cfed125b4872cc8e2b5d52d6f48a2bdb25fead0185,448.93852435052395,0.40646735578775406,4,6,0.0,0.25713541666666667,0.0,1,"[[22,23,26,37],[52,22,68,39],[123,21,63,41],[188,22,29,41]]"
test_004148_combo_EXT043,scoring__w_overlap__s1__minus,combo,EXT043,EX03,0.6666666666666667,0.0,c237a0f263b93981e4397ee8e16aac4a407009994c46d0683cd7d2d030f3ae3d,0394b424e75903af2d92437b01951dba8f7cf129f4f21b0de48c38174a56f7f4,390.11184126138687,0.4108566790819168,4,6,0.0,0.25713541666666667,0.0,1,"[[22,23,26,37],[52,22,68,39],[123,21,63,41],[188,22,29,41]]"
test_004148_combo_EXT043,scoring__w_overlap__s1__plus,combo,EXT043,EX03,0.6666666666666667,0.0,cbed9cb9846ff079ce61b04cd5e47489187fda16148325fb8a2d6a18ebac8b54,9292c853d44c992071aed22eeed7e99f0cd8bcd0bc7da01be7de5290cce2b5e8,420.41861545294523,0.41464250534772873,4,6,0.0,0.25713541666666667,0.0,1,"[[22,23,26,37],[52,22,68,39],[123,21,63,41],[188,22,29,41]]"
test_004148_combo_EXT043,scoring__w_overlap__s2__minus,combo,EXT043,EX03,0.6666666666666667,0.0,a98a67d27b8558c83e667b8823df4e01d9e7770227e2a574f6b14b36f32eb60f,2f92429aae4b618238b5afc598a79db417f61a6e19e188dfe43f535908aeb3e2,516.6970351710916,0.42852945625782013,4,6,0.0,0.25713541666666667,0.0,1,"[[22,23,26,37],[52,22,68,39],[123,21,63,41],[188,22,29,41]]"
test_004148_combo_EXT043,scoring__w_overlap__s2__plus,combo,EXT043,EX03,0.6666666666666667,0.0,2da4c552f696e44b13e0268f54a4db0741e17abbcca63e15a72f72f04b67f5f9,2d1e15f107937564fa0a8132331586509f75b8deb6fbeeb81b6163b986bd3b63,417.1172119677067,0.4026908427476883,4,6,0.0,0.25713541666666667,0.0,1,"[[22,23,26,37],[52,22,68,39],[123,21,63,41],[188,22,29,41]]"
test_004148_combo_EXT043,scoring__w_overlap__s4__minus,combo,EXT043,EX03,0.6666666666666667,0.0,909e2eff21adab3befe9059d01e3058798e294f528078c895941b7759b0398a8,fb5683c284ba4f7d7d5e481a48d8af5e21f72d61c22584dc6c3f1fc20dbc28fb,408.9368116110563,0.3978712484240532,4,6,0.0,0.25713541666666667,0.0,1,"[[22,23,26,37],[52,22,68,39],[123,21,63,41],[188,22,29,41]]"
test_004148_combo_EXT043,scoring__w_overlap__s4__plus,combo,EXT043,EX03,0.6666666666666667,0.0,b949b2614dd793ddc53f0e748debbea26c4cdd306ac3eb4597d78350ce820f48,aa9f6f149d900808867390833a4e9a18a12b46a9d5e9bbffb2d586685ebb4feb,440.3311451897025,0.41087623685598373,4,6,0.0,0.25713541666666667,0.0,1,"[[22,23,26,37],[52,22,68,39],[123,21,63,41],[188,22,29,41]]"
test_004148_combo_EXT043,scoring__w_prior__s1__minus,combo,EXT043,EX03,0.6666666666666667,0.0,55dd10857fb75972f56dd232f26b6f88b7b4020bd48bd4f06d78f77c389ebf84,9da172bb0e5a8af24fd02ba9cfdb7c7ef55a43eef9ed2cba6672d08cbc5aa8e0,387.0547516271472,0.4062578082084656,4,6,0.0,0.25713541666666667,0.0,1,"[[22,23,26,37],[52,22,68,39],[123,21,63,41],[188,22,29,41]]"
test_004148_combo_EXT043,scoring__w_prior__s1__plus,combo,EXT043,EX03,0.6666666666666667,0.0,8012cd16dcb16bfdbdb307f64e6f78886855b33670e6fe14cbdfc0cee3c1eed0,10d1b7fea8e231cd55adc00d5ce2599b68ba794f5104575ff94d3d5114378b18,452.724470756948,0.4197321832180023,4,6,0.0,0.25713541666666667,0.0,1,"[[22,23,26,37],[52,22,68,39],[123,21,63,41],[188,22,29,41]]"
test_004148_combo_EXT043,scoring__w_prior__s2__minus,combo,EXT043,EX03,0.6666666666666667,0.0,d719907f961448abbd5349ff03007742bd481ad7308c9fdf4831824f6c0639f4,3f7684d3c923c8b53d752a6f23984c25b335abe2dd45549e12aeef7580bc94ec,434.0019477531314,0.40039606392383575,4,6,0.0,0.25713541666666667,0.0,1,"[[22,23,26,37],[52,22,68,39],[123,21,63,41],[188,22,29,41]]"
test_004148_combo_EXT043,scoring__w_prior__s2__plus,combo,EXT043,EX03,0.6666666666666667,0.0,a481b56c5903f6b2376eafca1f643754d54d56badc708632793009811dcc18d4,3e2629c6490582f5772820b85cd4442a7fa02336abc5c4ac443a746f79ab637f,374.2514764890075,0.4140818491578102,4,6,0.0,0.25713541666666667,0.0,1,"[[22,23,26,37],[52,22,68,39],[123,21,63,41],[188,22,29,41]]"
test_004148_combo_EXT043,scoring__w_prior__s4__minus,combo,EXT043,EX03,0.6666666666666667,0.0,5b4ee2ee25a69b952250a4cb5a36534cf794a2e1b57a3a2bd8fbd0cc292888ce,c6221e0581dc9d0e970f40e4d10b727327b79029106e44a9a5b1e9f3b76e8521,436.52027752250433,0.4250025376677513,4,6,0.0,0.25713541666666667,0.0,1,"[[22,23,26,37],[52,22,68,39],[123,21,63,41],[188,22,29,41]]"
test_004148_combo_EXT043,scoring__w_prior__s4__plus,combo,EXT043,EX03,0.6666666666666667,0.0,5fd2d71e0ead9bcb1c9a85ffb819edc04c5b3f91756353fc6addf221244ead37,698ec571c347af6a393fa74960f10876272922541e41f2a1bd1c7b766b9dc49e,468.471753410995,0.41583459824323654,4,6,0.0,0.25713541666666667,0.0,1,"[[22,23,26,37],[52,22,68,39],[123,21,63,41],[188,22,29,41]]"
test_004519_blur_CVS112,cut__max_column_sum_quantile__s1__minus,blur,CVS112,CVS112,1.0,1.0,7cb63dc9a28ae988da2f6b6eab3a35f590df7fdb935cefa9647ce221b093530e,de08644ac0a25cdf44f57e12ab00ad1c47aa6b213108174ba2d572e29f07143c,689.3062256276608,0.4238095134496689,6,6,0.0,0.13442708333333334,0.0,0,"[[17,21,24,33],[52,21,28,32],[91,22,23,33],[139,21,20,33],[174,22,20,33],[208,21,21,33]]"
test_004519_blur_CVS112,cut__max_column_sum_quantile__s1__plus,blur,CVS112,CVS112,1.0,1.0,e9fc91245e550d4da7ffb183762fb8de15bf1695159ebbcd7475836e50a398f3,a84b67ca1b9e0623fb81b988ff85d9487be254aae5f74ed3a68c7618f397d8ee,690.2800556272268,3.4716837108135223,6,6,0.0,0.13442708333333334,0.0,0,"[[17,21,24,33],[52,21,28,32],[91,22,23,33],[139,21,20,33],[174,22,20,33],[208,21,21,33]]"
test_004519_blur_CVS112,cut__max_column_sum_quantile__s2__minus,blur,CVS112,CVS112,1.0,1.0,0672b7032dca4dd0a0f0796b1132716453f01421e26a47429397d9b7f045ead1,6935555bc85a856eeb87a6a8809a328903ed2588bd67300563e3aa98cb56e004,627.9237670823932,0.4379367455840111,6,6,0.0,0.13442708333333334,0.0,0,"[[17,21,24,33],[52,21,28,32],[91,22,23,33],[139,21,20,33],[174,22,20,33],[208,21,21,33]]"
test_004519_blur_CVS112,cut__max_column_sum_quantile__s2__plus,blur,CVS112,CVS112,1.0,1.0,d8f027a5cbfbde27825cf738e33195320b487df26a41a51f796bc42ca5a741f0,1dc4a3ba6f46d3b31e893058f350878af5986bb76d5bafe5aa5c07bb6eeb066e,668.5662204399705,0.4501808434724808,6,6,0.0,0.13442708333333334,0.0,0,"[[17,21,24,33],[52,21,28,32],[91,22,23,33],[139,21,20,33],[174,22,20,33],[208,21,21,33]]"
test_004519_blur_CVS112,cut__max_column_sum_quantile__s4__minus,blur,CVS112,CVS112,1.0,1.0,3dca17b37522bf95a7d921d46e7ee29612fae76582423ac87bb719dbfdc71362,4fa6ee766bb128409e88f493f0fb63d9131c86a05fa0b969620d3886ea26ce09,619.1737810149789,0.4313858225941658,6,6,0.0,0.13442708333333334,0.0,0,"[[17,21,24,33],[52,21,28,32],[91,22,23,33],[139,21,20,33],[174,22,20,33],[208,21,21,33]]"
test_004519_blur_CVS112,cut__max_column_sum_quantile__s4__plus,blur,CVS112,CVS112,1.0,1.0,7676b7678b94165714f6c6c7a38b96a8fa4715373966c35d6c208024df4783e2,0e9a150b49c1f90e33cd46ab6a41f773409cc61038d739af3eac863f301e0e68,652.9515506699681,0.41113607585430145,6,6,0.0,0.13442708333333334,0.0,0,"[[17,21,24,33],[52,21,28,32],[91,22,23,33],[139,21,20,33],[174,22,20,33],[208,21,21,33]]"
test_004519_blur_CVS112,cut__min_rel_width_for_split__s1__minus,blur,CVS112,CVS112,1.0,1.0,87d983948e0fd383c8f00a3228fe01bf8676a6260ce1c69b34ce0547f63d2e3f,f5823f5438d4fc17e4a3b03d0484241153664e7f326cd64847217de75f08c5e4,629.9292761832476,0.47075841575860977,6,6,0.0,0.13442708333333334,0.0,0,"[[17,21,24,33],[52,21,28,32],[91,22,23,33],[139,21,20,33],[174,22,20,33],[208,21,21,33]]"
test_004519_blur_CVS112,cut__min_rel_width_for_split__s1__plus,blur,CVS112,CVS112,1.0,1.0,1f76efa8b732c2eec8bb9ca2d3427f3158c55af37c7949cfaa336102ec898dc1,24d7521376e5579771d7668be9512001b0e78a228d3b136dec28af323c744b00,627.171291038394,0.45754294842481613,6,6,0.0,0.13442708333333334,0.0,0,"[[17,21,24,33],[52,21,28,32],[91,22,23,33],[139,21,20,33],[174,22,20,33],[208,21,21,33]]"
test_004519_blur_CVS112,cut__min_rel_width_for_split__s2__minus,blur,CVS112,CVS112,1.0,1.0,fe1582be312dd713404cc659deb8602cbd21471b874d9d51cd037592ffa94bb0,69668a47815f8f45b82509122c879ac60b45a6f87f8bc2fcb7a6aabbdf1200b8,601.3100920245051,0.45316480100154877,6,6,0.0,0.13442708333333334,0.0,0,"[[17,21,24,33],[52,21,28,32],[91,22,23,33],[139,21,20,33],[174,22,20,33],[208,21,21,33]]"
test_004519_blur_CVS112,cut__min_rel_width_for_split__s2__plus,blur,CVS112,CVS112,1.0,1.0,83f99e73cb16e3453253dc9f0589045c28d08b8bc31455343f53e63533564084,52cf96fc6a6e2e1e5100b6b44280b2fc0266ef2d4bbd6614e7ec3fe281041e18,570.1639857143164,0.4675835371017456,6,6,0.0,0.13442708333333334,0.0,0,"[[17,21,24,33],[52,21,28,32],[91,22,23,33],[139,21,20,33],[174,22,20,33],[208,21,21,33]]"
test_004519_blur_CVS112,cut__min_rel_width_for_split__s4__minus,blur,CVS112,CVS112,1.0,1.0,6052dafce24315e51e6fdc66881ec829d35356801c6124e987ddec1bd886e620,d21a9775587323b3d0cb3b446fd6ac0299cdada0cd9c9d352a1ddb5f76b13489,717.0379441231489,14.485175721347332,6,6,0.0,0.13442708333333334,0.0,0,"[[17,21,24,33],[52,21,28,32],[91,22,23,33],[139,21,20,33],[174,22,20,33],[208,21,21,33]]"
test_004519_blur_CVS112,cut__min_rel_width_for_split__s4__plus,blur,CVS112,CVS112,1.0,1.0,8fc6cabfcb8eaee0cab586ed732895c62602362eb832db6c3248a266176a12b2,901a778e452d6632e923d0287e8b6f4a1b7a8784f99dba08b1515574bd7558b4,722.212266176939,0.4429556429386139,6,6,0.0,0.13442708333333334,0.0,0,"[[17,21,24,33],[52,21,28,32],[91,22,23,33],[139,21,20,33],[174,22,20,33],[208,21,21,33]]"
test_004519_blur_CVS112,reference,blur,CVS112,CVS112,1.0,1.0,bf8837e2468c765db0ad3424f86a18f5ef84f8aa9f50d6c318fae91fbb1d3da1,836af5d37d7cd0a64396da9778ca55c7507d983eec4d1599f5c99ac1d0d4ac39,542.1517146751285,0.4276987165212631,6,6,0.0,0.13442708333333334,0.0,0,"[[17,21,24,33],[52,21,28,32],[91,22,23,33],[139,21,20,33],[174,22,20,33],[208,21,21,33]]"
test_004519_blur_CVS112,reference_repeat,blur,CVS112,CVS112,1.0,1.0,d8bea0dac5601aff6b51365870ebfae10f2a89f4e92cadb91697f5fb2818bde0,836af5d37d7cd0a64396da9778ca55c7507d983eec4d1599f5c99ac1d0d4ac39,525.4350444301963,0.4400508478283882,6,6,0.0,0.13442708333333334,0.0,0,"[[17,21,24,33],[52,21,28,32],[91,22,23,33],[139,21,20,33],[174,22,20,33],[208,21,21,33]]"
test_004519_blur_CVS112,scoring__blocking_gap_ratio__s1__minus,blur,CVS112,CVS112,1.0,1.0,7d83fcc61bab6b8e6586e6904f06c803edc2cd541b90c4a91f9a9fc584ba42d9,0ccb650d06c4121d0f00402d7916b66761b84c69d7381c9b16d9bc6dc2ace8ae,624.7849809005857,0.470026396214962,6,6,0.0,0.13442708333333334,0.0,0,"[[17,21,24,33],[52,21,28,32],[91,22,23,33],[139,21,20,33],[174,22,20,33],[208,21,21,33]]"
test_004519_blur_CVS112,scoring__blocking_gap_ratio__s1__plus,blur,CVS112,CVS112,1.0,1.0,a5166e521a748cfca725504600fe04028c6c5feb3788aefd362bbdca14d4cdd9,68640179358c486adb9b9880ac04587ab910fb0b05a85473293ebfd4010c8359,659.3399113044143,0.4791654646396637,6,6,0.0,0.13442708333333334,0.0,0,"[[17,21,24,33],[52,21,28,32],[91,22,23,33],[139,21,20,33],[174,22,20,33],[208,21,21,33]]"
test_004519_blur_CVS112,scoring__blocking_gap_ratio__s2__minus,blur,CVS112,CVS112,1.0,1.0,9714c4f84800c019b48fa6b2e6f400ec0d4b15096454092ed016745bb95e66f4,93adad783ae46b53ebbdefda2bd1bdbd45fa1787cdcdfb106b511bce40c6ff00,632.8139519318938,0.4420643672347069,6,6,0.0,0.13442708333333334,0.0,0,"[[17,21,24,33],[52,21,28,32],[91,22,23,33],[139,21,20,33],[174,22,20,33],[208,21,21,33]]"
test_004519_blur_CVS112,scoring__blocking_gap_ratio__s2__plus,blur,CVS112,CVS112,1.0,1.0,e500fc09e09dcebc9aa7cdeb8ed01d4032e2f911fd850331aa527317dd2b009b,d35c3e26335b7ae74ef51c2e72c48c8c20ace92fcaa0e503ab03803a3a2d740b,677.926299162209,0.44960901141166687,6,6,0.0,0.13442708333333334,0.0,0,"[[17,21,24,33],[52,21,28,32],[91,22,23,33],[139,21,20,33],[174,22,20,33],[208,21,21,33]]"
test_004519_blur_CVS112,scoring__blocking_gap_ratio__s4__minus,blur,CVS112,CVS112,1.0,1.0,ca07e3ced964c5ba4738291213fc00b9844057cd87633e2331c04333f068600a,5cbceb0c05e5a10ac81df1b1ea5bbf674e7ed9bd59659ef47d61765586be6a19,672.5379358977079,0.44880807399749756,6,6,0.0,0.13442708333333334,0.0,0,"[[17,21,24,33],[52,21,28,32],[91,22,23,33],[139,21,20,33],[174,22,20,33],[208,21,21,33]]"
test_004519_blur_CVS112,scoring__blocking_gap_ratio__s4__plus,blur,CVS112,CVS112,1.0,1.0,f5af3f23b3934ab3dfff2a286e58f7688a55d4e3b06d5c1537b9f3140c4bab7d,f0d52c38935a9b37eb38dc92be3036e77a06c4800e9a00173ae3484a6092855e,636.4947399124503,0.4526134580373764,6,6,0.0,0.13442708333333334,0.0,0,"[[17,21,24,33],[52,21,28,32],[91,22,23,33],[139,21,20,33],[174,22,20,33],[208,21,21,33]]"
test_004519_blur_CVS112,scoring__rho_max__s1__minus,blur,CVS112,CVS112,1.0,1.0,52a5f5a131860c9eae4f11493c054d6e7095f95df5f70945e134964610bd56a6,820ad17f2e223714682a1ecb4600ae71f9f746e64c34379533d25720797cb5f6,724.7103396803141,0.45052915811538696,6,6,0.0,0.13442708333333334,0.0,0,"[[17,21,24,33],[52,21,28,32],[91,22,23,33],[139,21,20,33],[174,22,20,33],[208,21,21,33]]"
test_004519_blur_CVS112,scoring__rho_max__s1__plus,blur,CVS112,CVS112,1.0,1.0,564449bb0de5f75da794fcf1d22678a86f1ed1f9719911d8e22248d4e42b793d,7c85d8b2188bd4b21e38d51ec8efbdb2b5db5c0743ef87457b6aca85d886fc52,629.6551013365388,0.4400508478283882,6,6,0.0,0.13442708333333334,0.0,0,"[[17,21,24,33],[52,21,28,32],[91,22,23,33],[139,21,20,33],[174,22,20,33],[208,21,21,33]]"
test_004519_blur_CVS112,scoring__rho_max__s2__minus,blur,CVS112,CVS112,1.0,1.0,fc92f42e83e71a2caf563f71a7da24170dfa99c1a6604007ad8cefe378af08ea,f4fad1bb510baa1d177f3a0754c8d43032d8a0bba95fb1e4fb2ebcfc55ea3de6,630.5380677804351,0.4463735967874527,6,6,0.0,0.13442708333333334,0.0,0,"[[17,21,24,33],[52,21,28,32],[91,22,23,33],[139,21,20,33],[174,22,20,33],[208,21,21,33]]"
test_004519_blur_CVS112,scoring__rho_max__s2__plus,blur,CVS112,CVS112,1.0,1.0,83a8750504d4f2990af350d7c3802405179fc6a6fbc8bad0fa2902c4554a584c,621b63be56d5b2194856f4fbee40685f37a1cd0c0db2a499608c02eaf2901fbe,616.7868012562394,0.40993373841047287,6,6,0.0,0.13442708333333334,0.0,0,"[[17,21,24,33],[52,21,28,32],[91,22,23,33],[139,21,20,33],[174,22,20,33],[208,21,21,33]]"
test_004519_blur_CVS112,scoring__rho_max__s4__minus,blur,CVS112,CVS112,1.0,1.0,76a44085162c3bd7db691069459a6b92e7bed40bbce9545dcf14d8333f7a4483,c9b7c4307ac8a0e6ac5c16bd2314de231b90fad7a9af8cb0d17fbf7efd925cfe,570.3945998102427,0.4645567387342453,6,6,0.0,0.13442708333333334,0.0,0,"[[17,21,24,33],[52,21,28,32],[91,22,23,33],[139,21,20,33],[174,22,20,33],[208,21,21,33]]"
test_004519_blur_CVS112,scoring__rho_max__s4__plus,blur,CVS112,CVS112,1.0,1.0,c7de99ddf0ebbeac33192a961d7fcf52671a7c16fe71778da7597af236a14a23,d19fb2d6e78eec0c3286609e9082022949c1fc3575aef96239aeb03f78b1d185,655.6227831169963,0.45179296284914017,6,6,0.0,0.13442708333333334,0.0,0,"[[17,21,24,33],[52,21,28,32],[91,22,23,33],[139,21,20,33],[174,22,20,33],[208,21,21,33]]"
test_004519_blur_CVS112,scoring__w_overlap__s1__minus,blur,CVS112,CVS112,1.0,1.0,8ddd7402ece9f5d0fe78251bc2eee6a9791c6a710252a2d4f08dadf5543574fd,482647b98633fcac4e1b376a3523abd56f8b1a1469db8f66322ab0315bbb4693,603.7980718538165,0.46693067997694016,6,6,0.0,0.13442708333333334,0.0,0,"[[17,21,24,33],[52,21,28,32],[91,22,23,33],[139,21,20,33],[174,22,20,33],[208,21,21,33]]"
test_004519_blur_CVS112,scoring__w_overlap__s1__plus,blur,CVS112,CVS112,1.0,1.0,4551946c5a5d9f5392d20992e0163d82a85825a3d4398d8910cae2fd44102025,edc7350ad37c112af8b2ecb91fc0fab72aed28fc8736fe9be4e881f9c37dc16b,655.9114726260304,0.3590276464819908,6,6,0.0,0.13442708333333334,0.0,0,"[[17,21,24,33],[52,21,28,32],[91,22,23,33],[139,21,20,33],[174,22,20,33],[208,21,21,33]]"
test_004519_blur_CVS112,scoring__w_overlap__s2__minus,blur,CVS112,CVS112,1.0,1.0,5f4e230ee9fe437694a934e68c4e49c979aa1e13f76518e756da541cb432687e,9c9b4ad5e25dc3e406f1548d20dcc4016e5e5af746026755a9d8a737eeb0af31,663.8345941901207,0.4734136164188385,6,6,0.0,0.13442708333333334,0.0,0,"[[17,21,24,33],[52,21,28,32],[91,22,23,33],[139,21,20,33],[174,22,20,33],[208,21,21,33]]"
test_004519_blur_CVS112,scoring__w_overlap__s2__plus,blur,CVS112,CVS112,1.0,1.0,1166eb5c0c1dd60057f51924dadc07baa5ec46be34387b2babaa990170722d0d,fb6bb97294140b45829defb5933e075deb1ffeffa4ba53fda2e1ca11cce12523,636.0487658530474,0.44256541877985,6,6,0.0,0.13442708333333334,0.0,0,"[[17,21,24,33],[52,21,28,32],[91,22,23,33],[139,21,20,33],[174,22,20,33],[208,21,21,33]]"
test_004519_blur_CVS112,scoring__w_overlap__s4__minus,blur,CVS112,CVS112,1.0,1.0,e3cd50167885de188a6a74360cd6827464bfe9ac616c531cdf1157c19cea9d23,88ea92beb8947d971a4b7bca79243422de519ef551a38344ce44a7a8d5b8d4fa,611.2766740843654,0.4571033641695976,6,6,0.0,0.13442708333333334,0.0,0,"[[17,21,24,33],[52,21,28,32],[91,22,23,33],[139,21,20,33],[174,22,20,33],[208,21,21,33]]"
test_004519_blur_CVS112,scoring__w_overlap__s4__plus,blur,CVS112,CVS112,1.0,1.0,d0861dc9ccacefb1943fc76faa440d9d6c6a5c7f9fa400d28d58e1c38f8a5409,b7f5822d6d84a709f0d53b6d7fb785c8422843af2d2efd9e4798cd88cad40fd7,621.0381472483277,0.4305737093091011,6,6,0.0,0.13442708333333334,0.0,0,"[[17,21,24,33],[52,21,28,32],[91,22,23,33],[139,21,20,33],[174,22,20,33],[208,21,21,33]]"
test_004519_blur_CVS112,scoring__w_prior__s1__minus,blur,CVS112,CVS112,1.0,1.0,9cfc95bbd6c480962640668a3e381b408048a874f0d5a2ffbee536b464675390,61fc2b9b42315bcf871c5de531719326cfb58df08e7bcb2308f51e4919b6c59e,625.8971309289336,0.44799596071243286,6,6,0.0,0.13442708333333334,0.0,0,"[[17,21,24,33],[52,21,28,32],[91,22,23,33],[139,21,20,33],[174,22,20,33],[208,21,21,33]]"
test_004519_blur_CVS112,scoring__w_prior__s1__plus,blur,CVS112,CVS112,1.0,1.0,aa7fa42e37eec2cd9f7d6423e42e985e326d9667fa83a41422f758db8eb51575,38c421d6786efb68a9333a56932e57f67339713042bde930b212ddbdf5bd468b,640.8106200397015,0.4571136087179184,6,6,0.0,0.13442708333333334,0.0,0,"[[17,21,24,33],[52,21,28,32],[91,22,23,33],[139,21,20,33],[174,22,20,33],[208,21,21,33]]"
test_004519_blur_CVS112,scoring__w_prior__s2__minus,blur,CVS112,CVS112,1.0,1.0,785491e14b05ec22934cd3ab00880c20a322c676b48ee508d0a97963f66e8535,fbff131a920a71f8a081682954cf7918b00f6a78562c59b236cfd945a43aad46,626.9287997856736,0.4544379189610481,6,6,0.0,0.13442708333333334,0.0,0,"[[17,21,24,33],[52,21,28,32],[91,22,23,33],[139,21,20,33],[174,22,20,33],[208,21,21,33]]"
test_004519_blur_CVS112,scoring__w_prior__s2__plus,blur,CVS112,CVS112,1.0,1.0,59d7c74d6251ebaacab1e64b0e6af8f3fc6d1ad0cd59d76f8adcf15abf3b2f39,65bcd8f806dfd3bf7acc3f48611eacfcddc0edc6e81417f3989f9c509ecaba31,583.5522785782814,0.44901762157678604,6,6,0.0,0.13442708333333334,0.0,0,"[[17,21,24,33],[52,21,28,32],[91,22,23,33],[139,21,20,33],[174,22,20,33],[208,21,21,33]]"
test_004519_blur_CVS112,scoring__w_prior__s4__minus,blur,CVS112,CVS112,1.0,1.0,9d3835997fb48bdd2ee83a4c40b8d5e758632bb7e6b9bf88a1011b52a3ee7e13,b21d6119fd2a6b0503018e5ce0904273c6de7a7a339fddcf23c2f065a181ea09,651.1367782950401,0.46119093894958496,6,6,0.0,0.13442708333333334,0.0,0,"[[17,21,24,33],[52,21,28,32],[91,22,23,33],[139,21,20,33],[174,22,20,33],[208,21,21,33]]"
test_004519_blur_CVS112,scoring__w_prior__s4__plus,blur,CVS112,CVS112,1.0,1.0,f5f8f74e556faad5cbc5985e34a9173c2d620ee4e280f20c83d791235ddd90a6,05d3d9ed89e7993de85c78d3f02aabcc1672193bc98050651e9e54728de9330f,595.1256426051259,0.46926550567150116,6,6,0.0,0.13442708333333334,0.0,0,"[[17,21,24,33],[52,21,28,32],[91,22,23,33],[139,21,20,33],[174,22,20,33],[208,21,21,33]]"
test_004527_clean_HOF413,cut__max_column_sum_quantile__s1__minus,clean,HOF413,HF413,0.8333333333333334,0.0,5c19c62b407672627e31581b5ef8d6f66987565f27d73aa1de2913aa80bf16b3,d2600aa1bd11f6bebfcb8d862d269776b6c8a9fa0cbbfa3c5e7aeab26bf93e35,598.3320362865925,0.466921366751194,6,6,0.0,0.10119791666666667,0.0,0,"[[21,19,22,27],[59,18,25,28],[99,17,17,27],[142,18,21,27],[179,19,17,27],[211,18,19,29]]"
test_004527_clean_HOF413,cut__max_column_sum_quantile__s1__plus,clean,HOF413,HF413,0.8333333333333334,0.0,61595e9f8bb735e7115ecab58e327f96c3715a137a9216f3aff4385fca3d3460,9195172fa27fd9d6b1330bd688bf4b9243a5fcf583a7ae9234c1d157035b906d,624.1215271875262,0.36018993705511093,6,6,0.0,0.10119791666666667,0.0,0,"[[21,19,22,27],[59,18,25,28],[99,17,17,27],[142,18,21,27],[179,19,17,27],[211,18,19,29]]"
test_004527_clean_HOF413,cut__max_column_sum_quantile__s2__minus,clean,HOF413,HF413,0.8333333333333334,0.0,37171a3e15f506e39bb571b6fa98c5099da195c931435cb5a2ad514db3ed5e1b,f138bd5f5864eed6a7b71560394772edecae2ac5c9c21e2ca6b790178fcd4ad9,594.8318019509315,0.46215206384658813,6,6,0.0,0.10119791666666667,0.0,0,"[[21,19,22,27],[59,18,25,28],[99,17,17,27],[142,18,21,27],[179,19,17,27],[211,18,19,29]]"
test_004527_clean_HOF413,cut__max_column_sum_quantile__s2__plus,clean,HOF413,HF413,0.8333333333333334,0.0,7ed5e6d3c2e0323f1f978be580f0d896dbebc6618f99071c63ac0d61e8d9f3a7,7c6bf01780f27c0e496a13b2f3b3d4723e957289d00c3e5b353b3030d4564f9b,652.6694679632783,0.4646480083465576,6,6,0.0,0.10119791666666667,0.0,0,"[[21,19,22,27],[59,18,25,28],[99,17,17,27],[142,18,21,27],[179,19,17,27],[211,18,19,29]]"
test_004527_clean_HOF413,cut__max_column_sum_quantile__s4__minus,clean,HOF413,HF413,0.8333333333333334,0.0,1218d45af4dfc9294abb86428bdfc73e916a4a0b89aea7d43e92b7e7a9e95717,fe849f4ec7054108be837b111a012aa21d2481258f4e28b36e31c8574423bcee,567.8929639980197,0.4497990012168884,6,6,0.0,0.10119791666666667,0.0,0,"[[21,19,22,27],[59,18,25,28],[99,17,17,27],[142,18,21,27],[179,19,17,27],[211,18,19,29]]"
test_004527_clean_HOF413,cut__max_column_sum_quantile__s4__plus,clean,HOF413,HF413,0.8333333333333334,0.0,ce6f9fea965a7690e9a0169da5296fcb40ae7b85c64bf5e0d9da1f145d648099,150754d831d29ced1bef39635981fede010d169169f4ad547e37ace75f7ea22e,625.4386799409986,0.44446904212236404,6,6,0.0,0.10119791666666667,0.0,0,"[[21,19,22,27],[59,18,25,28],[99,17,17,27],[142,18,21,27],[179,19,17,27],[211,18,19,29]]"
test_004527_clean_HOF413,cut__min_rel_width_for_split__s1__minus,clean,HOF413,HF413,0.8333333333333334,0.0,9f93edbb72d5bf5c25ea8d90bccf0aa353fd77032d64973a2363f9a0a205d380,521d7b4008613dfd501368680d1b8eb36175e281b45eb3aad0c234f4c969ec2d,638.6810671538115,0.44126342982053757,6,6,0.0,0.10119791666666667,0.0,0,"[[21,19,22,27],[59,18,25,28],[99,17,17,27],[142,18,21,27],[179,19,17,27],[211,18,19,29]]"
test_004527_clean_HOF413,cut__min_rel_width_for_split__s1__plus,clean,HOF413,HF413,0.8333333333333334,0.0,cc995210816ff2e5367a03b1627f96a59235db96975b669aa12eb3f26518c970,26f9a09ca58f422a1603d8ae33a831db64eb973ca4752afe78abdc3e97b285b2,591.7455554008484,0.46531762927770615,6,6,0.0,0.10119791666666667,0.0,0,"[[21,19,22,27],[59,18,25,28],[99,17,17,27],[142,18,21,27],[179,19,17,27],[211,18,19,29]]"
test_004527_clean_HOF413,cut__min_rel_width_for_split__s2__minus,clean,HOF413,HF413,0.8333333333333334,0.0,fed74eb0b14c5851fc8a4edb8d302012fa18b0cc441677641762b22e7115ae51,28c5235bc33488e04e93881f7fbd829518b3167c1a1c9ef7c820dc06525769eb,593.1558087468147,0.3865193575620651,6,6,0.0,0.10119791666666667,0.0,0,"[[21,19,22,27],[59,18,25,28],[99,17,17,27],[142,18,21,27],[179,19,17,27],[211,18,19,29]]"
test_004527_clean_HOF413,cut__min_rel_width_for_split__s2__plus,clean,HOF413,HF413,0.8333333333333334,0.0,a1c05ecf8fae4558d350521f0401edb2de0a041cbd9dfd408bb5a637a40b87b7,3c466b1a53f8868ebb0879865d54364ed377304503f31d1558182f17b07596d2,668.0621011182666,0.3625238314270973,6,6,0.0,0.10119791666666667,0.0,0,"[[21,19,22,27],[59,18,25,28],[99,17,17,27],[142,18,21,27],[179,19,17,27],[211,18,19,29]]"
test_004527_clean_HOF413,cut__min_rel_width_for_split__s4__minus,clean,HOF413,HF413,0.8333333333333334,0.0,03ad8b1d8ba630d62fe1225d472cafcf2a60b7dd34ed47bbb9b283aa9fa06df6,4325c30d770dbef7988d7b8cdfdfe0182eb7c4a72c6c973b339f27f12299b8d1,938.758060336113,160.76993104070425,6,6,0.0,0.10119791666666667,0.0,0,"[[21,19,22,27],[59,18,25,28],[99,17,17,27],[142,18,21,27],[179,19,17,27],[211,18,19,29]]"
test_004527_clean_HOF413,cut__min_rel_width_for_split__s4__plus,clean,HOF413,HF413,0.8333333333333334,0.0,552d14ecbb39413c5217188a9ae066eb231dc88acd6d7583dfa1a0dfdf7c8711,f6164ba847713e139b702c38b208d6a8a3603c07ffb5cf0b20bda196b0ca2ca1,648.2892381027341,0.4420941695570946,6,6,0.0,0.10119791666666667,0.0,0,"[[21,19,22,27],[59,18,25,28],[99,17,17,27],[142,18,21,27],[179,19,17,27],[211,18,19,29]]"
test_004527_clean_HOF413,reference,clean,HOF413,HF413,0.8333333333333334,0.0,c7b5b9c81ef4bb674de9b4292cb752e5396be35c002cd9ac8f680b8ec18c98f5,bbadb8450b433535c20b4cc6b578ce05324954394284cfa589c199726d83ee89,540.0475179776549,0.45406725257635117,6,6,0.0,0.10119791666666667,0.0,0,"[[21,19,22,27],[59,18,25,28],[99,17,17,27],[142,18,21,27],[179,19,17,27],[211,18,19,29]]"
test_004527_clean_HOF413,scoring__blocking_gap_ratio__s1__minus,clean,HOF413,HF413,0.8333333333333334,0.0,b12e60e2dd82eb2c10d78d2a2b6e65461443b0517929c035c5e8df27dd7391ed,46e46f86ebd8546bb05245185ed4cf4821624ed315acff21e411ed6add836b60,648.3509140089154,0.4486674442887306,6,6,0.0,0.10119791666666667,0.0,0,"[[21,19,22,27],[59,18,25,28],[99,17,17,27],[142,18,21,27],[179,19,17,27],[211,18,19,29]]"
test_004527_clean_HOF413,scoring__blocking_gap_ratio__s1__plus,clean,HOF413,HF413,0.8333333333333334,0.0,af2fa62d6d865a568b36498f8fab87572124514c5e61520771138e654dddc5b1,05bc99b27ad3057511d9c558501ea7b919dcae0b49f4663c5e4021099c728035,573.5777979716659,0.47298334538936615,6,6,0.0,0.10119791666666667,0.0,0,"[[21,19,22,27],[59,18,25,28],[99,17,17,27],[142,18,21,27],[179,19,17,27],[211,18,19,29]]"
test_004527_clean_HOF413,scoring__blocking_gap_ratio__s2__minus,clean,HOF413,HF413,0.8333333333333334,0.0,ed84cf3bc8c85922df4451ff431f63f91cace6e71146465cac96db1a371a50fe,bb3a04487b7cf449039bdd55144ad528159672fccc7bcdd08e5a7b8c075fcdef,569.9726091697812,0.4462525248527527,6,6,0.0,0.10119791666666667,0.0,0,"[[21,19,22,27],[59,18,25,28],[99,17,17,27],[142,18,21,27],[179,19,17,27],[211,18,19,29]]"
test_004527_clean_HOF413,scoring__blocking_gap_ratio__s2__plus,clean,HOF413,HF413,0.8333333333333334,0.0,a76453143a4f8e7558b8ba72ca3a5294e699db442c68eecd09043b1513b7fc37,c7088e68d87966de6822c57e2a03a7dd316b9877bcf78afabc24f989e106545e,677.8649464249611,0.4545683041214943,6,6,0.0,0.10119791666666667,0.0,0,"[[21,19,22,27],[59,18,25,28],[99,17,17,27],[142,18,21,27],[179,19,17,27],[211,18,19,29]]"
test_004527_clean_HOF413,scoring__blocking_gap_ratio__s4__minus,clean,HOF413,HF413,0.8333333333333334,0.0,0860bad19fae796e13af93493aec2b6da0af2804f0065f4f768e4d06159427d0,1cc2e8c00f40e2287c62d1b62a1458e51aeafafd8dbb40cc9cb5dd7e80e0dac3,648.5094213858247,0.4603993147611618,6,6,0.0,0.10119791666666667,0.0,0,"[[21,19,22,27],[59,18,25,28],[99,17,17,27],[142,18,21,27],[179,19,17,27],[211,18,19,29]]"
test_004527_clean_HOF413,scoring__blocking_gap_ratio__s4__plus,clean,HOF413,HF413,0.8333333333333334,0.0,8ecc3a5d887249fd598d9f76465ade5f474722397eb4facb1bfc86e1496f9ca4,36a1de79f2174568c7e27734ebea5b3980afc63e73bf2904064aee3b451ae02f,579.6941611915827,0.4616323858499527,6,6,0.0,0.10119791666666667,0.0,0,"[[21,19,22,27],[59,18,25,28],[99,17,17,27],[142,18,21,27],[179,19,17,27],[211,18,19,29]]"
test_004527_clean_HOF413,scoring__rho_max__s1__minus,clean,HOF413,HF413,0.8333333333333334,0.0,c5ec018dfc44749735f53935dc1f9fd9cda77605e6990b26a04d09fb44c0b1ee,700da5f5b2799c200bbd0f8386ce46eff3f374e8a614c62790e0d2868f86a590,577.5619763880968,0.47082919627428055,6,6,0.0,0.10119791666666667,0.0,0,"[[21,19,22,27],[59,18,25,28],[99,17,17,27],[142,18,21,27],[179,19,17,27],[211,18,19,29]]"
test_004527_clean_HOF413,scoring__rho_max__s1__plus,clean,HOF413,HF413,0.8333333333333334,0.0,1193cc7b26730f1ca83823c2224df6d3bb0e051e8394d298ae06a10094ee8cf1,e4cf96d93725391c0161ac43fac9d921feb9a43b5398643187e64fc9eb0ff498,627.8099259361625,0.44889841228723526,6,6,0.0,0.10119791666666667,0.0,0,"[[21,19,22,27],[59,18,25,28],[99,17,17,27],[142,18,21,27],[179,19,17,27],[211,18,19,29]]"
test_004527_clean_HOF413,scoring__rho_max__s2__minus,clean,HOF413,HF413,0.8333333333333334,0.0,0046d69f0aad64673f090e595a37f033e2af588f2f28a7f76e6ed377017455c7,000648f8fc60c4b3cb278f0a4a5e2eb314575b7f93104d06e731051e866b2017,614.5751429721713,0.3679543733596802,6,6,0.0,0.10119791666666667,0.0,0,"[[21,19,22,27],[59,18,25,28],[99,17,17,27],[142,18,21,27],[179,19,17,27],[211,18,19,29]]"
test_004527_clean_HOF413,scoring__rho_max__s2__plus,clean,HOF413,HF413,0.8333333333333334,0.0,fbd5f972e619f340ad0e41ec5f45c3d2b786ed42bf2710779e044b6dbde8ca75,5cc1c678d70ab47ce76d46c7fd3fd9d4a5aefed161eca0ec373639d8853a0468,608.4508895874023,0.4655197262763977,6,6,0.0,0.10119791666666667,0.0,0,"[[21,19,22,27],[59,18,25,28],[99,17,17,27],[142,18,21,27],[179,19,17,27],[211,18,19,29]]"
test_004527_clean_HOF413,scoring__rho_max__s4__minus,clean,HOF413,HF413,0.8333333333333334,0.0,6ff3a9982bf8905fa26288eba8aec08aefec47d25f6e2e4d54e0d0deb33a5dde,dd47b08a42923b592e776dd789649e2a8b2a454f575606d931077944de7a3f9b,670.2529387548566,0.44862739741802216,6,6,0.0,0.10119791666666667,0.0,0,"[[21,19,22,27],[59,18,25,28],[99,17,17,27],[142,18,21,27],[179,19,17,27],[211,18,19,29]]"
test_004527_clean_HOF413,scoring__rho_max__s4__plus,clean,HOF413,HF413,0.8333333333333334,0.0,df0238c7deb842fe6b4bf519243948ac7f22297f20ede54c1573d97a7b4f13a2,6f7e9eb252f120973cdabf5b9ee063e0244625aee54b31865479ef74899760ff,653.9034061133862,0.4542572423815727,6,6,0.0,0.10119791666666667,0.0,0,"[[21,19,22,27],[59,18,25,28],[99,17,17,27],[142,18,21,27],[179,19,17,27],[211,18,19,29]]"
test_004527_clean_HOF413,scoring__w_overlap__s1__minus,clean,HOF413,HF413,0.8333333333333334,0.0,9ecced97736133b8d3de2476e368456fedced422aba8087c35a03802e044ca59,952d394993f902e5785aa7b49ad5a455812d9203e280cb21ac5e0ccba9ecea7a,723.2890408486128,0.443456694483757,6,6,0.0,0.10119791666666667,0.0,0,"[[21,19,22,27],[59,18,25,28],[99,17,17,27],[142,18,21,27],[179,19,17,27],[211,18,19,29]]"
test_004527_clean_HOF413,scoring__w_overlap__s1__plus,clean,HOF413,HF413,0.8333333333333334,0.0,0f0c94aca69f580af5f78834ed76a0f61cd3d7b55d9b37207eb31f2e19f46907,bf9764e7f7ce6ae693e41fa27092ae11bae44e8c7aa36a24b7d22a1a7a98513c,746.5453026816249,0.4527447745203972,6,6,0.0,0.10119791666666667,0.0,0,"[[21,19,22,27],[59,18,25,28],[99,17,17,27],[142,18,21,27],[179,19,17,27],[211,18,19,29]]"
test_004527_clean_HOF413,scoring__w_overlap__s2__minus,clean,HOF413,HF413,0.8333333333333334,0.0,810755decc14ffd9d8c3ddf6115582d210e3dd303922faf09c5e0822142ed5ff,5fa168d38b011530d9952d0164966a92c2b191ad1ae5b712aae95013c93abad0,594.6628963574767,0.4641171544790268,6,6,0.0,0.10119791666666667,0.0,0,"[[21,19,22,27],[59,18,25,28],[99,17,17,27],[142,18,21,27],[179,19,17,27],[211,18,19,29]]"
test_004527_clean_HOF413,scoring__w_overlap__s2__plus,clean,HOF413,HF413,0.8333333333333334,0.0,90f04413210241188a568c0452079a817d92dcd1eebb2e1cad3102d2496192f5,cabefc3368c5eb005735fba658fe89046aa8427844378ed002419ac8bce6afe5,615.6364772468805,0.4545385017991066,6,6,0.0,0.10119791666666667,0.0,0,"[[21,19,22,27],[59,18,25,28],[99,17,17,27],[142,18,21,27],[179,19,17,27],[211,18,19,29]]"
test_004527_clean_HOF413,scoring__w_overlap__s4__minus,clean,HOF413,HF413,0.8333333333333334,0.0,a374cbea06a155dc1f65d71b31865449be5178a0eeff9b1fd7275da7287e5799,29b28a2d2e8266185156233139b601cf5c7bf35369cffbf3927d93e2b3f77462,615.9594971686602,0.46540889889001846,6,6,0.0,0.10119791666666667,0.0,0,"[[21,19,22,27],[59,18,25,28],[99,17,17,27],[142,18,21,27],[179,19,17,27],[211,18,19,29]]"
test_004527_clean_HOF413,scoring__w_overlap__s4__plus,clean,HOF413,HF413,0.8333333333333334,0.0,b4746ac0f17872ac2545c501790ba13e9224ed3a49771963671110a8ecb53fc2,7a7e36ff679fced6cddca078750a57a049c319bca91588a6d65eedb046048885,608.4330985322595,0.4686852917075157,6,6,0.0,0.10119791666666667,0.0,0,"[[21,19,22,27],[59,18,25,28],[99,17,17,27],[142,18,21,27],[179,19,17,27],[211,18,19,29]]"
test_004527_clean_HOF413,scoring__w_prior__s1__minus,clean,HOF413,HF413,0.8333333333333334,0.0,3de4f0a090a3da80a400fec292413da041e10672a23d265013a915273d87dca5,5609c82d00133ce770cc60c7c487427b40f744a6efccc2f65a8cd633735aecc1,632.7703800052404,0.4791943356394768,6,6,0.0,0.10119791666666667,0.0,0,"[[21,19,22,27],[59,18,25,28],[99,17,17,27],[142,18,21,27],[179,19,17,27],[211,18,19,29]]"
test_004527_clean_HOF413,scoring__w_prior__s1__plus,clean,HOF413,HF413,0.8333333333333334,0.0,8cad2a7647a01cacc9c0a4bdf6b3daeb967da475b2a5fd7d223879a7cabb8c69,98f09ecd92607daffffb1b4f880e68bbb689e9bb5efb955400c4620bb3d54fef,613.6797741055489,0.3713909536600113,6,6,0.0,0.10119791666666667,0.0,0,"[[21,19,22,27],[59,18,25,28],[99,17,17,27],[142,18,21,27],[179,19,17,27],[211,18,19,29]]"
test_004527_clean_HOF413,scoring__w_prior__s2__minus,clean,HOF413,HF413,0.8333333333333334,0.0,229a5606c71693a3e77558fa0fb4e4f57164f7972573cae839ea0b1ef067fee9,576b8a2c9b6c1193edc77eccd7c15dc2be5d3b3f6f7c22d8f7e7e8e73846fc7f,619.4683434441686,0.484393909573555,6,6,0.0,0.10119791666666667,0.0,0,"[[21,19,22,27],[59,18,25,28],[99,17,17,27],[142,18,21,27],[179,19,17,27],[211,18,19,29]]"
test_004527_clean_HOF413,scoring__w_prior__s2__plus,clean,HOF413,HF413,0.8333333333333334,0.0,4db6a3bceaf5c9df1f382b9ff8054ae771c755c81a64c29a104cba07cfae364d,a960e46dff4b2d8975813effd00a96e7a12c5f8afc03d0171d14947094e32212,604.1863411664963,0.46486780047416687,6,6,0.0,0.10119791666666667,0.0,0,"[[21,19,22,27],[59,18,25,28],[99,17,17,27],[142,18,21,27],[179,19,17,27],[211,18,19,29]]"
test_004527_clean_HOF413,scoring__w_prior__s4__minus,clean,HOF413,HF413,0.8333333333333334,0.0,ce6b6eadee2dc1c9ae7da198da4aba8961366ac6572f4146d539165734d46835,3401df5862127aa6f8e2688e626c65638e16cde80e571508df54a2f7ca5e0b5d,618.0721782147884,0.4647672176361084,6,6,0.0,0.10119791666666667,0.0,0,"[[21,19,22,27],[59,18,25,28],[99,17,17,27],[142,18,21,27],[179,19,17,27],[211,18,19,29]]"
test_004527_clean_HOF413,scoring__w_prior__s4__plus,clean,HOF413,HF413,0.8333333333333334,0.0,427df766b7e9e93ebc6da428719946fe84035f991781ad4acd3c07e088833368,c18938a9d03edf85a8d643e26df827e2e78f26663f33f53a924f0115b39c7e76,653.3078905194998,0.45305676758289337,6,6,0.0,0.10119791666666667,0.0,0,"[[21,19,22,27],[59,18,25,28],[99,17,17,27],[142,18,21,27],[179,19,17,27],[211,18,19,29]]"
test_004556_glare_XAF810,cut__max_column_sum_quantile__s1__minus,glare,XAF810,XAF810,1.0,1.0,6663847224bdbc4d69cc2f9eb90f52f9d8f4ea906764201e3a482f08e7901953,e25b3fd9014b7a0ac11e0bc5276cbfe81054e91f0e23e9c95addcf9bfe17e65b,651.144121773541,0.4154536873102188,6,6,0.0,0.11375,0.0,0,"[[20,18,24,29],[56,18,26,29],[95,19,19,29],[140,19,20,29],[176,19,18,29],[208,20,21,29]]"
test_004556_glare_XAF810,cut__max_column_sum_quantile__s1__plus,glare,XAF810,XAF810,1.0,1.0,e6c4e8e142c7e7c226dd666c6fbc4cf1290f2265da2903d03f5348810ff2f5bb,b3d77842cd9a34748c60ac8bfb3cb4f8615bfc0ee061586695e45b2ce3e169d0,670.1365103945136,0.4472341388463974,6,6,0.0,0.11375,0.0,0,"[[20,18,24,29],[56,18,26,29],[95,19,19,29],[140,19,20,29],[176,19,18,29],[208,20,21,29]]"
test_004556_glare_XAF810,cut__max_column_sum_quantile__s2__minus,glare,XAF810,XAF810,1.0,1.0,e2f0c98e454637e835207120e36638b3d2a4fa1eeb03b9b771eb1ce29ab5b03a,d6ef1a005959f818172170e0a3e51649e1a08d2d1aa4a4ba81d996a67d5c2679,681.7882526665926,0.45183300971984863,6,6,0.0,0.11375,0.0,0,"[[20,18,24,29],[56,18,26,29],[95,19,19,29],[140,19,20,29],[176,19,18,29],[208,20,21,29]]"
test_004556_glare_XAF810,cut__max_column_sum_quantile__s2__plus,glare,XAF810,XAF810,1.0,1.0,5a9572f4a8b71cadb4b1a04973800653cd4edb23e230a1b89cd69ebf6d4c0da1,96c7ee2df4bdc82983f9ff18c31e792602706fd4c80a799ee9f4b72604e008c2,633.6226174607873,0.49437303096055984,6,6,0.0,0.11375,0.0,0,"[[20,18,24,29],[56,18,26,29],[95,19,19,29],[140,19,20,29],[176,19,18,29],[208,20,21,29]]"
test_004556_glare_XAF810,cut__max_column_sum_quantile__s4__minus,glare,XAF810,XAF810,1.0,1.0,eca32b5c70df69c2133039fc7a39eefe7d682fac87891bf4d8c8e5abb5465936,faafe47babb4433ac4d7b28033deed1fb657ab3809675edf327e2d50ada8d645,639.2444055527449,0.4486069083213806,6,6,0.0,0.11375,0.0,0,"[[20,18,24,29],[56,18,26,29],[95,19,19,29],[140,19,20,29],[176,19,18,29],[208,20,21,29]]"
test_004556_glare_XAF810,cut__max_column_sum_quantile__s4__plus,glare,XAF810,XAF810,1.0,1.0,b22dcc52ac420e95c830290d16dc46f19efbf7e582d8c039bf5c48473590fe80,196aee020488a915c7f4d48882a70583db641f3f14d5e4216bbbdee3880adbee,569.212126545608,0.4520835354924202,6,6,0.0,0.11375,0.0,0,"[[20,18,24,29],[56,18,26,29],[95,19,19,29],[140,19,20,29],[176,19,18,29],[208,20,21,29]]"
test_004556_glare_XAF810,cut__min_rel_width_for_split__s1__minus,glare,XAF810,XAF810,1.0,1.0,d6e61e22d397a76a337dc98c0074fdf36ccd5abb63a3ab0e3e50083899494bdc,36458f4dff9bf3eebc5b1b75d8bfb79e1754dbd15850a764c3c8067b19e596ee,619.9251841753721,0.46430621296167374,6,6,0.0,0.11375,0.0,0,"[[20,18,24,29],[56,18,26,29],[95,19,19,29],[140,19,20,29],[176,19,18,29],[208,20,21,29]]"
test_004556_glare_XAF810,cut__min_rel_width_for_split__s1__plus,glare,XAF810,XAF810,1.0,1.0,23ff2de4cdcce525b9b6e731a27b321244334612265620aa50b65713bdbdc4ca,66d026c474939484d11e83ec3e3ca5346fd76ea55af3b05b77fd5121478b42ca,577.3472171276808,0.5102930590510368,6,6,0.0,0.11375,0.0,0,"[[20,18,24,29],[56,18,26,29],[95,19,19,29],[140,19,20,29],[176,19,18,29],[208,20,21,29]]"
test_004556_glare_XAF810,cut__min_rel_width_for_split__s2__minus,glare,XAF810,XAF810,1.0,1.0,b919a6fd45cf1028602998fd8efaffe84fbe5b7454df5c02966bf42af3177995,08860e95264cb002b120c337bdcffa93f6d895f25b020df5c3659cec87383d41,639.0716098248959,0.43958891183137894,6,6,0.0,0.11375,0.0,0,"[[20,18,24,29],[56,18,26,29],[95,19,19,29],[140,19,20,29],[176,19,18,29],[208,20,21,29]]"
test_004556_glare_XAF810,cut__min_rel_width_for_split__s2__plus,glare,XAF810,XAF810,1.0,1.0,fb5ec0cf9410d56c610bab33ebb547a6804936bc900daad205280867f0f15a6b,6ecbd143e5547859766d424b9b19567a99a7e7a1cb4caa5e5df1e27dd4e3627f,668.4306999668479,0.45535992830991745,6,6,0.0,0.11375,0.0,0,"[[20,18,24,29],[56,18,26,29],[95,19,19,29],[140,19,20,29],[176,19,18,29],[208,20,21,29]]"
test_004556_glare_XAF810,cut__min_rel_width_for_split__s4__minus,glare,XAF810,XAF810,1.0,1.0,78d17b8d25b249443d24e6e0491a7c6bae3655b417e32c5c8180d69daae8c2ba,2a1465f18b094cbfabc70184e5350b96c68339fe8343ec22f57bde8ccf13e816,632.8416056931019,11.69822458177805,6,6,0.0,0.11375,0.0,0,"[[20,18,24,29],[56,18,26,29],[95,19,19,29],[140,19,20,29],[176,19,18,29],[208,20,21,29]]"
test_004556_glare_XAF810,cut__min_rel_width_for_split__s4__plus,glare,XAF810,XAF810,1.0,1.0,eac5c8a8c42b43ca20466e07f001551cf7694a760bc65054e75059906d15c2de,6100c2a86a98d17ea5c3c88a8266c4472969fd9c24ad3db875c96a823efb8a5f,569.2887296900153,0.45019015669822693,6,6,0.0,0.11375,0.0,0,"[[20,18,24,29],[56,18,26,29],[95,19,19,29],[140,19,20,29],[176,19,18,29],[208,20,21,29]]"
test_004556_glare_XAF810,reference,glare,XAF810,XAF810,1.0,1.0,62f283bbe8749768cb30619108dfe6137e3f0a6e98d21ff0673cab71c2166f31,f12327c8a206d855499ba53d657199b5f29b42243fed5757e9795da9717ef76f,634.6591841429472,0.45841559767723083,6,6,0.0,0.11375,0.0,0,"[[20,18,24,29],[56,18,26,29],[95,19,19,29],[140,19,20,29],[176,19,18,29],[208,20,21,29]]"
test_004556_glare_XAF810,scoring__blocking_gap_ratio__s1__minus,glare,XAF810,XAF810,1.0,1.0,15b730f1f21735c607dcc818f0eb5b7b89eabc6ddf6d03258fc364f3ffb01343,aa9bf5c627b9dafc06c0b3b63bb1dea7a741712f209283bab321f32d234e830c,652.4440525099635,0.4209047183394432,6,6,0.0,0.11375,0.0,0,"[[20,18,24,29],[56,18,26,29],[95,19,19,29],[140,19,20,29],[176,19,18,29],[208,20,21,29]]"
test_004556_glare_XAF810,scoring__blocking_gap_ratio__s1__plus,glare,XAF810,XAF810,1.0,1.0,09a84d595103f60451b0de660d9e47a3972dd438bb04f038ecea0ce8b274d86e,e0f43153dc2f2b5d6236d47b088d4b1c4cfa19b73ded98bb2de62745c1b72a05,619.7219034656882,0.46980753540992737,6,6,0.0,0.11375,0.0,0,"[[20,18,24,29],[56,18,26,29],[95,19,19,29],[140,19,20,29],[176,19,18,29],[208,20,21,29]]"
test_004556_glare_XAF810,scoring__blocking_gap_ratio__s2__minus,glare,XAF810,XAF810,1.0,1.0,1a007931c277c2fbc000863372b3367ec8457a089a74c24ad88c8a62d7651d76,35910267b26c323c5a713912d13ebd39959aa17291637eab9ca93099db65a552,715.7037202268839,0.47260336577892303,6,6,0.0,0.11375,0.0,0,"[[20,18,24,29],[56,18,26,29],[95,19,19,29],[140,19,20,29],[176,19,18,29],[208,20,21,29]]"
test_004556_glare_XAF810,scoring__blocking_gap_ratio__s2__plus,glare,XAF810,XAF810,1.0,1.0,13cb3dd9963eb0b35b5ba643b2d41bcaa8218fc16d8669ee301a41f6d7da9246,dc131a9ca63861ec872276575698a896b3c44ddc2a07d0490f6c59db30325238,677.583054639399,0.46732183545827866,6,6,0.0,0.11375,0.0,0,"[[20,18,24,29],[56,18,26,29],[95,19,19,29],[140,19,20,29],[176,19,18,29],[208,20,21,29]]"
test_004556_glare_XAF810,scoring__blocking_gap_ratio__s4__minus,glare,XAF810,XAF810,1.0,1.0,0904cb62085cecb35717b9fed45f643006f87a3b8590dde69219778ff684904d,17fed244e2f4a10ce0ed9650da9993275331c5edb162bccd7bfb6c7333ed6f67,574.7060859575868,0.4575345665216446,6,6,0.0,0.11375,0.0,0,"[[20,18,24,29],[56,18,26,29],[95,19,19,29],[140,19,20,29],[176,19,18,29],[208,20,21,29]]"
test_004556_glare_XAF810,scoring__blocking_gap_ratio__s4__plus,glare,XAF810,XAF810,1.0,1.0,cfa198b6ffe5ef555cb2dad3c8d3bfaeb661bdf059b7e55b1d679ad3d2b68232,ae5f8dfcb3c6911b177063607f70c55035eabf9871c7c4f88ae654d262a66631,603.5934844985604,0.4833117127418518,6,6,0.0,0.11375,0.0,0,"[[20,18,24,29],[56,18,26,29],[95,19,19,29],[140,19,20,29],[176,19,18,29],[208,20,21,29]]"
test_004556_glare_XAF810,scoring__rho_max__s1__minus,glare,XAF810,XAF810,1.0,1.0,9b89f544787de355363ced558095a93a63578a6d668af9566a603ce154666752,912d33486510e9082c9dae73cfcf580ea5fe2005fbce53254091ab5a49401737,601.7392799258232,0.4736250266432762,6,6,0.0,0.11375,0.0,0,"[[20,18,24,29],[56,18,26,29],[95,19,19,29],[140,19,20,29],[176,19,18,29],[208,20,21,29]]"
test_004556_glare_XAF810,scoring__rho_max__s1__plus,glare,XAF810,XAF810,1.0,1.0,5d97b5a29087d08c145044b4b6b0914d59e0d815d8d967084458be3fd3c315f2,8c43702ffcc8539535dfb62b565c2e0939a4fd906ca67e041484998e6b618132,661.492969840765,0.4535773769021034,6,6,0.0,0.11375,0.0,0,"[[20,18,24,29],[56,18,26,29],[95,19,19,29],[140,19,20,29],[176,19,18,29],[208,20,21,29]]"
test_004556_glare_XAF810,scoring__rho_max__s2__minus,glare,XAF810,XAF810,1.0,1.0,2a2b2b786dd1a9f73606c5deca9ce3e60eb3d1e4d112dc8bee42ea1c70e220e6,0488fa7020c420443ad5c04fa2aac2a790155d0a38edcdc21b74bebc68f33f41,649.7951094061136,0.44710375368595123,6,6,0.0,0.11375,0.0,0,"[[20,18,24,29],[56,18,26,29],[95,19,19,29],[140,19,20,29],[176,19,18,29],[208,20,21,29]]"
test_004556_glare_XAF810,scoring__rho_max__s2__plus,glare,XAF810,XAF810,1.0,1.0,ab385ae0e797101ae67bdfd0dcb0562c7db8bd52c3d00212f88b92f19e0e2c97,1e8b08efee5cdff7d6e79f556485a72baac3a2c2c2c941a9e9841b0242d01049,595.0131257995963,0.4706587642431259,6,6,0.0,0.11375,0.0,0,"[[20,18,24,29],[56,18,26,29],[95,19,19,29],[140,19,20,29],[176,19,18,29],[208,20,21,29]]"
test_004556_glare_XAF810,scoring__rho_max__s4__minus,glare,XAF810,XAF810,1.0,1.0,04906b88474e8db00148c125a5c78c7ebcaf13aaef723ad61d0d0b1ea68052be,452ebd01adf2500718e07e934ad7dd1eddcf564379d276047ed48f7c418a3c62,609.2167999595404,0.4447000101208687,6,6,0.0,0.11375,0.0,0,"[[20,18,24,29],[56,18,26,29],[95,19,19,29],[140,19,20,29],[176,19,18,29],[208,20,21,29]]"
test_004556_glare_XAF810,scoring__rho_max__s4__plus,glare,XAF810,XAF810,1.0,1.0,b6b8ba6d4a14a3368273886d8e8dee41820fafa5a0f1edb950371b1e483bbf60,ee58d3ae8fc90bb32b9b7f47f72905771e73ca92b39d1839f1c8f2a3c9fea0dc,560.0515799596906,0.4557715728878975,6,6,0.0,0.11375,0.0,0,"[[20,18,24,29],[56,18,26,29],[95,19,19,29],[140,19,20,29],[176,19,18,29],[208,20,21,29]]"
test_004556_glare_XAF810,scoring__w_overlap__s1__minus,glare,XAF810,XAF810,1.0,1.0,ec5881dc154db98620a38938d23524a8f5d36bed6d75e38dcffa1c22f73230a4,689b8dc013fa596738f66a3488dc2fd7830f19320d516e0f545b3a547d349520,662.6305999234319,0.5041211843490601,6,6,0.0,0.11375,0.0,0,"[[20,18,24,29],[56,18,26,29],[95,19,19,29],[140,19,20,29],[176,19,18,29],[208,20,21,29]]"
test_004556_glare_XAF810,scoring__w_overlap__s1__plus,glare,XAF810,XAF810,1.0,1.0,60b4ef6be265c826a5d6c2f3d3b9fa7201ea6723bfd7260af34be3019fbda4a2,a551224615e1c917a151bd3ec32911e049ba1dc8b2eda2aafe332409ae46a9b0,617.2720734030008,0.4925094544887543,6,6,0.0,0.11375,0.0,0,"[[20,18,24,29],[56,18,26,29],[95,19,19,29],[140,19,20,29],[176,19,18,29],[208,20,21,29]]"
test_004556_glare_XAF810,scoring__w_overlap__s2__minus,glare,XAF810,XAF810,1.0,1.0,499ed9fac05316bd3d9f7bfbb9aa137ad968c7a493304325e0c5a46d09915d99,962327d22d680e15868e22096af19ea2a8f75c93a294e6f9a0105a7444b9d64e,703.2369608059525,0.3992132842540741,6,6,0.0,0.11375,0.0,0,"[[20,18,24,29],[56,18,26,29],[95,19,19,29],[140,19,20,29],[176,19,18,29],[208,20,21,29]]"
test_004556_glare_XAF810,scoring__w_overlap__s2__plus,glare,XAF810,XAF810,1.0,1.0,a090f0028e8855902344acb4807dbdc0bc8328e3052f2b03ef06d39699ee8b1a,207aac2834eb672c1e2028b6210b6c08c01e20ad97b4c0d3d28ba19370e3a8c8,741.9174360111356,0.44237636029720306,6,6,0.0,0.11375,0.0,0,"[[20,18,24,29],[56,18,26,29],[95,19,19,29],[140,19,20,29],[176,19,18,29],[208,20,21,29]]"
test_004556_glare_XAF810,scoring__w_overlap__s4__minus,glare,XAF810,XAF810,1.0,1.0,9643a10a91b2e82a248bf3453e385c86fb25b522c1acf10ad30d8a26259d053b,4742fc55b5df3edc5373c500686156a8f5038a672eaa1b48d9f541de54cfdc3d,707.949573174119,0.4816493019461632,6,6,0.0,0.11375,0.0,0,"[[20,18,24,29],[56,18,26,29],[95,19,19,29],[140,19,20,29],[176,19,18,29],[208,20,21,29]]"
test_004556_glare_XAF810,scoring__w_overlap__s4__plus,glare,XAF810,XAF810,1.0,1.0,a6801665b84e58eeafdb7987113641ca484c246a848890f450115e0a36a196d9,27619cc9a79cd526abfb38d4005b769db5f1cfff0ab3f11b9bf843e18df528cb,690.7105362042785,0.45230332762002945,6,6,0.0,0.11375,0.0,0,"[[20,18,24,29],[56,18,26,29],[95,19,19,29],[140,19,20,29],[176,19,18,29],[208,20,21,29]]"
test_004556_glare_XAF810,scoring__w_prior__s1__minus,glare,XAF810,XAF810,1.0,1.0,0843b2ed0ebd6ea42eca1f2f6357a16f6ee4805d7e51caf4ddd74eac94cbbfad,e8986cf0ba4242ed52c7a60a203c81368af997222238af323991b111c3ab5953,683.9088452979922,0.4585152491927147,6,6,0.0,0.11375,0.0,0,"[[20,18,24,29],[56,18,26,29],[95,19,19,29],[140,19,20,29],[176,19,18,29],[208,20,21,29]]"
test_004556_glare_XAF810,scoring__w_prior__s1__plus,glare,XAF810,XAF810,1.0,1.0,96ba0bbbdc1a8e891c6ead51428542b9cdc2104fbcd01620867194dc0ee96644,743ee6f961349f2c19ef9d47261b005eeab1232da898635102b785e3d4674c7a,647.1108794212341,0.4828125238418579,6,6,0.0,0.11375,0.0,0,"[[20,18,24,29],[56,18,26,29],[95,19,19,29],[140,19,20,29],[176,19,18,29],[208,20,21,29]]"
test_004556_glare_XAF810,scoring__w_prior__s2__minus,glare,XAF810,XAF810,1.0,1.0,f7d8ccb8d7b569725bbb19a4f711562538a7ebf7df5b0574dc4ca7e70384765a,c7bf9d3e91c1c20fff812fcca95efe5ece8163e6cd5d5ff236a350a5d514bc8d,668.2960009202361,0.45376550406217575,6,6,0.0,0.11375,0.0,0,"[[20,18,24,29],[56,18,26,29],[95,19,19,29],[140,19,20,29],[176,19,18,29],[208,20,21,29]]"
test_004556_glare_XAF810,scoring__w_prior__s2__plus,glare,XAF810,XAF810,1.0,1.0,9a19cf5c60e82265e3f48bc99821fd06168920340877407bc0ccfd2000d36494,ed8f9cb79d59c7b5ed7d19f6cb7fe1bcac235ad09e03b8a9d66ce687d43f0950,615.2346208691597,0.45310426503419876,6,6,0.0,0.11375,0.0,0,"[[20,18,24,29],[56,18,26,29],[95,19,19,29],[140,19,20,29],[176,19,18,29],[208,20,21,29]]"
test_004556_glare_XAF810,scoring__w_prior__s4__minus,glare,XAF810,XAF810,1.0,1.0,ee76d0cb3103267bd1f07d4686b6d43f11f6fb24d6ab7ae7d0171d4556920fc6,5e0fed6942475bc0aa22e451a8deefe1005206afeb4c762b00c34ee862d6237f,668.7544081360102,0.4214467480778694,6,6,0.0,0.11375,0.0,0,"[[20,18,24,29],[56,18,26,29],[95,19,19,29],[140,19,20,29],[176,19,18,29],[208,20,21,29]]"
test_004556_glare_XAF810,scoring__w_prior__s4__plus,glare,XAF810,XAF810,1.0,1.0,4a43eec742b9dc11ce1995f645843b50ed6ff697f5f8a3735f014dbd39efc59f,eebc349aa696d5df120b8721858b4e59e354d19d4dacc060be45b221d3c2273c,693.1693498045206,0.4631849005818367,6,6,0.0,0.11375,0.0,0,"[[20,18,24,29],[56,18,26,29],[95,19,19,29],[140,19,20,29],[176,19,18,29],[208,20,21,29]]"
test_004566_touch_YRM953,cut__max_column_sum_quantile__s1__minus,touch,YRM953,YRM953,1.0,1.0,1e393e6bbcb0c8c0fd33c4556823eaffac8ad3ce49dae8a50334cb1280177b18,be2c8a094cfeb3254ff58b3132ddec8ca6b448e0b3fa8eb3764bf5432d09b9ef,613.6984014883637,0.46031828969717026,6,6,0.0,0.24796875,0.0,0,"[[18,22,32,34],[56,21,29,34],[90,22,35,34],[137,21,26,36],[169,23,25,35],[200,22,25,36]]"
test_004566_touch_YRM953,cut__max_column_sum_quantile__s1__plus,touch,YRM953,YRM953,1.0,1.0,e42dcd511fafc7c1a4bcb8096cc6c1d1e0ae4ae001cc37ca820da1f08b9b1034,c4ab08fba4af9cba43d36d06a5bdd3e74d32940bda2462e854e51520aa127b87,678.7664862349629,0.4673618823289871,6,6,0.0,0.24796875,0.0,0,"[[18,22,32,34],[56,21,29,34],[90,22,35,34],[137,21,26,36],[169,23,25,35],[200,22,25,36]]"
test_004566_touch_YRM953,cut__max_column_sum_quantile__s2__minus,touch,YRM953,YRM953,1.0,1.0,7c53962bd6e6ec142227622c1687643ac2c28b93a1fda5735c8068e8a7737dcb,c0d95f00e386d109171e1260703c4e643bd0c435501265a8f1cbba92289fe497,723.7872453406453,0.4779919981956482,6,6,0.0,0.24796875,0.0,0,"[[18,22,32,34],[56,21,29,34],[90,22,35,34],[137,21,26,36],[169,23,25,35],[200,22,25,36]]"
test_004566_touch_YRM953,cut__max_column_sum_quantile__s2__plus,touch,YRM953,YRM953,1.0,1.0,5648c63cb39e959cfbf2b84977bcf1ee855ef1791b5a98c6bc1cce46159a6e14,9ec83754b9772e7802d246f126748b13307d3ba9ed0ea05274e7c5e6dc67c288,683.6728844791651,0.46792346984148026,6,6,0.0,0.24796875,0.0,0,"[[18,22,32,34],[56,21,29,34],[90,22,35,34],[137,21,26,36],[169,23,25,35],[200,22,25,36]]"
test_004566_touch_YRM953,cut__max_column_sum_quantile__s4__minus,touch,YRM953,YRM953,1.0,1.0,9be347e686568a36987a5ddcdd54324a52709e61e328ac20f3d10d3a06a0f05d,0dcd8f590b951a247d868c1ef252860b16640c953d39c73fafba0b357960b361,598.2629451900721,0.47448650002479553,6,6,0.0,0.24796875,0.0,0,"[[18,22,32,34],[56,21,29,34],[90,22,35,34],[137,21,26,36],[169,23,25,35],[200,22,25,36]]"
test_004566_touch_YRM953,cut__max_column_sum_quantile__s4__plus,touch,YRM953,YRM953,1.0,1.0,8b4286bffb3665414ffd8fdeee91f2afb39376421bf7219c392288a77dbe000d,fdeb3ec4a926a0b7cfa25fe45d4611d2d63df345bba42d526f87333dd20a26cc,634.5561165362597,0.4583355039358139,6,6,0.0,0.24796875,0.0,0,"[[18,22,32,34],[56,21,29,34],[90,22,35,34],[137,21,26,36],[169,23,25,35],[200,22,25,36]]"
test_004566_touch_YRM953,cut__min_rel_width_for_split__s1__minus,touch,YRM953,YRM953,1.0,1.0,74d2411471b18be2bffc8784e31af06a7f8fcef930daa38eac39ee1d1a1bf2fe,f329985eb737711ca291aec86b53b9ac3cee557afbbc2dac36bf9c7ac3fd6d68,747.2068145871162,0.5025491118431091,6,6,0.0,0.24796875,0.0,0,"[[18,22,32,34],[56,21,29,34],[90,22,35,34],[137,21,26,36],[169,23,25,35],[200,22,25,36]]"
test_004566_touch_YRM953,cut__min_rel_width_for_split__s1__plus,touch,YRM953,YRM953,1.0,1.0,a0003daacccffe655fc8fe542f1ccb403d6aa486361ba5c23b1a7d3db724f08c,31c0e5db9053f5e53f64ebc8bd78dc13dd87ce8ded14ec401842b4bacf9b0a6b,603.869117796421,0.4611397162079811,6,6,0.0,0.24796875,0.0,0,"[[18,22,32,34],[56,21,29,34],[90,22,35,34],[137,21,26,36],[169,23,25,35],[200,22,25,36]]"
test_004566_touch_YRM953,cut__min_rel_width_for_split__s2__minus,touch,YRM953,YRM953,1.0,1.0,1d0884af8c34bcea187e2511348798ff35781067f0f10cd2cd6627e20b04da04,7d893e8ea4757f8ee7c0f92b933aeb50f542a6e1412ae8e096019550f333f561,655.4926624521613,0.4747556522488594,6,6,0.0,0.24796875,0.0,0,"[[18,22,32,34],[56,21,29,34],[90,22,35,34],[137,21,26,36],[169,23,25,35],[200,22,25,36]]"
test_004566_touch_YRM953,cut__min_rel_width_for_split__s2__plus,touch,YRM953,YRM953,1.0,1.0,239615a863cc7e78969cba2d9c3cfe9b9d28f4acf26e7a5f7177e0f3f8df6b3b,cc7fb7d26185a30f360e16d0fc92838e7c2af7d30fc11a32088b7d01626a0a28,636.4839933812618,0.4493175074458122,6,6,0.0,0.24796875,0.0,0,"[[18,22,32,34],[56,21,29,34],[90,22,35,34],[137,21,26,36],[169,23,25,35],[200,22,25,36]]"
test_004566_touch_YRM953,cut__min_rel_width_for_split__s4__minus,touch,YRM953,YRM953,1.0,1.0,960c5f48f9554e0534e692813edb13a269f680b813a63576db7ecdcc9fab74f4,7281da0fc0cdf04b64c626ea0d7813d0583f9f9c304d84c3190e5c0d35e10a84,705.07394336164,14.87545296549797,6,6,0.0,0.24796875,0.0,0,"[[18,22,32,34],[56,21,29,34],[90,22,35,34],[137,21,26,36],[169,23,25,35],[200,22,25,36]]"
test_004566_touch_YRM953,cut__min_rel_width_for_split__s4__plus,touch,YRM953,YRM953,1.0,1.0,c342e9194d6cb3c140f51532cd6be4d7d72fee034432200a890eb1a22f42b339,4ddc66a506d7f833e5d2ee5cb9ea33f66d51c6358478fd5a90877cf70acb8c0b,637.4398814514279,0.45491941273212433,6,6,0.0,0.24796875,0.0,0,"[[18,22,32,34],[56,21,29,34],[90,22,35,34],[137,21,26,36],[169,23,25,35],[200,22,25,36]]"
test_004566_touch_YRM953,reference,touch,YRM953,YRM953,1.0,1.0,655cedfa0e9a1de07ed79774f1ed474e981f655fdb4ccf923c2755ec6519e4cc,c3caa7ccb8666c0ac3ab853cc574b14f22da18b6d9c3e1efde1eca91b9fe8e19,652.5410534814,0.46631041914224625,6,6,0.0,0.24796875,0.0,0,"[[18,22,32,34],[56,21,29,34],[90,22,35,34],[137,21,26,36],[169,23,25,35],[200,22,25,36]]"
test_004566_touch_YRM953,scoring__blocking_gap_ratio__s1__minus,touch,YRM953,YRM953,1.0,1.0,9a97ba956b46e033e5dce0a1e945cdd35d827bffabb0fac5f2927b79d8127f06,8398bd9163e950783a4423b9e9a5ce2de516bc10f07e49bff7ef157f25d12c2c,625.9588217362761,0.4618614912033081,6,6,0.0,0.24796875,0.0,0,"[[18,22,32,34],[56,21,29,34],[90,22,35,34],[137,21,26,36],[169,23,25,35],[200,22,25,36]]"
test_004566_touch_YRM953,scoring__blocking_gap_ratio__s1__plus,touch,YRM953,YRM953,1.0,1.0,25ee66208a6d077912c83d0057c45f139c5bd07ae053b28b03ba1314a5917500,0ddee55758cc6b4d9ae3e0b002982f1be08eac0de37f1f5de6386b0aee4aefa5,676.2985521927476,0.4834132269024849,6,6,0.0,0.24796875,0.0,0,"[[18,22,32,34],[56,21,29,34],[90,22,35,34],[137,21,26,36],[169,23,25,35],[200,22,25,36]]"
test_004566_touch_YRM953,scoring__blocking_gap_ratio__s2__minus,touch,YRM953,YRM953,1.0,1.0,3a51dfa726ba5e6ead921bc010e48b145c8b2a7d8ca787f363b52ba362c1d1ed,27a1a3e5105313bf03a62b43026d563d25a47d34775e5fb396fc71efc4afe014,630.295560695231,0.47163013368844986,6,6,0.0,0.24796875,0.0,0,"[[18,22,32,34],[56,21,29,34],[90,22,35,34],[137,21,26,36],[169,23,25,35],[200,22,25,36]]"
test_004566_touch_YRM953,scoring__blocking_gap_ratio__s2__plus,touch,YRM953,YRM953,1.0,1.0,fbdda892a28686f746740731581455bdbb348270bfd615351cf1c3ec7b52e015,3047555fd6efd2d6c4f461bbd0e2c754fb6ebb9b095668af86495f7141580f38,674.2093143984675,0.4497785121202469,6,6,0.0,0.24796875,0.0,0,"[[18,22,32,34],[56,21,29,34],[90,22,35,34],[137,21,26,36],[169,23,25,35],[200,22,25,36]]"
test_004566_touch_YRM953,scoring__blocking_gap_ratio__s4__minus,touch,YRM953,YRM953,1.0,1.0,7b5f7b980e73aef6f9011d17221958139516d35440a837c7227718c31e95d1fc,63a8af7aee82510b5842ae778e2deb7a6fea21e30b19cc8675827a7af11f9229,688.6422913521528,0.47433655709028244,6,6,0.0,0.24796875,0.0,0,"[[18,22,32,34],[56,21,29,34],[90,22,35,34],[137,21,26,36],[169,23,25,35],[200,22,25,36]]"
test_004566_touch_YRM953,scoring__blocking_gap_ratio__s4__plus,touch,YRM953,YRM953,1.0,1.0,4648bda592b5dca22330fae7e74e6f724696dfea836890587570f6bf8e350046,cc0402c1c29a60f7b826a8681d5e5508eae1a2ea6340003e7988527ad6155c1a,617.7598079666495,0.4530958831310272,6,6,0.0,0.24796875,0.0,0,"[[18,22,32,34],[56,21,29,34],[90,22,35,34],[137,21,26,36],[169,23,25,35],[200,22,25,36]]"
test_004566_touch_YRM953,scoring__rho_max__s1__minus,touch,YRM953,YRM953,1.0,1.0,a54e2b45503264d5c541bc5510d7dd8e19526b521097770a8c1a16b7484aeae4,a598a7fe9e2ccfea277e49a00460ab56da9c050d7dd5b02b06c7a56ae805c045,638.2961794734001,0.4517221823334694,6,6,0.0,0.24796875,0.0,0,"[[18,22,32,34],[56,21,29,34],[90,22,35,34],[137,21,26,36],[169,23,25,35],[200,22,25,36]]"
test_004566_touch_YRM953,scoring__rho_max__s1__plus,touch,YRM953,YRM953,1.0,1.0,64dc78ef7f4ce018bf9598b42ee35df3c647f9d0a1ceb8d06e6a6cec047839f1,0e3d4da31f1265e52c73edbabd1143dd291e72917a26b9f0897c71ea24468523,666.1868430674076,0.5721095949411392,6,6,0.0,0.24796875,0.0,0,"[[18,22,32,34],[56,21,29,34],[90,22,35,34],[137,21,26,36],[169,23,25,35],[200,22,25,36]]"
test_004566_touch_YRM953,scoring__rho_max__s2__minus,touch,YRM953,YRM953,1.0,1.0,706683253d4db02472613f699e69de6f84c98afe008aee58db7159b5699d5e31,d59c7aabe153934ab19777a24bf78ec85ff1e6b72551434761bcb6afda108bb2,607.3661772534251,0.48073846846818924,6,6,0.0,0.24796875,0.0,0,"[[18,22,32,34],[56,21,29,34],[90,22,35,34],[137,21,26,36],[169,23,25,35],[200,22,25,36]]"
test_004566_touch_YRM953,scoring__rho_max__s2__plus,touch,YRM953,YRM953,1.0,1.0,389e0a22306ffea00869bf9f0d7834da7b1b37c03f685031e256e3795d9df7ca,58ff868d920c2f154df080b1c77b4efd6bd8111688601a456665844f441f08c5,611.1177504062653,0.5046417936682701,6,6,0.0,0.24796875,0.0,0,"[[18,22,32,34],[56,21,29,34],[90,22,35,34],[137,21,26,36],[169,23,25,35],[200,22,25,36]]"
test_004566_touch_YRM953,scoring__rho_max__s4__minus,touch,YRM953,YRM953,1.0,1.0,d8a14f9397d25ccc19ef07cfe7765288782b32718bc18c499ffddc07f78902be,dec4ff84ef01f9d6050fe8eb73f0adf66b5232d8e826c1b08cd688e3bbd6f204,710.8015194535255,0.47720037400722504,6,6,0.0,0.24796875,0.0,0,"[[18,22,32,34],[56,21,29,34],[90,22,35,34],[137,21,26,36],[169,23,25,35],[200,22,25,36]]"
test_004566_touch_YRM953,scoring__rho_max__s4__plus,touch,YRM953,YRM953,1.0,1.0,76955b0dbd472ba709814d3274b2d50f252ece9d4ab011b83f16f254be2d108c,be5d4b74a5ab377d4f91e90ac6aa5c87c0dc92e714b2a37fa81220dd10413c5b,606.0384064912796,0.46544894576072693,6,6,0.0,0.24796875,0.0,0,"[[18,22,32,34],[56,21,29,34],[90,22,35,34],[137,21,26,36],[169,23,25,35],[200,22,25,36]]"
test_004566_touch_YRM953,scoring__w_overlap__s1__minus,touch,YRM953,YRM953,1.0,1.0,50419c7a57c47273b5cf513a4a68bfec03ce75771dc7c257cc5ff982c0c1cef7,c59ad66e64bb15d543f90d8a9ec2795abbffe06f3e2ec824d85c8ab098eb177c,610.4412097483873,0.4385281354188919,6,6,0.0,0.24796875,0.0,0,"[[18,22,32,34],[56,21,29,34],[90,22,35,34],[137,21,26,36],[169,23,25,35],[200,22,25,36]]"
test_004566_touch_YRM953,scoring__w_overlap__s1__plus,touch,YRM953,YRM953,1.0,1.0,1bfe24865e341d9f9a152ea7e0b74dbdef7110dfe5a9938c243e8cbc0b4f5e17,001742473b12866ddeb477f52fa4f25100f9d31ec25b91d412596a1c44a0e0b1,624.2123199626803,0.4414832219481468,6,6,0.0,0.24796875,0.0,0,"[[18,22,32,34],[56,21,29,34],[90,22,35,34],[137,21,26,36],[169,23,25,35],[200,22,25,36]]"
test_004566_touch_YRM953,scoring__w_overlap__s2__minus,touch,YRM953,YRM953,1.0,1.0,95e852382da7729db1e6cc10364d34c700e40f51a41ba43131558d7896ed7e54,b4747dcd8781f8796000f7761aefbbed47f71d514f8db247c54174a19126716a,764.931945130229,0.447944737970829,6,6,0.0,0.24796875,0.0,0,"[[18,22,32,34],[56,21,29,34],[90,22,35,34],[137,21,26,36],[169,23,25,35],[200,22,25,36]]"
test_004566_touch_YRM953,scoring__w_overlap__s2__plus,touch,YRM953,YRM953,1.0,1.0,490f31b321fd817f2d1f0da3902a3ad379eca31ebfbcc08226b6c53a8bd6dfaa,ead01728af32eef376d505504e85d7db234628545fab6ca5443f7653ad3ef2f8,622.55893740803,0.45030005276203156,6,6,0.0,0.24796875,0.0,0,"[[18,22,32,34],[56,21,29,34],[90,22,35,34],[137,21,26,36],[169,23,25,35],[200,22,25,36]]"
test_004566_touch_YRM953,scoring__w_overlap__s4__minus,touch,YRM953,YRM953,1.0,1.0,fab3f37cb8efb5967dc5a876386258a083a649715ba7657863a102fcfa04f6a4,895ffb1d1102e43cdcefeb239f9950bf513e1349dcb55652fadd05a520ecc241,606.2064049765468,4.912464879453182,6,6,0.0,0.24796875,0.0,0,"[[18,22,32,34],[56,21,29,34],[90,22,35,34],[137,21,26,36],[169,23,25,35],[200,22,25,36]]"
test_004566_touch_YRM953,scoring__w_overlap__s4__plus,touch,YRM953,YRM953,1.0,1.0,f2ff56cbb59ef5967348ea58f6d28168da9448f32043f301acb438445b30d092,7989390d69d707c4da886e1f6ca05a0e4d1649a7b08d8ac0054324eeda56b51b,673.6266044899821,0.455981120467186,6,6,0.0,0.24796875,0.0,0,"[[18,22,32,34],[56,21,29,34],[90,22,35,34],[137,21,26,36],[169,23,25,35],[200,22,25,36]]"
test_004566_touch_YRM953,scoring__w_prior__s1__minus,touch,YRM953,YRM953,1.0,1.0,0379ce1aa258dbf39f66207b5c15bb17b23620f1a7376bac40542fdd40bb8c81,3246b0c9af91163343122eb71b742f64e76d7e8e133dabe79ff90a41c39da9b3,652.894769795239,0.43252669274806976,6,6,0.0,0.24796875,0.0,0,"[[18,22,32,34],[56,21,29,34],[90,22,35,34],[137,21,26,36],[169,23,25,35],[200,22,25,36]]"
test_004566_touch_YRM953,scoring__w_prior__s1__plus,touch,YRM953,YRM953,1.0,1.0,93366051a472eef9fd9febc34de0dcf29f8e5b6f25f4595a389eee1591083306,7ad9e9f08063b99c80ce33150ffc3e7d235815958d4a0d489bdb7d9e6c07fbba,634.5505164936185,0.44835731387138367,6,6,0.0,0.24796875,0.0,0,"[[18,22,32,34],[56,21,29,34],[90,22,35,34],[137,21,26,36],[169,23,25,35],[200,22,25,36]]"
test_004566_touch_YRM953,scoring__w_prior__s2__minus,touch,YRM953,YRM953,1.0,1.0,77bfe259a7c708585b0811ef9b9b30b2b3efad8ca63ea22da15fa058f7778734,7bfb4f8d04c3287d65c3e70ee5c23451f29ba3f8b449ef3277d7d0f6202acf9e,597.5922122597694,0.4436783492565155,6,6,0.0,0.24796875,0.0,0,"[[18,22,32,34],[56,21,29,34],[90,22,35,34],[137,21,26,36],[169,23,25,35],[200,22,25,36]]"
test_004566_touch_YRM953,scoring__w_prior__s2__plus,touch,YRM953,YRM953,1.0,1.0,0b798cc8246014a01167ed4d78405888d5d6de454b9ca7167d059b37c3a41ece,eebdfd0c2ba9cf01d045f18d8a324d01080e63bffca6ca4a0ccbcb9dea641606,625.8342796936631,0.45826565474271774,6,6,0.0,0.24796875,0.0,0,"[[18,22,32,34],[56,21,29,34],[90,22,35,34],[137,21,26,36],[169,23,25,35],[200,22,25,36]]"
test_004566_touch_YRM953,scoring__w_prior__s4__minus,touch,YRM953,YRM953,1.0,1.0,e6051babe9d58b5db40e8fc19a4798cbea3f14fdb1e7c23957267591e4010fe0,a6ca2eed437d283e80ee7c3c8439d2350ac37b8dff0a6512e8a8fe4fc4a540d0,630.9183873236179,0.46081002801656723,6,6,0.0,0.24796875,0.0,0,"[[18,22,32,34],[56,21,29,34],[90,22,35,34],[137,21,26,36],[169,23,25,35],[200,22,25,36]]"
test_004566_touch_YRM953,scoring__w_prior__s4__plus,touch,YRM953,YRM953,1.0,1.0,e52486a40116cf50468d4e871571d579672f500502b16a2ef6042f744432d1d4,fe04b2013160de0dcbb070b1ce0178a7854c8e65ac68d22a1bf30b2b4ff0a68b,665.3957180678844,0.4541771486401558,6,6,0.0,0.24796875,0.0,0,"[[18,22,32,34],[56,21,29,34],[90,22,35,34],[137,21,26,36],[169,23,25,35],[200,22,25,36]]"
test_004792_broken_SCQ851,cut__max_column_sum_quantile__s1__minus,broken,SCQ851,GC65T,0.33333333333333337,0.0,f15e8b78209e846f8cf1602155d3e162212d76970749ac86fa1d74b3f9dbd504,6438fa3968a88ddba08ff4cc6c0de0a2147ab32244ca816de6b9fc728ee36e92,839.8840734735131,0.4252530634403229,8,6,0.0,0.095625,0.0,1,"[[19,22,20,27],[56,21,20,28],[93,21,25,33],[143,21,19,29],[179,21,19,28],[217,44,6,5],[219,22,4,6],[227,44,11,5]]"
test_004792_broken_SCQ851,cut__max_column_sum_quantile__s1__plus,broken,SCQ851,GC65T,0.33333333333333337,0.0,90326739d941d3d2e015e2ce95349be03f88bbebe4be8e0c66403160d167b74e,20c39fb73ecc30aae935651ea4c4b4fa144a5c17e09d064cc075218872d90821,776.8011530861259,0.3804881125688553,8,6,0.0,0.095625,0.0,1,"[[19,22,20,27],[56,21,20,28],[93,21,25,33],[143,21,19,29],[179,21,19,28],[217,44,6,5],[219,22,4,6],[227,44,11,5]]"
test_004792_broken_SCQ851,cut__max_column_sum_quantile__s2__minus,broken,SCQ851,GC65T,0.33333333333333337,0.0,297041c85a781f5ef312a4794d57d2638ae75d34fdb9cfb81f95afdf704e3eb2,b79780f5b92b4a45f38cbe84df0984608b2e152e42b662576b0704be62e90cc0,937.973297201097,0.5148118361830711,8,6,0.0,0.095625,0.0,1,"[[19,22,20,27],[56,21,20,28],[93,21,25,33],[143,21,19,29],[179,21,19,28],[217,44,6,5],[219,22,4,6],[227,44,11,5]]"
test_004792_broken_SCQ851,cut__max_column_sum_quantile__s2__plus,broken,SCQ851,GC65T,0.33333333333333337,0.0,44e867bfc1662cb58ae36cf242ceeea94b182d68a7c5464cb440bad547b13b2d,9848a069187d0ed281546c51c7a204f424d3a673c90d740cdd2e60bb0e0eb276,815.9458842128515,0.531122088432312,8,6,0.0,0.095625,0.0,1,"[[19,22,20,27],[56,21,20,28],[93,21,25,33],[143,21,19,29],[179,21,19,28],[217,44,6,5],[219,22,4,6],[227,44,11,5]]"
test_004792_broken_SCQ851,cut__max_column_sum_quantile__s4__minus,broken,SCQ851,GC65T,0.33333333333333337,0.0,20e82a2796fc45b2523f8eb3eb15b8f9576699f005537a8543e6c33cdbbe8065,7a632504f51f47f31344fcbc9f7d22343521ea59d47ec835561920a1f2adfcb3,942.1789925545454,0.5382169038057327,8,6,0.0,0.095625,0.0,1,"[[19,22,20,27],[56,21,20,28],[93,21,25,33],[143,21,19,29],[179,21,19,28],[217,44,6,5],[219,22,4,6],[227,44,11,5]]"
test_004792_broken_SCQ851,cut__max_column_sum_quantile__s4__plus,broken,SCQ851,GC65T,0.33333333333333337,0.0,15e5103c30e2f37d73f4ddb9f96fe690eaec0f5d5c49cd0829ca3a637c5c57fa,b01c308f43f76242bcc7d6662971664ceb9ff7fffa0e78433d63039b542fb812,791.5226109325886,0.5062660202383995,8,6,0.0,0.095625,0.0,1,"[[19,22,20,27],[56,21,20,28],[93,21,25,33],[143,21,19,29],[179,21,19,28],[217,44,6,5],[219,22,4,6],[227,44,11,5]]"
test_004792_broken_SCQ851,cut__min_rel_width_for_split__s1__minus,broken,SCQ851,GC65T,0.33333333333333337,0.0,9edfb46f3f83fad9c3cbe0488159de754649ab7052aaf29ff8b4832ac396f5ed,5b7763ec73df19ce4316c56f779ec5a65bd3d1a75e66abc6b6ef0ea5dc868d50,800.2701811492443,0.3806091845035553,8,6,0.0,0.095625,0.0,1,"[[19,22,20,27],[56,21,20,28],[93,21,25,33],[143,21,19,29],[179,21,19,28],[217,44,6,5],[219,22,4,6],[227,44,11,5]]"
test_004792_broken_SCQ851,cut__min_rel_width_for_split__s1__plus,broken,SCQ851,GC65T,0.33333333333333337,0.0,179c3fd196f0c48b9a8bb09c9ddd54f7623f1068623d04172034048443de4a74,57c67420264a029ef63e3cf2cd5c690b041daa145d40894da1c5ab3113c29787,838.7581668794155,0.5234777927398682,8,6,0.0,0.095625,0.0,1,"[[19,22,20,27],[56,21,20,28],[93,21,25,33],[143,21,19,29],[179,21,19,28],[217,44,6,5],[219,22,4,6],[227,44,11,5]]"
test_004792_broken_SCQ851,cut__min_rel_width_for_split__s2__minus,broken,SCQ851,GC65T,0.33333333333333337,0.0,35c58b9c02faadfba79290b26c76d99655577fff6cfae8654b846638f2774765,d1094d2da049996ffb937484729f24a8eb738734a89b6f3ffbeb3cd2890aa738,877.96516623348,0.5209427326917648,8,6,0.0,0.095625,0.0,1,"[[19,22,20,27],[56,21,20,28],[93,21,25,33],[143,21,19,29],[179,21,19,28],[217,44,6,5],[219,22,4,6],[227,44,11,5]]"
test_004792_broken_SCQ851,cut__min_rel_width_for_split__s2__plus,broken,SCQ851,GC65T,0.33333333333333337,0.0,4758c9094f4d6e7136b0a06c3653ad88729444e10f9d824be26db97cc7840093,3d7c635657c962df3adf2eeb334c30c345ca06182e4456bfce2b37b3698e5bdc,811.3623466342688,0.4547182470560074,8,6,0.0,0.095625,0.0,1,"[[19,22,20,27],[56,21,20,28],[93,21,25,33],[143,21,19,29],[179,21,19,28],[217,44,6,5],[219,22,4,6],[227,44,11,5]]"
test_004792_broken_SCQ851,cut__min_rel_width_for_split__s4__minus,broken,SCQ851,GC65T,0.33333333333333337,0.0,878d0e9e37677aaa70fe37ace86e73ac74e7e72a01ab14a58122051fb44222c5,e7ff1c3baee5bbd484cf3411f740f1bdb1b93326c44066bf523ea40d31e3e56e,821.2892841547728,19.845795817673206,8,6,0.0,0.095625,0.0,1,"[[19,22,20,27],[56,21,20,28],[93,21,25,33],[143,21,19,29],[179,21,19,28],[217,44,6,5],[219,22,4,6],[227,44,11,5]]"
test_004792_broken_SCQ851,cut__min_rel_width_for_split__s4__plus,broken,SCQ851,GC65T,0.33333333333333337,0.0,007de11e68eaa3a96fcf813214b4df893fa05fa7e3826335b01185d825d28a14,4364f16b4434d581ab4f4d8e821541164c3c85289d4f9dec0b372889debc5e8d,790.714948438108,0.5025286227464676,8,6,0.0,0.095625,0.0,1,"[[19,22,20,27],[56,21,20,28],[93,21,25,33],[143,21,19,29],[179,21,19,28],[217,44,6,5],[219,22,4,6],[227,44,11,5]]"
test_004792_broken_SCQ851,reference,broken,SCQ851,GC65T,0.33333333333333337,0.0,c92d0173e4d308a3cf2d3a2827156fa2ec6f411234d38ba2621d3810d78ded0d,33f1ba6ac8c570c85126b76b4f4ee3800af24d639460d98cb3030ada4c8c2c4d,832.44548458606,0.5098925903439522,8,6,0.0,0.095625,0.0,1,"[[19,22,20,27],[56,21,20,28],[93,21,25,33],[143,21,19,29],[179,21,19,28],[217,44,6,5],[219,22,4,6],[227,44,11,5]]"
test_004792_broken_SCQ851,scoring__blocking_gap_ratio__s1__minus,broken,SCQ851,GC65T,0.33333333333333337,0.0,7d915d49e5c2e0b482da6005a68920f67d3cdc03d3b2210e154b9b908ed9a494,f6ce07d7d82823d735be6c11323e2929466568b439a771bbf2c0365cb284b4f4,882.0028882473707,0.5189599469304085,8,6,0.0,0.095625,0.0,1,"[[19,22,20,27],[56,21,20,28],[93,21,25,33],[143,21,19,29],[179,21,19,28],[217,44,6,5],[219,22,4,6],[227,44,11,5]]"
test_004792_broken_SCQ851,scoring__blocking_gap_ratio__s1__plus,broken,SCQ851,GC65T,0.33333333333333337,0.0,60244467d007322ba98359c0af73d8b1d01be1ca21d9a4e38260d537bf98e4fc,5849077fdf9b664c54355018580cfe4f43abfce9eb0b1f2b5faddb565e177daf,846.3990809395909,0.46850554645061493,8,6,0.0,0.095625,0.0,1,"[[19,22,20,27],[56,21,20,28],[93,21,25,33],[143,21,19,29],[179,21,19,28],[217,44,6,5],[219,22,4,6],[227,44,11,5]]"
test_004792_broken_SCQ851,scoring__blocking_gap_ratio__s2__minus,broken,SCQ851,GC65T,0.33333333333333337,0.0,876bc8beb84f7abaae79045c472735ea16a75a78cb645abf69af57e1bf23316e,36e37cf462eb2f40ea26e7b34f436b20e29d71fb0187455ee2fecb0e395f29fc,956.6352851688862,0.5423733964562416,8,6,0.0,0.095625,0.0,1,"[[19,22,20,27],[56,21,20,28],[93,21,25,33],[143,21,19,29],[179,21,19,28],[217,44,6,5],[219,22,4,6],[227,44,11,5]]"
test_004792_broken_SCQ851,scoring__blocking_gap_ratio__s2__plus,broken,SCQ851,GC65T,0.33333333333333337,0.0,59c778df5cc57f31dcfd2e6aa97fd70c18509434697e6ed6e5570e28289c5f32,47cf9dab9f1a061f39e98c963f568f599b5b5c8a360dac2a2366bdddf37ab2c2,984.5994478091598,0.4993537440896034,8,6,0.0,0.095625,0.0,1,"[[19,22,20,27],[56,21,20,28],[93,21,25,33],[143,21,19,29],[179,21,19,28],[217,44,6,5],[219,22,4,6],[227,44,11,5]]"
test_004792_broken_SCQ851,scoring__blocking_gap_ratio__s4__minus,broken,SCQ851,GC65T,0.33333333333333337,0.0,d3bdff282dd1de342948afd909cf9746d5052fdbbb7ddae78156df48f8f929e8,69f3af9c287092cfd25f0dfdab41928cf5e342892776ba91fa222ef5192b7ea8,869.284275919199,0.49949344247579575,8,6,0.0,0.095625,0.0,1,"[[19,22,20,27],[56,21,20,28],[93,21,25,33],[143,21,19,29],[179,21,19,28],[217,44,6,5],[219,22,4,6],[227,44,11,5]]"
test_004792_broken_SCQ851,scoring__blocking_gap_ratio__s4__plus,broken,SCQ851,GC65T,0.33333333333333337,0.0,79a255a22724d4d77a817de621f7e942fe73e337bec7560f7d5a7e989010c0da,c18ab12a14a37e1bf638aae44800453c0cc7f92a99d62ec30441822a593adb74,926.2134497985244,0.5123969167470932,8,6,0.0,0.095625,0.0,1,"[[19,22,20,27],[56,21,20,28],[93,21,25,33],[143,21,19,29],[179,21,19,28],[217,44,6,5],[219,22,4,6],[227,44,11,5]]"
test_004792_broken_SCQ851,scoring__rho_max__s1__minus,broken,SCQ851,GC65T,0.33333333333333337,0.0,a06cb29870d1c1e12bcf50929bc5763864b859fe81334a820fe8088a0f6776a2,c4ccdcecbff1928857bb6c16d4647a58a81db7009e833d8a324322fdc6e13048,908.154183998704,0.4001753404736519,8,6,0.0,0.095625,0.0,1,"[[19,22,20,27],[56,21,20,28],[93,21,25,33],[143,21,19,29],[179,21,19,28],[217,44,6,5],[219,22,4,6],[227,44,11,5]]"
test_004792_broken_SCQ851,scoring__rho_max__s1__plus,broken,SCQ851,GC65T,0.33333333333333337,0.0,2e6c27d65ab08aa65728f189ee78c6c4d50d35d9f2bfcea3e9cb915b62a98a6e,740fe0900cc4de1bb681b1c224fc5c96b1d530a0acf799c7c2d1279556a9ea3d,781.5159363672137,0.5407314747571945,8,6,0.0,0.095625,0.0,1,"[[19,22,20,27],[56,21,20,28],[93,21,25,33],[143,21,19,29],[179,21,19,28],[217,44,6,5],[219,22,4,6],[227,44,11,5]]"
test_004792_broken_SCQ851,scoring__rho_max__s2__minus,broken,SCQ851,GC65T,0.33333333333333337,0.0,c8edc6fbf3c443272293048485bfd5a4698bcd72e03831a8a4f07c2ce5370573,2fe637e9535b5d76feffa13a5c58f7354b0997d8bf8600f7f7392d853d68de4c,880.6124497205019,0.5089715123176575,8,6,0.0,0.095625,0.0,1,"[[19,22,20,27],[56,21,20,28],[93,21,25,33],[143,21,19,29],[179,21,19,28],[217,44,6,5],[219,22,4,6],[227,44,11,5]]"
test_004792_broken_SCQ851,scoring__rho_max__s2__plus,broken,SCQ851,GC65T,0.33333333333333337,0.0,bd407c2fe762bdfb6328526e697d716e12f5fb60f848c9053cb3ef1ce4123bf7,9c4a462bd8d52f84f46a77f644722e335eb6a8d1b63ded3f1d408510a2efca25,822.4176438525319,0.6270240992307663,8,6,0.0,0.095625,0.0,1,"[[19,22,20,27],[56,21,20,28],[93,21,25,33],[143,21,19,29],[179,21,19,28],[217,44,6,5],[219,22,4,6],[227,44,11,5]]"
test_004792_broken_SCQ851,scoring__rho_max__s4__minus,broken,SCQ851,GC65T,0.33333333333333337,0.0,1d3d119a7cfefc9163587a50a4feddeeb6591d7fd6c788eadd36770d76643730,7e089070ea5e7f74dae48ef71063d9c7d68ca1c422bf6dc4dc78b8250f28b68a,819.2551145330071,0.4893038421869278,8,6,0.0,0.095625,0.0,1,"[[19,22,20,27],[56,21,20,28],[93,21,25,33],[143,21,19,29],[179,21,19,28],[217,44,6,5],[219,22,4,6],[227,44,11,5]]"
test_004792_broken_SCQ851,scoring__rho_max__s4__plus,broken,SCQ851,GC65T,0.33333333333333337,0.0,b7cb05572bc31ec7a357f4a78e5e3be2348ffde3e820c892cc499a8dd881a0ab,9e6a9287e6c366f587b425af5967a422999879e58b3b13347ef534b3f5ff5ee3,768.0217260494828,0.5110446363687515,8,6,0.0,0.095625,0.0,1,"[[19,22,20,27],[56,21,20,28],[93,21,25,33],[143,21,19,29],[179,21,19,28],[217,44,6,5],[219,22,4,6],[227,44,11,5]]"
test_004792_broken_SCQ851,scoring__w_overlap__s1__minus,broken,SCQ851,GC65T,0.33333333333333337,0.0,efc990eebee806a56d27321d2a81d697e721854ca555442873673eae4dab0fe0,1e79f0bb3e25c7fdfedc3a85e8118d5f982f0d24faa8bcaa217284271c866cd9,863.5654160752892,0.5093924701213837,8,6,0.0,0.095625,0.0,1,"[[19,22,20,27],[56,21,20,28],[93,21,25,33],[143,21,19,29],[179,21,19,28],[217,44,6,5],[219,22,4,6],[227,44,11,5]]"
test_004792_broken_SCQ851,scoring__w_overlap__s1__plus,broken,SCQ851,GC65T,0.33333333333333337,0.0,33f51aaa6fe4c52d7e63d8b9b17b1723593f0c3c3ca5e4528a25d1edb218ffa4,59b2518ec4ac1164f1e3b1969a54103fa886ecf7b786b5b39795e78288bd2fa1,773.033732548356,0.5024783313274384,8,6,0.0,0.095625,0.0,1,"[[19,22,20,27],[56,21,20,28],[93,21,25,33],[143,21,19,29],[179,21,19,28],[217,44,6,5],[219,22,4,6],[227,44,11,5]]"
test_004792_broken_SCQ851,scoring__w_overlap__s2__minus,broken,SCQ851,GC65T,0.33333333333333337,0.0,f82fd887c4c7dba5955bbfbf2a88963ffde276ba576bdbb7622bdbba985be841,466a2dbb65b6bbcffce819e15f5949591cdf5c17373943ef52591ed9f378ba08,881.2816431745887,0.5517611280083656,8,6,0.0,0.095625,0.0,1,"[[19,22,20,27],[56,21,20,28],[93,21,25,33],[143,21,19,29],[179,21,19,28],[217,44,6,5],[219,22,4,6],[227,44,11,5]]"
test_004792_broken_SCQ851,scoring__w_overlap__s2__plus,broken,SCQ851,GC65T,0.33333333333333337,0.0,0137078553735cd21b09b48e57a32ac368dc11a1a4840f073bf21dbe99f92112,14f5a502c383a2757307076b3978020f2bb03a4aff90f4b215f765f75352192a,886.8346540257335,0.5057249218225479,8,6,0.0,0.095625,0.0,1,"[[19,22,20,27],[56,21,20,28],[93,21,25,33],[143,21,19,29],[179,21,19,28],[217,44,6,5],[219,22,4,6],[227,44,11,5]]"
test_004792_broken_SCQ851,scoring__w_overlap__s4__minus,broken,SCQ851,GC65T,0.33333333333333337,0.0,e7a9a481b923f1d9020213cc169725f27f22126aa01e820d64e5048de448380e,e81635d79ac6c901c63be498ba88bb8fb92a32675def79ccaac8ec5c2cc9821f,842.5031285732985,0.4943031817674637,8,6,0.0,0.095625,0.0,1,"[[19,22,20,27],[56,21,20,28],[93,21,25,33],[143,21,19,29],[179,21,19,28],[217,44,6,5],[219,22,4,6],[227,44,11,5]]"
test_004792_broken_SCQ851,scoring__w_overlap__s4__plus,broken,SCQ851,GC65T,0.33333333333333337,0.0,f8c4f94120a56c832cb97f7b0cfb33d1fc4f267158eb95b135795f7bde3e3b9f,aea8920ec311f4659e14f456046253fe069cf874766469cd77b6bdcdad5df497,907.8670246526599,0.5053840577602386,8,6,0.0,0.095625,0.0,1,"[[19,22,20,27],[56,21,20,28],[93,21,25,33],[143,21,19,29],[179,21,19,28],[217,44,6,5],[219,22,4,6],[227,44,11,5]]"
test_004792_broken_SCQ851,scoring__w_prior__s1__minus,broken,SCQ851,GC65T,0.33333333333333337,0.0,569a3285cf6f3584127602ea677600ff39a91506266753dcb57da4abe3f08cf8,40b5ea98d8ef9c02708b350b5d808199a6563e52b33b1321cd1d8dc99fbd990e,938.3432436734438,3.5365279763936996,8,6,0.0,0.095625,0.0,1,"[[19,22,20,27],[56,21,20,28],[93,21,25,33],[143,21,19,29],[179,21,19,28],[217,44,6,5],[219,22,4,6],[227,44,11,5]]"
test_004792_broken_SCQ851,scoring__w_prior__s1__plus,broken,SCQ851,GC65T,0.33333333333333337,0.0,9e7dbfd196777c5f1d4d12bfbc630ae5c19fdafa295ddf3016fff5c3fdd5c546,99f0406bf8734fab3c0164722f9cf804791d8955516b16351ac717baf0f08b3f,933.1492623314261,0.39315130561590195,8,6,0.0,0.095625,0.0,1,"[[19,22,20,27],[56,21,20,28],[93,21,25,33],[143,21,19,29],[179,21,19,28],[217,44,6,5],[219,22,4,6],[227,44,11,5]]"
test_004792_broken_SCQ851,scoring__w_prior__s2__minus,broken,SCQ851,GC65T,0.33333333333333337,0.0,df708b57e2ee87af023b18b0d5445a0eacae51b8a3f3d423d61540a65b80c0de,4048762e0367276518a64dc52e2e5106742d5dd1edd04c85992d1bfa594ee852,880.7218074798584,0.5026590079069138,8,6,0.0,0.095625,0.0,1,"[[19,22,20,27],[56,21,20,28],[93,21,25,33],[143,21,19,29],[179,21,19,28],[217,44,6,5],[219,22,4,6],[227,44,11,5]]"
test_004792_broken_SCQ851,scoring__w_prior__s2__plus,broken,SCQ851,GC65T,0.33333333333333337,0.0,d4274a539a147f5ae0ef8b6c7f5a8871195b371850349f42916acebfef542e0f,9caf747d5bd2326577fb9c117eadeef25920d97a6c50499384e9bd9f809c4ffb,903.8048461079597,0.48961397260427475,8,6,0.0,0.095625,0.0,1,"[[19,22,20,27],[56,21,20,28],[93,21,25,33],[143,21,19,29],[179,21,19,28],[217,44,6,5],[219,22,4,6],[227,44,11,5]]"
test_004792_broken_SCQ851,scoring__w_prior__s4__minus,broken,SCQ851,GC65T,0.33333333333333337,0.0,69cd1483ee5d0145784858f155417c302a149d2e5b03c18b758ee2676f890d8b,6422d77722e44e1b3a9179cad96959877ab4a9c86121e062fbc4f36a8524b884,909.0505540370941,0.49949251115322113,8,6,0.0,0.095625,0.0,1,"[[19,22,20,27],[56,21,20,28],[93,21,25,33],[143,21,19,29],[179,21,19,28],[217,44,6,5],[219,22,4,6],[227,44,11,5]]"
test_004792_broken_SCQ851,scoring__w_prior__s4__plus,broken,SCQ851,GC65T,0.33333333333333337,0.0,b80f932df1bd0e70d1b77f748d80b2fb5363bfac0e6efb7ecab324e13f71b8f3,9d0d4400e4a9d0907a4b707c1df9b4e951d3f8baf06b3da21a4e228569807117,809.9281685426831,0.5168048664927483,8,6,0.0,0.095625,0.0,1,"[[19,22,20,27],[56,21,20,28],[93,21,25,33],[143,21,19,29],[179,21,19,28],[217,44,6,5],[219,22,4,6],[227,44,11,5]]"
train_000251_combo_QIK477,cut__max_column_sum_quantile__s1__minus,combo,QIK477,QK477,0.8333333333333334,0.0,eaea516660cb5292df6b23ae73c80c49355646c9dd3b5e9c0f073a417fbb9ab0,66bbc68eaae3c8db61bf40de74cd1e2d7da3a5a9cc00a323b341802014b538d9,533.7606891989708,14.045236632227898,5,6,0.0,0.181875,0.0,0,"[[37,22,47,41],[87,22,29,33],[121,21,26,33],[150,21,23,33],[176,20,25,34]]"
train_000251_combo_QIK477,cut__max_column_sum_quantile__s1__plus,combo,QIK477,QK477,0.8333333333333334,0.0,720fe35a10c3ae14b9f08506dc9b1ccef696a7425c61b11e9ad3cc6d12ac4c4d,db3c1353625a0a5053f573337a17d310883ba855d37fdfbf3516f7b0bf071990,562.2335337102413,15.65406285226345,5,6,0.0,0.181875,0.0,0,"[[37,22,47,41],[87,22,29,33],[121,21,26,33],[150,21,23,33],[176,20,25,34]]"
train_000251_combo_QIK477,cut__max_column_sum_quantile__s2__minus,combo,QIK477,QK477,0.8333333333333334,0.0,e76dd9f8d2e0d7ab15152b386cfdadc6f05ba112620b9af2ace32104aa0af8fa,1fefe36e60a00f914a3890137b78cc2881d1e70524084d6e4ab04832b8cebf55,486.3158566877246,10.347644798457623,5,6,0.0,0.181875,0.0,0,"[[37,22,47,41],[87,22,29,33],[121,21,26,33],[150,21,23,33],[176,20,25,34]]"
train_000251_combo_QIK477,cut__max_column_sum_quantile__s2__plus,combo,QIK477,QK477,0.8333333333333334,0.0,c7cf62edba17cf6099ac9bf4cdb5e27a87fa12f8869c131c46aa6189edcccee4,106754b9a36f95d3bcb25ae1f7847240916bdf5b5411507c835c1cc9b2b96e09,483.1159245222807,15.86923934519291,5,6,0.0,0.181875,0.0,0,"[[37,22,47,41],[87,22,29,33],[121,21,26,33],[150,21,23,33],[176,20,25,34]]"
train_000251_combo_QIK477,cut__max_column_sum_quantile__s4__minus,combo,QIK477,QK477,0.8333333333333334,0.0,ed1e6da481faa440ebbc2d05a1bec272f08b794981ab8d6f35cb186750ff0f44,eb74d08744e17bdf336325c6759a06b1416e61b26345bfe06f63492b1f550a1f,487.09624726325274,9.999879635870457,5,6,0.0,0.181875,0.0,0,"[[37,22,47,41],[87,22,29,33],[121,21,26,33],[150,21,23,33],[176,20,25,34]]"
train_000251_combo_QIK477,cut__max_column_sum_quantile__s4__plus,combo,QIK477,QK477,0.8333333333333334,0.0,f884cb4b44c72e79802de42b8b2f490473969ec6d9f0ae66e581fedfaa0aae9e,d96b42b6653eeb784731feabb1ead2829a1473699678e3f58160d839470d314f,545.9487792104483,15.896382741630077,5,6,0.0,0.181875,0.0,0,"[[37,22,47,41],[87,22,29,33],[121,21,26,33],[150,21,23,33],[176,20,25,34]]"
train_000251_combo_QIK477,cut__min_rel_width_for_split__s1__minus,combo,QIK477,QK477,0.8333333333333334,0.0,21c5ff78668c1df4c5ee2bce503427613bb3224cec967e38b812d748e9f78b35,d5fc03ebdef8d7ae45f1dc2a54a6f117adee0ed55900e043ae4eba24f2678c80,611.9396705180407,15.872152522206306,5,6,0.0,0.181875,0.0,0,"[[37,22,47,41],[87,22,29,33],[121,21,26,33],[150,21,23,33],[176,20,25,34]]"
train_000251_combo_QIK477,cut__min_rel_width_for_split__s1__plus,combo,QIK477,QK477,0.8333333333333334,0.0,f2c9d6bd6a3bcf032b9f90c7bc5045a962704fbeb8a9e69b2fe1d7bbd7d7320e,186c890ddb34edff4903210f5a684db46d7fa5546c1be1d7bf96573b6f2a5204,536.7600312456489,16.217906028032303,5,6,0.0,0.181875,0.0,0,"[[37,22,47,41],[87,22,29,33],[121,21,26,33],[150,21,23,33],[176,20,25,34]]"
train_000251_combo_QIK477,cut__min_rel_width_for_split__s2__minus,combo,QIK477,QK477,0.8333333333333334,0.0,82cf4271ef03616907cb6d3e07c08792bd743f5be20c5ebdbcc76043f2e96a09,0bcfeb07b6b7999000ac618d1fac988485a0500341d2e6de15ba57c782f83a70,500.7190704345703,15.736307017505169,5,6,0.0,0.181875,0.0,0,"[[37,22,47,41],[87,22,29,33],[121,21,26,33],[150,21,23,33],[176,20,25,34]]"
train_000251_combo_QIK477,cut__min_rel_width_for_split__s2__plus,combo,QIK477,QK477,0.8333333333333334,0.0,d74407fbb8117d593dde55e2ad05060a9bc7b4a3646a17e12586ce316c1a89f4,f7928d02c34c6abdc465143e7c5b4154259449baee4613266e1374e4425ddc25,524.1212407127023,14.701934531331062,5,6,0.0,0.181875,0.0,0,"[[37,22,47,41],[87,22,29,33],[121,21,26,33],[150,21,23,33],[176,20,25,34]]"
train_000251_combo_QIK477,cut__min_rel_width_for_split__s4__minus,combo,QIK477,QK477,0.8333333333333334,0.0,b1fb0cf334b1dc1fa43f61363f2e13d5b8139ff19f061ec2ffa4872159e7cbcd,c35acb3864c0435faee29c013079d41a8d111f7a670d3ec765bd12a12ac2d602,587.6004500314593,19.6204399690032,5,6,0.0,0.181875,0.0,0,"[[37,22,47,41],[87,22,29,33],[121,21,26,33],[150,21,23,33],[176,20,25,34]]"
train_000251_combo_QIK477,cut__min_rel_width_for_split__s4__plus,combo,QIK477,QK477,0.8333333333333334,0.0,098a16c16ec8ec36bbb21020281028a1655425a97ec07e71d34200b20f446b13,97c139793c40b8c2b827938ee25e4120ba433f3559c1031e6063627e149554bf,563.1314953789115,0.46667084097862244,5,6,0.0,0.181875,0.0,0,"[[37,22,47,41],[87,22,29,33],[121,21,26,33],[150,21,23,33],[176,20,25,34]]"
train_000251_combo_QIK477,reference,combo,QIK477,QK477,0.8333333333333334,0.0,308f158f68bc26dc97369a75feb307462a43b0da0685381fd8db29edb86de075,1ce34c0765fcd294ae289e2e82e5e2c7ad4bbee4c3a0f23fbd20567c7006474b,489.0338210389018,15.762434341013432,5,6,0.0,0.181875,0.0,0,"[[37,22,47,41],[87,22,29,33],[121,21,26,33],[150,21,23,33],[176,20,25,34]]"
train_000251_combo_QIK477,reference_repeat,combo,QIK477,QK477,0.8333333333333334,0.0,d25a482276845f9efad66d12e8fe05033b731e41d11ae56eddfe254d427eea9a,1ce34c0765fcd294ae289e2e82e5e2c7ad4bbee4c3a0f23fbd20567c7006474b,518.8532145693898,15.768867917358875,5,6,0.0,0.181875,0.0,0,"[[37,22,47,41],[87,22,29,33],[121,21,26,33],[150,21,23,33],[176,20,25,34]]"
train_000251_combo_QIK477,scoring__blocking_gap_ratio__s1__minus,combo,QIK477,QK477,0.8333333333333334,0.0,7e29909c9ccd6a3f7e4cd99ecac69301936c6fc0cc7c64795c65c17158467f8e,e824ce7ba5e21bf6b0cae78ce4bc3dbb1ede23dd66796e89d2c1f67beb031aff,502.2555785253644,19.291939213871956,5,6,0.0,0.181875,0.0,0,"[[37,22,47,41],[87,22,29,33],[121,21,26,33],[150,21,23,33],[176,20,25,34]]"
train_000251_combo_QIK477,scoring__blocking_gap_ratio__s1__plus,combo,QIK477,QK477,0.8333333333333334,0.0,b25bab974f3c6390d820c4f7190a0542272401d9d2c971b6e5d1bd07dc52ef46,b842020d8791dd8024cac01ae1970f6e068164677945df45c2ea35d9cf889251,565.5947187915444,15.773874707520008,5,6,0.0,0.181875,0.0,0,"[[37,22,47,41],[87,22,29,33],[121,21,26,33],[150,21,23,33],[176,20,25,34]]"
train_000251_combo_QIK477,scoring__blocking_gap_ratio__s2__minus,combo,QIK477,QK477,0.8333333333333334,0.0,971a580a72064fbbb15cd4145894dbd00a509aa734422d69446838e6ac8b3dec,ced3b77b3b43e0eefe8ce78c8592a68eb814624a0e0225c82e2e93acd6b85159,505.92339038848877,16.42854232341051,5,6,0.0,0.181875,0.0,0,"[[37,22,47,41],[87,22,29,33],[121,21,26,33],[150,21,23,33],[176,20,25,34]]"
train_000251_combo_QIK477,scoring__blocking_gap_ratio__s2__plus,combo,QIK477,QK477,0.8333333333333334,0.0,c8ea890ac91218cf48c8ef52fc11440abd046412ebed4704f78470c2b735ae3d,fc613f458979e8b17d650f467fdff2842d66bb2dac70cae8508de4c17306d232,554.1455969214439,15.726977959275246,5,6,0.0,0.181875,0.0,0,"[[37,22,47,41],[87,22,29,33],[121,21,26,33],[150,21,23,33],[176,20,25,34]]"
train_000251_combo_QIK477,scoring__blocking_gap_ratio__s4__minus,combo,QIK477,QK477,0.8333333333333334,0.0,9ee39b076c103b0440511d0f17cb803dd15d98ea9340bd3a2a04556b1f292d96,199e1fd6960e3f5f68969126bf73e08e1a5f41150a0e322bc7379638606cec5f,551.2380246073008,13.090238906443119,5,6,0.0,0.181875,0.0,0,"[[37,22,47,41],[87,22,29,33],[121,21,26,33],[150,21,23,33],[176,20,25,34]]"
train_000251_combo_QIK477,scoring__blocking_gap_ratio__s4__plus,combo,QIK477,QK477,0.8333333333333334,0.0,638c6488f941494c1b19059e92c08274aac087b092f9bf894a8bef9c5ac172d9,7ea1659bc8357589212ac8207fb1c4513eedd6e0dfebf9216b828416f06c96c1,552.2262193262577,16.299057751893997,5,6,0.0,0.181875,0.0,0,"[[37,22,47,41],[87,22,29,33],[121,21,26,33],[150,21,23,33],[176,20,25,34]]"
train_000251_combo_QIK477,scoring__rho_max__s1__minus,combo,QIK477,QK477,0.8333333333333334,0.0,cdd392ff168cf8233541bede2a5ccedec5b3fcc0f0a1825209657726085743fd,8b135f2f8b6e8f85fe1b7edc92fcc735c14cc6aa7d44633745e88bdd66e0afab,509.9083995446563,16.00005105137825,5,6,0.0,0.181875,0.0,0,"[[37,22,47,41],[87,22,29,33],[121,21,26,33],[150,21,23,33],[176,20,25,34]]"
train_000251_combo_QIK477,scoring__rho_max__s1__plus,combo,QIK477,QK477,0.8333333333333334,0.0,d5fda91dc818fe2a8c916648ba0d3f633433fd0101958473fc41fb8fcfc0a898,8774e69965c2d883a869abe91e3cb9a4b288431f35b45a04cb1463628c9579df,548.5608531162143,16.228392720222473,5,6,0.0,0.181875,0.0,0,"[[37,22,47,41],[87,22,29,33],[121,21,26,33],[150,21,23,33],[176,20,25,34]]"
train_000251_combo_QIK477,scoring__rho_max__s2__minus,combo,QIK477,QK477,0.8333333333333334,0.0,f53b99babfab99330305a5c5d201fd5fe24f5353ebf8ffee803ffd4cf64c3c53,4e28d5a81231b92890c621bd6820e58730d6329e5e3921609fa093214d234743,460.4942090809345,15.863083302974701,5,6,0.0,0.181875,0.0,0,"[[37,22,47,41],[87,22,29,33],[121,21,26,33],[150,21,23,33],[176,20,25,34]]"
train_000251_combo_QIK477,scoring__rho_max__s2__plus,combo,QIK477,QK477,0.8333333333333334,0.0,6ca02b5b5dbcf3263a4fa83c41c2bd795ef3c0dc749e8afa2f2b27789c4efb58,5294ff426d7a9ff7fbe77bd3fb5cf5ecd699d9105da746ed7aac9480233a1968,495.54832838475704,22.21506740897894,5,6,0.0,0.181875,0.0,0,"[[37,22,47,41],[87,22,29,33],[121,21,26,33],[150,21,23,33],[176,20,25,34]]"
train_000251_combo_QIK477,scoring__rho_max__s4__minus,combo,QIK477,QK477,0.8333333333333334,0.0,a90a1fb297c6549589722046247977e9984066abab22c4ecdd3ae5fbfefaef17,3955b9a319ff0db01e2a1105511820ad8982d08ffe5dce52c1085a1c449ef1bd,562.3806472867727,15.791038051247597,5,6,0.0,0.181875,0.0,0,"[[37,22,47,41],[87,22,29,33],[121,21,26,33],[150,21,23,33],[176,20,25,34]]"
train_000251_combo_QIK477,scoring__rho_max__s4__plus,combo,QIK477,QK477,0.8333333333333334,0.0,e9be4021958e2f93ad4ea12210836cc8aab1faa364c725a540a045ba4c8fb2c2,74cc8645d6fa75b48f1527ae22184d716bb66519306c436eeec3638281e50895,494.6603877469897,15.963493846356869,5,6,0.0,0.181875,0.0,0,"[[37,22,47,41],[87,22,29,33],[121,21,26,33],[150,21,23,33],[176,20,25,34]]"
train_000251_combo_QIK477,scoring__w_overlap__s1__minus,combo,QIK477,QK477,0.8333333333333334,0.0,34eaec838e1ccf6ff24971d0a1c007cdc925f58120ea64fec0c760fe0798c584,7e8d751de15b8f20aa177d68c49e6a9d28aaa11e319da08d0180877d7107a6bf,538.4294940158725,15.619239769876003,5,6,0.0,0.181875,0.0,0,"[[37,22,47,41],[87,22,29,33],[121,21,26,33],[150,21,23,33],[176,20,25,34]]"
train_000251_combo_QIK477,scoring__w_overlap__s1__plus,combo,QIK477,QK477,0.8333333333333334,0.0,cd892b71ac9c0f2091426ae1ef764d0d57e4a95323365b84a8aa2f35d8b5a247,487c5774f4cb54ebd7c83a33b6b9b170a32ee807a9a577791a9ea718d85b8380,496.29145581275225,15.498821623623371,5,6,0.0,0.181875,0.0,0,"[[37,22,47,41],[87,22,29,33],[121,21,26,33],[150,21,23,33],[176,20,25,34]]"
train_000251_combo_QIK477,scoring__w_overlap__s2__minus,combo,QIK477,QK477,0.8333333333333334,0.0,e7322ca29b63490cd1c640fbeacaf4c17f0664b7f397c84fcf8ecd043455f4c9,80995288a7c3fed78d9007aeca716a93e784cda24517692d49381f4dbdf7f045,557.7985607087612,17.020033672451973,5,6,0.0,0.181875,0.0,0,"[[37,22,47,41],[87,22,29,33],[121,21,26,33],[150,21,23,33],[176,20,25,34]]"
train_000251_combo_QIK477,scoring__w_overlap__s2__plus,combo,QIK477,QK477,0.8333333333333334,0.0,06646e7199bcca41834e6a5f6a06c89dba407dcbbd786c4838a36d96bc7ed22b,8b7017006d7f6713fa6970f9f0aa2be19f04d62a3cdfc9659b74e613e72a1813,575.447853654623,15.889138914644718,5,6,0.0,0.181875,0.0,0,"[[37,22,47,41],[87,22,29,33],[121,21,26,33],[150,21,23,33],[176,20,25,34]]"
train_000251_combo_QIK477,scoring__w_overlap__s4__minus,combo,QIK477,QK477,0.8333333333333334,0.0,4fa4762f39addf7713dfa42ac72fea605fcf5c6552c17b690455e3829658865b,8ab08b56d5ab58606cf697542bb295458dbb43003913c3d475cb1aea9c2acd1d,506.1204982921481,15.872879885137081,5,6,0.0,0.181875,0.0,0,"[[37,22,47,41],[87,22,29,33],[121,21,26,33],[150,21,23,33],[176,20,25,34]]"
train_000251_combo_QIK477,scoring__w_overlap__s4__plus,combo,QIK477,QK477,0.8333333333333334,0.0,e75b1aad30af444e017c0b2d17d5cb3b9b020e6221ed51b8fb1a2d7cf4afc62f,c18b7fe25c77d9d2946e813079888612162cd6d886e58f6703b146011f9f76f5,570.3001655638218,24.511209689080715,5,6,0.0,0.181875,0.0,0,"[[37,22,47,41],[87,22,29,33],[121,21,26,33],[150,21,23,33],[176,20,25,34]]"
train_000251_combo_QIK477,scoring__w_prior__s1__minus,combo,QIK477,QK477,0.8333333333333334,0.0,90741f155ff74e2025259d96de5f533137ae1093621de0906430b6538f655dc6,4227028a1d83b99c2258cbc48224abc17212426494bfad8c17b3b6686663acee,514.971699565649,18.01984291523695,5,6,0.0,0.181875,0.0,0,"[[37,22,47,41],[87,22,29,33],[121,21,26,33],[150,21,23,33],[176,20,25,34]]"
train_000251_combo_QIK477,scoring__w_prior__s1__plus,combo,QIK477,QK477,0.8333333333333334,0.0,078f09281e5cf15cee4794160f8b02379e6e53a22ab7f788e15d092afb515ab0,dc604d1141ca4de1d76e2b075981a09bd187b8b2bbb3919a7e537cd2655f7f54,521.7100596055388,15.437398105859756,5,6,0.0,0.181875,0.0,0,"[[37,22,47,41],[87,22,29,33],[121,21,26,33],[150,21,23,33],[176,20,25,34]]"
train_000251_combo_QIK477,scoring__w_prior__s2__minus,combo,QIK477,QK477,0.8333333333333334,0.0,9eaa3d3e6e23033c6e2b25cfe2a56db6698597ece51dfe8acef00b78e4e6dd85,895376bd91a2aae06d9506c89b97d04bf7bea263bf820862768cd63db29b2d34,567.534800618887,18.804915249347687,5,6,0.0,0.181875,0.0,0,"[[37,22,47,41],[87,22,29,33],[121,21,26,33],[150,21,23,33],[176,20,25,34]]"
train_000251_combo_QIK477,scoring__w_prior__s2__plus,combo,QIK477,QK477,0.8333333333333334,0.0,6a8fb556a4e43018a471c20e084256de680579521522088cf564584f10c42106,7fba13cab672b6cc5d60ed2638a5a37b52ce1589e208ad1ebdfb3cd4bed337fd,464.9289380759001,16.191703267395496,5,6,0.0,0.181875,0.0,0,"[[37,22,47,41],[87,22,29,33],[121,21,26,33],[150,21,23,33],[176,20,25,34]]"
train_000251_combo_QIK477,scoring__w_prior__s4__minus,combo,QIK477,QK477,0.8333333333333334,0.0,8936c4d1ccc65f3fde19da7998da82071a2ec84bf659fd0ff6e3d000ba1a7a5c,62f33b8fdc5bffc199f8be7f928aa4c814d7fd38bc6aadb410afcdcf9d2d71f8,530.2535369992256,15.750088728964329,5,6,0.0,0.181875,0.0,0,"[[37,22,47,41],[87,22,29,33],[121,21,26,33],[150,21,23,33],[176,20,25,34]]"
train_000251_combo_QIK477,scoring__w_prior__s4__plus,combo,QIK477,QK477,0.8333333333333334,0.0,ce884fcaf5a291cd2fd1456a6f096eec3812be6d07d073aa7acc8cb559796675,775f2c6cafb07af5a20f1848d7cc3ca427dedf2284fbe9f17021da7f564ba663,480.5562403053045,15.819530002772808,5,6,0.0,0.181875,0.0,0,"[[37,22,47,41],[87,22,29,33],[121,21,26,33],[150,21,23,33],[176,20,25,34]]"
train_000509_threshold_JOO326,cut__max_column_sum_quantile__s1__minus,threshold,JOO326,J326,0.6666666666666667,0.0,bcd0b3567f065b421b44617f925bc83226b756a4ecae94a59d6810c601820942,77553b6f87d5513f23de2b89a007ce2ef087194d49e55a75c67b4307073fbc02,659.372597001493,0.4492979496717453,6,6,0.0,0.10760416666666667,0.0,0,"[[16,20,12,36],[47,19,25,29],[88,19,25,29],[139,19,19,29],[176,19,18,28],[211,20,20,29]]"
train_000509_threshold_JOO326,cut__max_column_sum_quantile__s1__plus,threshold,JOO326,J326,0.6666666666666667,0.0,7cf054bc2bc1e296ec8220ecc8076e6f4b58d3514c5ff7264e06befabb1f0431,7b2cae72fbf80dbdf35e2ecf7095412f5a5dc022a592246cf092859eb5185518,697.8701502084732,0.4536053165793419,6,6,0.0,0.10760416666666667,0.0,0,"[[16,20,12,36],[47,19,25,29],[88,19,25,29],[139,19,19,29],[176,19,18,28],[211,20,20,29]]"
train_000509_threshold_JOO326,cut__max_column_sum_quantile__s2__minus,threshold,JOO326,J326,0.6666666666666667,0.0,ca78d41775c8bd699c4b2161fc7acc297c1ed68d4460bc0bc768560c2f2ab275,e6fb9b2886feaceada3144ce33ea302c1a80e988ca3b7475545d7a5100873574,606.0279225930572,0.45590102672576904,6,6,0.0,0.10760416666666667,0.0,0,"[[16,20,12,36],[47,19,25,29],[88,19,25,29],[139,19,19,29],[176,19,18,28],[211,20,20,29]]"
train_000509_threshold_JOO326,cut__max_column_sum_quantile__s2__plus,threshold,JOO326,J326,0.6666666666666667,0.0,a90b69d5d4fa3e1f333defea7bcdf0cf9466fa31ec1b2d964fd1b88570fa9423,ac5ee7d496bd838ff70edce59d13905151a7e6d53104d8f92a6865384e187894,651.4673195779324,0.4533063620328903,6,6,0.0,0.10760416666666667,0.0,0,"[[16,20,12,36],[47,19,25,29],[88,19,25,29],[139,19,19,29],[176,19,18,28],[211,20,20,29]]"
train_000509_threshold_JOO326,cut__max_column_sum_quantile__s4__minus,threshold,JOO326,J326,0.6666666666666667,0.0,c6d1e54976770630df3b3a1d539bd5fc6604cecfef1dfdd430839a1d0c98a746,fe1f90ce1f0bc99a293abf39e6739d616a5de0c4f161532346eb1545f9141ade,689.8637814447284,0.4667304456233978,6,6,0.0,0.10760416666666667,0.0,0,"[[16,20,12,36],[47,19,25,29],[88,19,25,29],[139,19,19,29],[176,19,18,28],[211,20,20,29]]"
train_000509_threshold_JOO326,cut__max_column_sum_quantile__s4__plus,threshold,JOO326,J326,0.6666666666666667,0.0,224a31795caeb3a05c6a8e1b236a9640998150bdd2e19b2c1ae46eeead472048,a7e50974c420bc290872037bcb33907a1ee1b5f6a3802a8bec8f98f4a7983d29,642.8636675700545,0.462191179394722,6,6,0.0,0.10760416666666667,0.0,0,"[[16,20,12,36],[47,19,25,29],[88,19,25,29],[139,19,19,29],[176,19,18,28],[211,20,20,29]]"
train_000509_threshold_JOO326,cut__min_rel_width_for_split__s1__minus,threshold,JOO326,J326,0.6666666666666667,0.0,ead33b83f5626a33e0811dcb93c16097997fb092127f66d4fc44de00064f7bc9,0b5af8ab9f1199bbe2fa1fb928a2c48056c17708b5efb2f086eea02deade5d31,661.6150354966521,0.4586465656757355,6,6,0.0,0.10760416666666667,0.0,0,"[[16,20,12,36],[47,19,25,29],[88,19,25,29],[139,19,19,29],[176,19,18,28],[211,20,20,29]]"
train_000509_threshold_JOO326,cut__min_rel_width_for_split__s1__plus,threshold,JOO326,J326,0.6666666666666667,0.0,455391132417c1e487f7f54ae0c6871580df6a95571bac8e73dcaff6d1a84a5e,bc1a842ec9793bd1223cddaba78e805faa7a074da51ba6ba89beaf2c7b21e088,622.4743584170938,0.4643658176064491,6,6,0.0,0.10760416666666667,0.0,0,"[[16,20,12,36],[47,19,25,29],[88,19,25,29],[139,19,19,29],[176,19,18,28],[211,20,20,29]]"
train_000509_threshold_JOO326,cut__min_rel_width_for_split__s2__minus,threshold,JOO326,J326,0.6666666666666667,0.0,80a6526794edf6b335ba0067673274f6925a4c46cdebf50604b2a75992898b67,edeba9d7ea2e6ea2cbfbbe279d6e4b4192cc1eb49879189f822d03a3f634d518,737.0263142511249,0.44105295091867447,6,6,0.0,0.10760416666666667,0.0,0,"[[16,20,12,36],[47,19,25,29],[88,19,25,29],[139,19,19,29],[176,19,18,28],[211,20,20,29]]"
train_000509_threshold_JOO326,cut__min_rel_width_for_split__s2__plus,threshold,JOO326,J326,0.6666666666666667,0.0,6af14108a4a1c61ca10e80b99f2077dced247a89eca36082c100fcff936b16b6,d194ca8984689b18100ff2ab31e873d7441c3ebb850fd016a96fb356e659df01,637.409127317369,0.4505198448896408,6,6,0.0,0.10760416666666667,0.0,0,"[[16,20,12,36],[47,19,25,29],[88,19,25,29],[139,19,19,29],[176,19,18,28],[211,20,20,29]]"
train_000509_threshold_JOO326,cut__min_rel_width_for_split__s4__minus,threshold,JOO326,J326,0.6666666666666667,0.0,d1942f54c64a816b515d968ed20c315a6008b51137499a3d00542fb040467b77,6afb51e899f3f2408562c630ad3a8af0d2947e9bcd375a4a686b4860836e9458,622.1604440361261,25.772575289011,6,6,0.0,0.10760416666666667,0.0,0,"[[16,20,12,36],[47,19,25,29],[88,19,25,29],[139,19,19,29],[176,19,18,28],[211,20,20,29]]"
train_000509_threshold_JOO326,cut__min_rel_width_for_split__s4__plus,threshold,JOO326,J326,0.6666666666666667,0.0,47eb975c80646763015edac90bdd32976ce4b1aa2cc4d6b09ad9d08c2f884731,bce35833bd7196c302fd962e4003e94c1fa8aae0e4ac873e633af8108d09da61,627.7090283110738,0.47671981155872345,6,6,0.0,0.10760416666666667,0.0,0,"[[16,20,12,36],[47,19,25,29],[88,19,25,29],[139,19,19,29],[176,19,18,28],[211,20,20,29]]"
train_000509_threshold_JOO326,reference,threshold,JOO326,J326,0.6666666666666667,0.0,f017a131fcd6f5ec3a7fe47635967c657f5568f430a8ac699aa975014d3071a5,564b341aeb56280abc8ed9f9a42e6bc53c841f3d905ec146f701ceb2cb800347,652.5595588609576,0.44775474816560745,6,6,0.0,0.10760416666666667,0.0,0,"[[16,20,12,36],[47,19,25,29],[88,19,25,29],[139,19,19,29],[176,19,18,28],[211,20,20,29]]"
train_000509_threshold_JOO326,scoring__blocking_gap_ratio__s1__minus,threshold,JOO326,J326,0.6666666666666667,0.0,796f0af3c6d737b7dd84f6c9c2a2ee3e46c5c32344c865717b429cbec1ced0b7,3c2cc1de73cd6dd7c671a05d5b3fa040ff09eee9544ea74581d543aadd09cd25,639.4613180309534,0.48917345702648163,6,6,0.0,0.10760416666666667,0.0,0,"[[16,20,12,36],[47,19,25,29],[88,19,25,29],[139,19,19,29],[176,19,18,28],[211,20,20,29]]"
train_000509_threshold_JOO326,scoring__blocking_gap_ratio__s1__plus,threshold,JOO326,J326,0.6666666666666667,0.0,c1a6a1585648b3a1d6f216e1396d77778ff1b9c8e718d4100e05cad25dcd5123,7e38b24423bb9c5638d214025731c5f00f7605f831004cf72454b0c5f5959497,636.0606364905834,0.45480765402317047,6,6,0.0,0.10760416666666667,0.0,0,"[[16,20,12,36],[47,19,25,29],[88,19,25,29],[139,19,19,29],[176,19,18,28],[211,20,20,29]]"
train_000509_threshold_JOO326,scoring__blocking_gap_ratio__s2__minus,threshold,JOO326,J326,0.6666666666666667,0.0,215f90ba111771cb13b0709e13963015983887a1475ea27ced842451ecc8e19a,af8171b4e632cda16910872f826672d708503d34039e2a6e06ccb22ae2d249f9,619.7912460193038,0.4719104617834091,6,6,0.0,0.10760416666666667,0.0,0,"[[16,20,12,36],[47,19,25,29],[88,19,25,29],[139,19,19,29],[176,19,18,28],[211,20,20,29]]"
train_000509_threshold_JOO326,scoring__blocking_gap_ratio__s2__plus,threshold,JOO326,J326,0.6666666666666667,0.0,c4f66880101fe8f2827a9553a2af81d52c2f6a912c9fc5ece2b923b0f3c8399a,a6507f63c7de3c83453b3649757becbdc4a27b2d7c25116d0e1bc722ba86fe7d,670.5521289259195,0.4793647676706314,6,6,0.0,0.10760416666666667,0.0,0,"[[16,20,12,36],[47,19,25,29],[88,19,25,29],[139,19,19,29],[176,19,18,28],[211,20,20,29]]"
train_000509_threshold_JOO326,scoring__blocking_gap_ratio__s4__minus,threshold,JOO326,J326,0.6666666666666667,0.0,1fc3eba60b51368d73e782f3e4b5d0078006afe895ca8d0c2261f80ea57560bb,431167b2631871edb651374a98fca5d3af9c347490874e5cb6084a1b6c696f75,560.9002253040671,0.46227313578128815,6,6,0.0,0.10760416666666667,0.0,0,"[[16,20,12,36],[47,19,25,29],[88,19,25,29],[139,19,19,29],[176,19,18,28],[211,20,20,29]]"
train_000509_threshold_JOO326,scoring__blocking_gap_ratio__s4__plus,threshold,JOO326,J326,0.6666666666666667,0.0,36c829b63a32c9630707d90c27a6a643ab6d234ff0a26c11d856f92276e610ff,f7468c612ee0dd03d596f33d29b127342f4e3318349ccc7356323a275b332130,634.8384665325284,0.4585953429341316,6,6,0.0,0.10760416666666667,0.0,0,"[[16,20,12,36],[47,19,25,29],[88,19,25,29],[139,19,19,29],[176,19,18,28],[211,20,20,29]]"
train_000509_threshold_JOO326,scoring__rho_max__s1__minus,threshold,JOO326,J326,0.6666666666666667,0.0,ac8e01ccbf3451cab24bb1ec09686d33ce39a0b3214b347276fc9b13d6bc4cc6,abe17334fc055aedb989b174dc230c20d2c7114b9cce1c6264f05d403b9c93f0,752.4578506127,0.46655163168907166,6,6,0.0,0.10760416666666667,0.0,0,"[[16,20,12,36],[47,19,25,29],[88,19,25,29],[139,19,19,29],[176,19,18,28],[211,20,20,29]]"
train_000509_threshold_JOO326,scoring__rho_max__s1__plus,threshold,JOO326,J326,0.6666666666666667,0.0,dd6330e2075fa74b7b0953d92b465417bbd887da604ff65d7fe65c0e85927415,11acd06c0633d19374ceb26474cbb8d76d311fcb4755638a1fb2174c00cb23b7,614.322992041707,0.4412224516272545,6,6,0.0,0.10760416666666667,0.0,0,"[[16,20,12,36],[47,19,25,29],[88,19,25,29],[139,19,19,29],[176,19,18,28],[211,20,20,29]]"
train_000509_threshold_JOO326,scoring__rho_max__s2__minus,threshold,JOO326,J326,0.6666666666666667,0.0,ce378f52c3fec0514b2448689b5cab3d1919ed503608e5bba57c975b30bc7969,18aa40dc136512e59940f3ebbe3a47e76cab810a2e068c4952ada66ba0cbf7a7,556.5576478838921,0.44285599142313004,6,6,0.0,0.10760416666666667,0.0,0,"[[16,20,12,36],[47,19,25,29],[88,19,25,29],[139,19,19,29],[176,19,18,28],[211,20,20,29]]"
train_000509_threshold_JOO326,scoring__rho_max__s2__plus,threshold,JOO326,J326,0.6666666666666667,0.0,693983017f18cce95682ffebad6f4d0b58110d835b8782d817dc441317741086,17e92b437e1a4bc1009e9e699b347a59099be2555cedc9a122db9705acbb240d,802.3107899352908,0.4450511187314987,6,6,0.0,0.10760416666666667,0.0,0,"[[16,20,12,36],[47,19,25,29],[88,19,25,29],[139,19,19,29],[176,19,18,28],[211,20,20,29]]"
train_000509_threshold_JOO326,scoring__rho_max__s4__minus,threshold,JOO326,J326,0.6666666666666667,0.0,e2d1f2460bb577ada05b8e53ea406ffc1530ca516cf976e991d8bbfb434430e3,6a152cec55cd254b52b6a7bb18851480dda3cffb4cbd785472aba325cadac85d,666.1765547469258,0.4497496411204338,6,6,0.0,0.10760416666666667,0.0,0,"[[16,20,12,36],[47,19,25,29],[88,19,25,29],[139,19,19,29],[176,19,18,28],[211,20,20,29]]"
train_000509_threshold_JOO326,scoring__rho_max__s4__plus,threshold,JOO326,J326,0.6666666666666667,0.0,328235fdf9c66eefef27294909c69f35942e3e9d08bb39fd264430496b81bcd3,ce0b6e5072f028dd41baf0b1e6c82dfdb4023187aab3dfc7ca5b75a9e2a5d87e,709.9681571125984,0.4530949518084526,6,6,0.0,0.10760416666666667,0.0,0,"[[16,20,12,36],[47,19,25,29],[88,19,25,29],[139,19,19,29],[176,19,18,28],[211,20,20,29]]"
train_000509_threshold_JOO326,scoring__w_overlap__s1__minus,threshold,JOO326,J326,0.6666666666666667,0.0,1e401d9f8085a8ded2949f19d68527c306d7f31429f785c5d6cfcbdfdd5f6e20,cc97f5131a0f4a60da941f21a70476ce6eec85c98ad4b1a2218ce74800e593ef,774.9904869124293,0.46311505138874054,6,6,0.0,0.10760416666666667,0.0,0,"[[16,20,12,36],[47,19,25,29],[88,19,25,29],[139,19,19,29],[176,19,18,28],[211,20,20,29]]"
train_000509_threshold_JOO326,scoring__w_overlap__s1__plus,threshold,JOO326,J326,0.6666666666666667,0.0,fc198d2d5094513fe30377e8bd19e654871ec9adc30224654cc88de5c817e9dc,290ce80843758205d62492b8022d210ecc54106c9f4473461a9b31aec931d120,666.249674744904,0.46786293387413025,6,6,0.0,0.10760416666666667,0.0,0,"[[16,20,12,36],[47,19,25,29],[88,19,25,29],[139,19,19,29],[176,19,18,28],[211,20,20,29]]"
train_000509_threshold_JOO326,scoring__w_overlap__s2__minus,threshold,JOO326,J326,0.6666666666666667,0.0,7d72ed286d3a4427993bfb845a0c7724b8740e69c0b3c0ec677d8a8e0fab35dc,c9b53d3aa630646eeed4c39f4bb574ac81ddcff6f6e6ba46dc5938c37c4826bb,681.111479178071,0.4580151289701462,6,6,0.0,0.10760416666666667,0.0,0,"[[16,20,12,36],[47,19,25,29],[88,19,25,29],[139,19,19,29],[176,19,18,28],[211,20,20,29]]"
train_000509_threshold_JOO326,scoring__w_overlap__s2__plus,threshold,JOO326,J326,0.6666666666666667,0.0,8a11ae102e67569679e4a05fb50f72ca27e9cc4d8c4fa7de8588eb2dbbf70b34,efadfede5e53ebc8d6ee971dd4d2180f2a46f50664b1f060e8019d09f2b24a37,708.1705797463655,0.4507908597588539,6,6,0.0,0.10760416666666667,0.0,0,"[[16,20,12,36],[47,19,25,29],[88,19,25,29],[139,19,19,29],[176,19,18,28],[211,20,20,29]]"
train_000509_threshold_JOO326,scoring__w_overlap__s4__minus,threshold,JOO326,J326,0.6666666666666667,0.0,40d8a5a15da2c466d90409b1ec95d4249394485b83bb7ccbd27ea7413be0db9c,add9d6650aef7eee8645117805fa2222d38c39f3214b95464c33afcc9ead6046,649.9522291123867,0.4645567387342453,6,6,0.0,0.10760416666666667,0.0,0,"[[16,20,12,36],[47,19,25,29],[88,19,25,29],[139,19,19,29],[176,19,18,28],[211,20,20,29]]"
train_000509_threshold_JOO326,scoring__w_overlap__s4__plus,threshold,JOO326,J326,0.6666666666666667,0.0,11cf4a40c50d9a93203f93b82270aa19e8cf835afd5643dc27aadab4bfee6aff,ad9c6d31bbc93c94e31bb949256c8333ad93fd97eed8cd9f0ce8b173c5eb7799,614.2677962779999,0.4578949883580208,6,6,0.0,0.10760416666666667,0.0,0,"[[16,20,12,36],[47,19,25,29],[88,19,25,29],[139,19,19,29],[176,19,18,28],[211,20,20,29]]"
train_000509_threshold_JOO326,scoring__w_prior__s1__minus,threshold,JOO326,J326,0.6666666666666667,0.0,5a0738961f001406a4fca228c8aab792db252e51864a23d4fcddbb9d80d649af,0bfe6cfdfba1829e7ede07fbe4f85d64d2e62daab20a6fad282fb4db7f139055,600.2232814207673,0.4414143040776253,6,6,0.0,0.10760416666666667,0.0,0,"[[16,20,12,36],[47,19,25,29],[88,19,25,29],[139,19,19,29],[176,19,18,28],[211,20,20,29]]"
train_000509_threshold_JOO326,scoring__w_prior__s1__plus,threshold,JOO326,J326,0.6666666666666667,0.0,4d221420a5a7dc32a14fddc3ade6994721070ad9e554a9704380737311493713,0cfa26359bdc39fcd6da79e508f95175e277d5971ee12eb98d4d5bab4964033c,674.5249712839723,0.4766397178173065,6,6,0.0,0.10760416666666667,0.0,0,"[[16,20,12,36],[47,19,25,29],[88,19,25,29],[139,19,19,29],[176,19,18,28],[211,20,20,29]]"
train_000509_threshold_JOO326,scoring__w_prior__s2__minus,threshold,JOO326,J326,0.6666666666666667,0.0,e548ac107d96ada46e0a574c3af719f54449093163e14240bb4f18b8d45e2874,513fe2dd852dc5d05aca9f41755c082ee8829e6e2089feaa5cb94f3a02b3c847,616.8102789670229,0.46706199645996094,6,6,0.0,0.10760416666666667,0.0,0,"[[16,20,12,36],[47,19,25,29],[88,19,25,29],[139,19,19,29],[176,19,18,28],[211,20,20,29]]"
train_000509_threshold_JOO326,scoring__w_prior__s2__plus,threshold,JOO326,J326,0.6666666666666667,0.0,ad6881192fbd9658e3697bc5e84b84231f354e6f0c550d10ed2b44e623bd0d77,afa2cf15bf61d2dded1fc855be9eb86b2640661c37c30578d0826724ff70c976,612.3508969321847,0.44838618487119675,6,6,0.0,0.10760416666666667,0.0,0,"[[16,20,12,36],[47,19,25,29],[88,19,25,29],[139,19,19,29],[176,19,18,28],[211,20,20,29]]"
train_000509_threshold_JOO326,scoring__w_prior__s4__minus,threshold,JOO326,J326,0.6666666666666667,0.0,a4161ab1e978bb545d87974107c5306aed1dda4192f0906712d19359461fd654,65ac1a9161d55feb20f3c491357744a749252f81cbf33054d1b99be26fbba336,546.3281767442822,0.4781419411301613,6,6,0.0,0.10760416666666667,0.0,0,"[[16,20,12,36],[47,19,25,29],[88,19,25,29],[139,19,19,29],[176,19,18,28],[211,20,20,29]]"
train_000509_threshold_JOO326,scoring__w_prior__s4__plus,threshold,JOO326,J326,0.6666666666666667,0.0,cb63c6ff4e411f93e7bded548d1fa6629dbd95500e3207e9da48f961c4e28f4f,86e3a63e0c0311c862f8c756031d9da65e1d018f2ece378b82272f31da227ded,574.1315111517906,0.45960675925016403,6,6,0.0,0.10760416666666667,0.0,0,"[[16,20,12,36],[47,19,25,29],[88,19,25,29],[139,19,19,29],[176,19,18,28],[211,20,20,29]]"
train_000877_broken_YZF898,cut__max_column_sum_quantile__s1__minus,broken,YZF898,YZFB9,0.6666666666666667,0.0,16197c6b0601e8624b858512fdb34cac73cdb2911f108ce843daa4a842a1b6d9,7eee1f2d20cff7ec1c7138352bdc5e138635c23a6125cae37ad5a391b5e53b1f,769.7537383064628,0.45933760702610016,6,6,0.0,0.10411458333333333,0.0,0,"[[22,22,22,26],[59,22,22,28],[97,21,18,28],[138,22,20,29],[173,22,20,29],[208,23,20,28]]"
train_000877_broken_YZF898,cut__max_column_sum_quantile__s1__plus,broken,YZF898,YZFB9,0.6666666666666667,0.0,bbe7abaa164b93d88748fedb7caad3666b5537fc7c3164382b7ab54b0abbd47b,95814fb35e67d192a0e4bc5291e863d658b5da27b4c7523affd73f74d690d3f3,585.1166835054755,0.44793635606765747,6,6,0.0,0.10411458333333333,0.0,0,"[[22,22,22,26],[59,22,22,28],[97,21,18,28],[138,22,20,29],[173,22,20,29],[208,23,20,28]]"
train_000877_broken_YZF898,cut__max_column_sum_quantile__s2__minus,broken,YZF898,YZFB9,0.6666666666666667,0.0,120d4fc26afa4700297afdadcb58e2bc29340efa53e21af29c71a50ae9d1a562,7f8bda53e5d1a52877812add23611f09ebb5bbcac9cdbd81e4cbaaac21903255,664.6433072164655,0.4707295447587967,6,6,0.0,0.10411458333333333,0.0,0,"[[22,22,22,26],[59,22,22,28],[97,21,18,28],[138,22,20,29],[173,22,20,29],[208,23,20,28]]"
train_000877_broken_YZF898,cut__max_column_sum_quantile__s2__plus,broken,YZF898,YZFB9,0.6666666666666667,0.0,8f09a85e42e60bb51818a5110aadbb7cebfddb0a7a7bad7eb12d4a9cdeec2f2d,698735e3b2f4e4553a83248367d206cb03120bcc46a6b92beef1c27d756610c2,665.9713266417384,0.45373663306236267,6,6,0.0,0.10411458333333333,0.0,0,"[[22,22,22,26],[59,22,22,28],[97,21,18,28],[138,22,20,29],[173,22,20,29],[208,23,20,28]]"
train_000877_broken_YZF898,cut__max_column_sum_quantile__s4__minus,broken,YZF898,YZFB9,0.6666666666666667,0.0,6cd3c7e800d522b040ed3bbe1849e5ff65dcb4b9d1bb638d935bba91cd310f82,0f8fdd0b934d47a520f055a8d419777265c3c52113a15e7fd2ee7af1061a7111,581.6514939069748,0.45870617032051086,6,6,0.0,0.10411458333333333,0.0,0,"[[22,22,22,26],[59,22,22,28],[97,21,18,28],[138,22,20,29],[173,22,20,29],[208,23,20,28]]"
train_000877_broken_YZF898,cut__max_column_sum_quantile__s4__plus,broken,YZF898,YZFB9,0.6666666666666667,0.0,1d08e76e5250af4428c35f2945d889a95671f2879af3f41bd57276f988d67f34,ec3f7b80f90ae68d9917245b3c9f83f5aa177d9117e22f6c200518319415d082,633.4789749234915,0.4533957690000534,6,6,0.0,0.10411458333333333,0.0,0,"[[22,22,22,26],[59,22,22,28],[97,21,18,28],[138,22,20,29],[173,22,20,29],[208,23,20,28]]"
train_000877_broken_YZF898,cut__min_rel_width_for_split__s1__minus,broken,YZF898,YZFB9,0.6666666666666667,0.0,e53c4da4bb9bfcba81aaa270e443db0c3b0a5bb820cb8a19b56beaab0d52f104,e1012daec8539da0bcdc8a3a0e9909f5bd1781019317f937447d38bb3155c32e,567.9358029738069,0.44770538806915283,6,6,0.0,0.10411458333333333,0.0,0,"[[22,22,22,26],[59,22,22,28],[97,21,18,28],[138,22,20,29],[173,22,20,29],[208,23,20,28]]"
train_000877_broken_YZF898,cut__min_rel_width_for_split__s1__plus,broken,YZF898,YZFB9,0.6666666666666667,0.0,dc67a8475b642c97dc35a9235912cad7eca78bd952dd17a1a7258bfa83bfa4c9,984a8a23bb42062a5678ac99a963a8b7858112ac28cf1d12dbe240ae99ddd4ff,577.6516031473875,0.45542046427726746,6,6,0.0,0.10411458333333333,0.0,0,"[[22,22,22,26],[59,22,22,28],[97,21,18,28],[138,22,20,29],[173,22,20,29],[208,23,20,28]]"
train_000877_broken_YZF898,cut__min_rel_width_for_split__s2__minus,broken,YZF898,YZFB9,0.6666666666666667,0.0,5480cce2725f473bc1cc301a812b8eaaa6a6d98fb3e422230e13ab806b4333ad,2fba88be0c9a6cd4e67c80bd50531355311d361ba6d7f2576404dd15ab0941f5,624.2503235116601,0.47654006630182266,6,6,0.0,0.10411458333333333,0.0,0,"[[22,22,22,26],[59,22,22,28],[97,21,18,28],[138,22,20,29],[173,22,20,29],[208,23,20,28]]"
train_000877_broken_YZF898,cut__min_rel_width_for_split__s2__plus,broken,YZF898,YZFB9,0.6666666666666667,0.0,4148ceedf7c238fe38e97a9b10af0b077e28237a4482f37e2eb156520987aa30,1b2e0b7783ef8ebc5012b6cbde449ff7937329ba04186248a5ba126ccb2de8f4,589.3420334905386,0.41678640991449356,6,6,0.0,0.10411458333333333,0.0,0,"[[22,22,22,26],[59,22,22,28],[97,21,18,28],[138,22,20,29],[173,22,20,29],[208,23,20,28]]"
train_000877_broken_YZF898,cut__min_rel_width_for_split__s4__minus,broken,YZF898,YZFB9,0.6666666666666667,0.0,f01d3973a85c4100767cf91fba6d01092cee0b8f08a7f32af9caa35b89b8c505,e10846cc88f224b3b5e8e6fa2e0e7647c152b47a36251a10e33a39169a605471,599.5481153950095,0.4595071077346802,6,6,0.0,0.10411458333333333,0.0,0,"[[22,22,22,26],[59,22,22,28],[97,21,18,28],[138,22,20,29],[173,22,20,29],[208,23,20,28]]"
train_000877_broken_YZF898,cut__min_rel_width_for_split__s4__plus,broken,YZF898,YZFB9,0.6666666666666667,0.0,1b1effde116ac9e8fb3a807710c43b8cf820698776eca75a7b9063154c0bda54,9c6574f9764da953d54725a99cd3e6d11cb54c93033dc4fc9492cafe40c5b3fb,622.3003901541233,0.46176183968782425,6,6,0.0,0.10411458333333333,0.0,0,"[[22,22,22,26],[59,22,22,28],[97,21,18,28],[138,22,20,29],[173,22,20,29],[208,23,20,28]]"
train_000877_broken_YZF898,reference,broken,YZF898,YZFB9,0.6666666666666667,0.0,4b2269d6e57a4df81af2c7696ba0094f1b77d97e414e140a1a5148d3a78a1bb3,1e4d5357da452625b3ac2d31bdf394f316fd645fd870f5a0043026321a716a24,710.8584633097053,0.44751353561878204,6,6,0.0,0.10411458333333333,0.0,0,"[[22,22,22,26],[59,22,22,28],[97,21,18,28],[138,22,20,29],[173,22,20,29],[208,23,20,28]]"
train_000877_broken_YZF898,scoring__blocking_gap_ratio__s1__minus,broken,YZF898,YZFB9,0.6666666666666667,0.0,8fcaa8d9e92bc2d65efd4de19a986c66b0be47ae9780d04ef8270536c626b815,467645410ad3f388ee3efe25b677d90626489b4182f5323854cabe2c1f6d79e7,566.033948212862,0.4102056846022606,6,6,0.0,0.10411458333333333,0.0,0,"[[22,22,22,26],[59,22,22,28],[97,21,18,28],[138,22,20,29],[173,22,20,29],[208,23,20,28]]"
train_000877_broken_YZF898,scoring__blocking_gap_ratio__s1__plus,broken,YZF898,YZFB9,0.6666666666666667,0.0,43caa50c99c675101c1ede035491d38124b8555a063f25622451b13b09a88210,fb35319358668fe0f81c745a1f2d11a97c99cc60252d04f2fd1810e57f0e892a,615.4694156721234,0.4424257203936577,6,6,0.0,0.10411458333333333,0.0,0,"[[22,22,22,26],[59,22,22,28],[97,21,18,28],[138,22,20,29],[173,22,20,29],[208,23,20,28]]"
train_000877_broken_YZF898,scoring__blocking_gap_ratio__s2__minus,broken,YZF898,YZFB9,0.6666666666666667,0.0,4e2c89d3826c2974d668aad4d10d013bd1cd6077a475eb3246ab1024296008d2,76ffeaeca3c4e556241dd62424d6aed05ed7d3fce62bbe16b21882e314b380ad,637.7913001924753,0.4688957706093788,6,6,0.0,0.10411458333333333,0.0,0,"[[22,22,22,26],[59,22,22,28],[97,21,18,28],[138,22,20,29],[173,22,20,29],[208,23,20,28]]"
train_000877_broken_YZF898,scoring__blocking_gap_ratio__s2__plus,broken,YZF898,YZFB9,0.6666666666666667,0.0,035e78e67c08976bf290fd854adeaee58c3199fd068e3785e759daa17ff93827,2327546a8342bd33fa77dad00c8e300715520bf5cce64e0ca21e5550b8143b47,642.4906300380826,0.4762299358844757,6,6,0.0,0.10411458333333333,0.0,0,"[[22,22,22,26],[59,22,22,28],[97,21,18,28],[138,22,20,29],[173,22,20,29],[208,23,20,28]]"
train_000877_broken_YZF898,scoring__blocking_gap_ratio__s4__minus,broken,YZF898,YZFB9,0.6666666666666667,0.0,4e739f03e847468e58ba0705c07472ed099bda5a3cb3160912493c66e17cb79e,e39aace4d163ad1200d5368199486b986b00cfbc00fda750c4e7e16d83f455a6,673.2186255976558,0.46316348016262054,6,6,0.0,0.10411458333333333,0.0,0,"[[22,22,22,26],[59,22,22,28],[97,21,18,28],[138,22,20,29],[173,22,20,29],[208,23,20,28]]"
train_000877_broken_YZF898,scoring__blocking_gap_ratio__s4__plus,broken,YZF898,YZFB9,0.6666666666666667,0.0,f941ee55e9d438978edc5e998acceac1f81b063ad75496deecd9b893830fa7b7,dc6536e1053e34df28819ad939360a589d799b203f49bad722ca2c1d690afc8f,599.0494564175606,0.4489375278353691,6,6,0.0,0.10411458333333333,0.0,0,"[[22,22,22,26],[59,22,22,28],[97,21,18,28],[138,22,20,29],[173,22,20,29],[208,23,20,28]]"
train_000877_broken_YZF898,scoring__rho_max__s1__minus,broken,YZF898,YZFB9,0.6666666666666667,0.0,f23cc283dec126d721809f43ca4fec9100a405330ac853a4101ded3eac0929e2,39e75fc937fe2a6df5e7853045f0ed440b9762daf89fad3288e52944ce512e30,649.0186555311084,0.4624025896191597,6,6,0.0,0.10411458333333333,0.0,0,"[[22,22,22,26],[59,22,22,28],[97,21,18,28],[138,22,20,29],[173,22,20,29],[208,23,20,28]]"
train_000877_broken_YZF898,scoring__rho_max__s1__plus,broken,YZF898,YZFB9,0.6666666666666667,0.0,6ccbd4c3d24f746457c5f7e41a932a28d205321c309acb02279f67c19c9de202,61424fc353b1d7ab73aa057a5b3b59341d47c815914dc0554cab3c2e7c8a4e88,714.0985634177923,0.4481058567762375,6,6,0.0,0.10411458333333333,0.0,0,"[[22,22,22,26],[59,22,22,28],[97,21,18,28],[138,22,20,29],[173,22,20,29],[208,23,20,28]]"
train_000877_broken_YZF898,scoring__rho_max__s2__minus,broken,YZF898,YZFB9,0.6666666666666667,0.0,9068b7bfba5e438f3c3902e5920624a0ae76a8dc9616b702592a9a32df374ece,3bdad85adb23cdefff427e46b59878f95f88d2222f3cd957a53873d3a3bf6310,623.6360790207982,0.4664110019803047,6,6,0.0,0.10411458333333333,0.0,0,"[[22,22,22,26],[59,22,22,28],[97,21,18,28],[138,22,20,29],[173,22,20,29],[208,23,20,28]]"
train_000877_broken_YZF898,scoring__rho_max__s2__plus,broken,YZF898,YZFB9,0.6666666666666667,0.0,f5a68c938018670aca662d8d14f24ab2a5e1acf2b0b7e7faff50660b81751cfa,361c91ef96252baba00f2d88af8214265437cbf8625d5d59f1c6379beb7bc2a6,685.2675061672926,0.43945014476776123,6,6,0.0,0.10411458333333333,0.0,0,"[[22,22,22,26],[59,22,22,28],[97,21,18,28],[138,22,20,29],[173,22,20,29],[208,23,20,28]]"
train_000877_broken_YZF898,scoring__rho_max__s4__minus,broken,YZF898,YZFB9,0.6666666666666667,0.0,84a82da836b2364de68de0eafa02282e8219c606c4e448e9dfe385557357c320,83eccd672c3edb5031b2c70d88b29d14c1f7984d31fb7558a3e569f3f72275a2,573.7938322126865,0.45934785157442093,6,6,0.0,0.10411458333333333,0.0,0,"[[22,22,22,26],[59,22,22,28],[97,21,18,28],[138,22,20,29],[173,22,20,29],[208,23,20,28]]"
train_000877_broken_YZF898,scoring__rho_max__s4__plus,broken,YZF898,YZFB9,0.6666666666666667,0.0,f12350af0ffc3d4975e11acd0042ea88c2ccf870f1a3c50a6cbe07ce4dbd8110,12433e839db7ecf1132b1cd2ee98c533d94327ea4cb373edad9d344d3fe843ec,613.3126253262162,0.4609813913702965,6,6,0.0,0.10411458333333333,0.0,0,"[[22,22,22,26],[59,22,22,28],[97,21,18,28],[138,22,20,29],[173,22,20,29],[208,23,20,28]]"
train_000877_broken_YZF898,scoring__w_overlap__s1__minus,broken,YZF898,YZFB9,0.6666666666666667,0.0,da70e98b621492541a0c68f2b4a9a578a5f2217cc4f0d07926ceb7587a116328,ef8fb94bd641818c3dc1f23a9f3a79a7b7301d4d378fb77ac562dd95fd5c1f70,595.3633831813931,0.4973486065864563,6,6,0.0,0.10411458333333333,0.0,0,"[[22,22,22,26],[59,22,22,28],[97,21,18,28],[138,22,20,29],[173,22,20,29],[208,23,20,28]]"
train_000877_broken_YZF898,scoring__w_overlap__s1__plus,broken,YZF898,YZFB9,0.6666666666666667,0.0,a9118148b12d170a481694a34b0b7374905b34fc242cb2d3c17fa7eaa97a566f,e8d84d8ea5e1d1018e716a892e42e5764147fea25353eae4349bc07a966d8e2a,611.6238432005048,0.45469868928194046,6,6,0.0,0.10411458333333333,0.0,0,"[[22,22,22,26],[59,22,22,28],[97,21,18,28],[138,22,20,29],[173,22,20,29],[208,23,20,28]]"
train_000877_broken_YZF898,scoring__w_overlap__s2__minus,broken,YZF898,YZFB9,0.6666666666666667,0.0,469e726f4061ff3387c644305903588a80900926cb36a471db3632fcce46f64a,7afed5259e7bf818c40520df4c6b9b4cde2fc4ae8682035a0ef9642d84af2bde,665.8717468380928,0.46209245920181274,6,6,0.0,0.10411458333333333,0.0,0,"[[22,22,22,26],[59,22,22,28],[97,21,18,28],[138,22,20,29],[173,22,20,29],[208,23,20,28]]"
train_000877_broken_YZF898,scoring__w_overlap__s2__plus,broken,YZF898,YZFB9,0.6666666666666667,0.0,bb9a4a60eb9ff0420fed9158b5492ff6b0013adfa2f1e07f0b5e0d6d14e7cee0,036b36311abaadaec3a674ac92e4dbed80e633e407ecdfb8bdb4e3598d9edf28,612.0200324803591,0.4691360518336296,6,6,0.0,0.10411458333333333,0.0,0,"[[22,22,22,26],[59,22,22,28],[97,21,18,28],[138,22,20,29],[173,22,20,29],[208,23,20,28]]"
train_000877_broken_YZF898,scoring__w_overlap__s4__minus,broken,YZF898,YZFB9,0.6666666666666667,0.0,d0fa26602688b0ec84e948ed39b8f5adf905ff5270d96de1fa62cfcea47da08e,48d7e4cbb9a43823aa524edab8f04af317c2b95e6c3d556339d36178c3326740,566.2304302677512,0.4704585298895836,6,6,0.0,0.10411458333333333,0.0,0,"[[22,22,22,26],[59,22,22,28],[97,21,18,28],[138,22,20,29],[173,22,20,29],[208,23,20,28]]"
train_000877_broken_YZF898,scoring__w_overlap__s4__plus,broken,YZF898,YZFB9,0.6666666666666667,0.0,57528eeb45624e821756c5d601b95b7bc6a49e294b536580b2a81e4f64e1b8bc,c1e5dc2ece8c321b40abd0bfab709af8daf24c02963edd41b0e64298a2da6042,670.5155493691564,0.42501185089349747,6,6,0.0,0.10411458333333333,0.0,0,"[[22,22,22,26],[59,22,22,28],[97,21,18,28],[138,22,20,29],[173,22,20,29],[208,23,20,28]]"
train_000877_broken_YZF898,scoring__w_prior__s1__minus,broken,YZF898,YZFB9,0.6666666666666667,0.0,092b086f670c06fb41877165629480ea3d9c4b520b59de991ad829de8c6d6816,3553ac5921fa154267a0c9460dbd7f511c05741f2a372e03823f45b07a1a8af4,689.4405437633395,0.4475647583603859,6,6,0.0,0.10411458333333333,0.0,0,"[[22,22,22,26],[59,22,22,28],[97,21,18,28],[138,22,20,29],[173,22,20,29],[208,23,20,28]]"
train_000877_broken_YZF898,scoring__w_prior__s1__plus,broken,YZF898,YZFB9,0.6666666666666667,0.0,87800262ce395e4983c9e16f547784098082a9434141931e79eb903716bcddd0,23769de4b7795e0bddd9c9c0919b3b261e2c149da84bc4b340239153e5cf9351,620.7616711035371,0.4692366346716881,6,6,0.0,0.10411458333333333,0.0,0,"[[22,22,22,26],[59,22,22,28],[97,21,18,28],[138,22,20,29],[173,22,20,29],[208,23,20,28]]"
train_000877_broken_YZF898,scoring__w_prior__s2__minus,broken,YZF898,YZFB9,0.6666666666666667,0.0,8f519eb61d9fdf2da5bad7f54246e1d6bc55903cb2815ab98a95967d51b38032,018fb0f4fdaae9f8e9960552771821ae4fcc1484b57a11a14acd841edf583de0,589.773390442133,0.45110099017620087,6,6,0.0,0.10411458333333333,0.0,0,"[[22,22,22,26],[59,22,22,28],[97,21,18,28],[138,22,20,29],[173,22,20,29],[208,23,20,28]]"
train_000877_broken_YZF898,scoring__w_prior__s2__plus,broken,YZF898,YZFB9,0.6666666666666667,0.0,53c3bf0390be556841e861012603de97a974e37f60f6693a6fb1958b10f1fb5c,42b03ad86f1f68da2ce176b93b911a12af8fd6749abaa12d848e64caf08cc77c,615.3418170288205,0.45688170939683914,6,6,0.0,0.10411458333333333,0.0,0,"[[22,22,22,26],[59,22,22,28],[97,21,18,28],[138,22,20,29],[173,22,20,29],[208,23,20,28]]"
train_000877_broken_YZF898,scoring__w_prior__s4__minus,broken,YZF898,YZFB9,0.6666666666666667,0.0,cc27dd65c61d56b1f90bb451896560585c70c8d28791972b848ce016c5ca3f62,9b3e59f0ec05804083fe119923e9cb1462e16312f9ed334971cc2377248f5522,619.1550781950355,0.41354168206453323,6,6,0.0,0.10411458333333333,0.0,0,"[[22,22,22,26],[59,22,22,28],[97,21,18,28],[138,22,20,29],[173,22,20,29],[208,23,20,28]]"
train_000877_broken_YZF898,scoring__w_prior__s4__plus,broken,YZF898,YZFB9,0.6666666666666667,0.0,640f3f3f72c9b13fbf4cfcde47d41450b3522ad76eb4c3369f422292cc7a5aa4,3abae03cc1e28e4072d3610a1b46ae2f67a1cc761b64c82076fd285f21fa29bd,554.1674867272377,0.4592062905430794,6,6,0.0,0.10411458333333333,0.0,0,"[[22,22,22,26],[59,22,22,28],[97,21,18,28],[138,22,20,29],[173,22,20,29],[208,23,20,28]]"
train_001096_compression_TWX331,cut__max_column_sum_quantile__s1__minus,compression,TWX331,TWX331,1.0,1.0,74319fa7041dccc0939b74a65ace06fe852a3286419cd75fbe385c4eefd8c670,bd02f73fbabae0bc9783d5cbb73acf47b3c6d57fd2dfc485af39446947bbdc9e,605.0091879442334,13.69232963770628,6,6,0.0,0.09932291666666666,0.0,0,"[[19,18,22,26],[52,18,33,26],[99,17,21,26],[144,18,18,28],[177,16,18,28],[212,18,16,26]]"
train_001096_compression_TWX331,cut__max_column_sum_quantile__s1__plus,compression,TWX331,TWX331,1.0,1.0,5892042359fe7fd14e3947075fd2a05a07a8ecbff5a92cf7f635ea461f09e015,544dd68aaaa4b3118adbd0339fe553227a1252945901b8eb0106a6e430ca9f8c,655.6272823363543,15.268456190824509,6,6,0.0,0.09932291666666666,0.0,0,"[[19,18,22,26],[52,18,33,26],[99,17,21,26],[144,18,18,28],[177,16,18,28],[212,18,16,26]]"
train_001096_compression_TWX331,cut__max_column_sum_quantile__s2__minus,compression,TWX331,TWX331,1.0,1.0,6115bf3485f3c92d209d60b0c42eb45c832aedf5c956f489917951214d15f7fc,12c8e0a617c1f28d9438f7e55ba3275791cdc7dd690bbb57a2c8edfe5d30e8ee,665.0092974305153,11.621651239693165,6,6,0.0,0.09932291666666666,0.0,0,"[[19,18,22,26],[52,18,33,26],[99,17,21,26],[144,18,18,28],[177,16,18,28],[212,18,16,26]]"
train_001096_compression_TWX331,cut__max_column_sum_quantile__s2__plus,compression,TWX331,TWX331,1.0,1.0,d07b9bb3b2b8881ae911af7de92a05ec031643de033088847188eb32586d4af2,1bd8dcf7b5f31a069e9bb89d44688f3c18b9ab4177b469161479e24607b4005a,720.0822550803423,15.183196403086185,6,6,0.0,0.09932291666666666,0.0,0,"[[19,18,22,26],[52,18,33,26],[99,17,21,26],[144,18,18,28],[177,16,18,28],[212,18,16,26]]"
train_001096_compression_TWX331,cut__max_column_sum_quantile__s4__minus,compression,TWX331,TWX331,1.0,1.0,2e0b415abda35e90b7a4ca6f81035e774e98a56022637959e6a9077731f2e81a,10855fae06b17f806275775788da1d4b6cd3b8fd482b9d146b8d44d3686c32e4,609.5535112544894,8.282005786895752,6,6,0.0,0.09932291666666666,0.0,0,"[[19,18,22,26],[52,18,33,26],[99,17,21,26],[144,18,18,28],[177,16,18,28],[212,18,16,26]]"
train_001096_compression_TWX331,cut__max_column_sum_quantile__s4__plus,compression,TWX331,TWX331,1.0,1.0,4810523703a7b1acd05827a57a2c5bdb3f78eca50bc526cd3bf20fc6edbf4878,10890f205da009690f4d39642f08db3659b033d585d021bc423448d9f2792134,674.99646730721,15.111378394067287,6,6,0.0,0.09932291666666666,0.0,0,"[[19,18,22,26],[52,18,33,26],[99,17,21,26],[144,18,18,28],[177,16,18,28],[212,18,16,26]]"
train_001096_compression_TWX331,cut__min_rel_width_for_split__s1__minus,compression,TWX331,TWX331,1.0,1.0,179aa09ba0d8cb3bfd12fa699d1b32d8d3391dbd2edc603675b2da39af3a73aa,fc1fa7a42192da04610a13c6e5e7f170017e4a60ac741c406698617a4cdd5ba2,682.2157986462116,13.712416402995586,6,6,0.0,0.09932291666666666,0.0,0,"[[19,18,22,26],[52,18,33,26],[99,17,21,26],[144,18,18,28],[177,16,18,28],[212,18,16,26]]"
train_001096_compression_TWX331,cut__min_rel_width_for_split__s1__plus,compression,TWX331,TWX331,1.0,1.0,c809b4a45e59d49e19e143bb5dbc3cb8fa7ee0b0d514fc9fb79c507813ffe784,165bad77b46f0918c58772671cfaed4e8820b19a2a594e2b2d94c811364a5c9e,617.690279148519,0.4609394818544388,6,6,0.0,0.09932291666666666,0.0,0,"[[19,18,22,26],[52,18,33,26],[99,17,21,26],[144,18,18,28],[177,16,18,28],[212,18,16,26]]"
train_001096_compression_TWX331,cut__min_rel_width_for_split__s2__minus,compression,TWX331,TWX331,1.0,1.0,de068340588e2976bf42a1d530e9fe91be7c09a988770fc01148e4b3da98626f,0a1538c75c53193741895db85559e2e1e7b37455fa5e42a4daad19c3fc4b7413,675.6367543712258,13.730560429394245,6,6,0.0,0.09932291666666666,0.0,0,"[[19,18,22,26],[52,18,33,26],[99,17,21,26],[144,18,18,28],[177,16,18,28],[212,18,16,26]]"
train_001096_compression_TWX331,cut__min_rel_width_for_split__s2__plus,compression,TWX331,TWX331,1.0,1.0,ef9d81485b21017bd7935bc9a2fa2460ff1647f0edd91879d22590e19d78e948,511c5fc4c03a49cd591cd8ad4bcced08eaa5c00e051fc0f3a134d7ac6eba0d2f,628.5787783563137,0.45302510261535645,6,6,0.0,0.09932291666666666,0.0,0,"[[19,18,22,26],[52,18,33,26],[99,17,21,26],[144,18,18,28],[177,16,18,28],[212,18,16,26]]"
train_001096_compression_TWX331,cut__min_rel_width_for_split__s4__minus,compression,TWX331,TWX331,1.0,1.0,99ed6ed839c0f5a8f46da9ae4fc624cc4a885c8355e21d6423a1ad579495f610,623ea0a6147711005a4c06bf1598a0d5f5cb10b165259efeb817a10667b208d6,655.0148278474808,32.03586954623461,6,6,0.0,0.09932291666666666,0.0,0,"[[19,18,22,26],[52,18,33,26],[99,17,21,26],[144,18,18,28],[177,16,18,28],[212,18,16,26]]"
train_001096_compression_TWX331,cut__min_rel_width_for_split__s4__plus,compression,TWX331,TWX331,1.0,1.0,e684a25a104e3c4374045791bc2d61ca0dd79fb52b41dea9fc7ce21f5095bf77,e31d886335467e4f0fa55968483353ada02df466c87f6756326dfac719f473b7,666.7095301672816,0.4429258406162262,6,6,0.0,0.09932291666666666,0.0,0,"[[19,18,22,26],[52,18,33,26],[99,17,21,26],[144,18,18,28],[177,16,18,28],[212,18,16,26]]"
train_001096_compression_TWX331,reference,compression,TWX331,TWX331,1.0,1.0,a65f483582e20f619141b29ad7d6b50128178c40722d211107d85019afc1017b,b13c9cc00686a524d37cf72d2867521996ae004c31f72c77b71629027dfe75df,589.8662516847253,24.74184613674879,6,6,0.0,0.09932291666666666,0.0,0,"[[19,18,22,26],[52,18,33,26],[99,17,21,26],[144,18,18,28],[177,16,18,28],[212,18,16,26]]"
train_001096_compression_TWX331,reference_repeat,compression,TWX331,TWX331,1.0,1.0,58bf4cc5018bf2a8e5812761fcce9233d2c7defc733636ee204d9fa67c53c060,b13c9cc00686a524d37cf72d2867521996ae004c31f72c77b71629027dfe75df,637.6937022432685,13.863950967788696,6,6,0.0,0.09932291666666666,0.0,0,"[[19,18,22,26],[52,18,33,26],[99,17,21,26],[144,18,18,28],[177,16,18,28],[212,18,16,26]]"
train_001096_compression_TWX331,scoring__blocking_gap_ratio__s1__minus,compression,TWX331,TWX331,1.0,1.0,bc2edad1e33b4fa39ce4a7d2e10e1066fe8372967aa27c4b445d0b7b30fbcc6d,47f44d933b336437623e4d7c4e5c3465f0e81e2041fdc7d77944caa58441f981,676.0571459308267,13.531040400266647,6,6,0.0,0.09932291666666666,0.0,0,"[[19,18,22,26],[52,18,33,26],[99,17,21,26],[144,18,18,28],[177,16,18,28],[212,18,16,26]]"
train_001096_compression_TWX331,scoring__blocking_gap_ratio__s1__plus,compression,TWX331,TWX331,1.0,1.0,1493ce3d8e8d5d9595201963ea714e1c0e720fa82bc30e7acc931ea635509e22,92ca8e934a7f1956fe2962c8140a9bbec8cc106fec8dc8c8393a4765644bc065,583.9443989098072,13.66782933473587,6,6,0.0,0.09932291666666666,0.0,0,"[[19,18,22,26],[52,18,33,26],[99,17,21,26],[144,18,18,28],[177,16,18,28],[212,18,16,26]]"
train_001096_compression_TWX331,scoring__blocking_gap_ratio__s2__minus,compression,TWX331,TWX331,1.0,1.0,ca474e5ab9e1324525cbb95335efcb4aba827e16511ee97f7297dd3cda99c8e4,369466c672e3b98f775be646c96d9626a3cb25e028d6ccb41351231cc11407bf,738.116797991097,13.449748046696186,6,6,0.0,0.09932291666666666,0.0,0,"[[19,18,22,26],[52,18,33,26],[99,17,21,26],[144,18,18,28],[177,16,18,28],[212,18,16,26]]"
train_001096_compression_TWX331,scoring__blocking_gap_ratio__s2__plus,compression,TWX331,TWX331,1.0,1.0,fd78227f9c5fd486062f6ba6b4505385219353fd63b2c3915db61db03ed9833d,7f20af824af99d286ea6fcc564a569779f953767aca4faf24c14f2b11709a4c4,667.5332840532064,13.570326380431652,6,6,0.0,0.09932291666666666,0.0,0,"[[19,18,22,26],[52,18,33,26],[99,17,21,26],[144,18,18,28],[177,16,18,28],[212,18,16,26]]"
train_001096_compression_TWX331,scoring__blocking_gap_ratio__s4__minus,compression,TWX331,TWX331,1.0,1.0,6644f9d9c7653b09ccb091d7c61374515fd7f532abecb414e08396595381da9e,609bb624e6afa505aa18deb74a29f61fb1efac2b4b8becbbdb8972000f479335,686.1418001353741,14.42747376859188,6,6,0.0,0.09932291666666666,0.0,0,"[[19,18,22,26],[52,18,33,26],[99,17,21,26],[144,18,18,28],[177,16,18,28],[212,18,16,26]]"
train_001096_compression_TWX331,scoring__blocking_gap_ratio__s4__plus,compression,TWX331,TWX331,1.0,1.0,36f908910dd3f671d10ce7888c47d63d9cacff227a5a50e009bb8b17b1d516e0,2ae5e3d80888a8e1e2ee7745956df20552772d926a99ab2e3b33923b65d9e8ff,576.556334272027,13.383273035287857,6,6,0.0,0.09932291666666666,0.0,0,"[[19,18,22,26],[52,18,33,26],[99,17,21,26],[144,18,18,28],[177,16,18,28],[212,18,16,26]]"
train_001096_compression_TWX331,scoring__rho_max__s1__minus,compression,TWX331,TWX331,1.0,1.0,01ad368a1a2a2392e69126af41a4021978e9fd5817faaca8dec25754196ed458,8a5d752ad3853e4237fb427a2bcc5a406b809a82ea9c65171b8d032b4e7e8c90,646.2868405506015,13.687294907867908,6,6,0.0,0.09932291666666666,0.0,0,"[[19,18,22,26],[52,18,33,26],[99,17,21,26],[144,18,18,28],[177,16,18,28],[212,18,16,26]]"
train_001096_compression_TWX331,scoring__rho_max__s1__plus,compression,TWX331,TWX331,1.0,1.0,ce044b0dc869217a6e94be90fcc115e6ef06818c1c479d3a4c7bebf159b10ca5,8914ffb068cc1a4595e6b8b79294aa6aaae650eea7183bebac8d9aff49e1e4bb,662.9881942644715,13.506543822586536,6,6,0.0,0.09932291666666666,0.0,0,"[[19,18,22,26],[52,18,33,26],[99,17,21,26],[144,18,18,28],[177,16,18,28],[212,18,16,26]]"
train_001096_compression_TWX331,scoring__rho_max__s2__minus,compression,TWX331,TWX331,1.0,1.0,68b0bcc785783cf99369f8e3da6aa34a2ea8921fdd9dba36e2408db28deb7f84,f9199ecac38acecdb89a2839677c596063dd46976ea857021e72001c2545a9e8,762.3282549902797,13.67025263607502,6,6,0.0,0.09932291666666666,0.0,0,"[[19,18,22,26],[52,18,33,26],[99,17,21,26],[144,18,18,28],[177,16,18,28],[212,18,16,26]]"
train_001096_compression_TWX331,scoring__rho_max__s2__plus,compression,TWX331,TWX331,1.0,1.0,cbb83b2c6e4b863a0c765d78a012a0df4f20f6b93dc363cf7ef1e2e26d1d64f5,c8d56fc71ef792cbb48c4224ac09ecdbbd96887dac446b053dfe595c34d0c97d,610.7526933774352,16.978018917143345,6,6,0.0,0.09932291666666666,0.0,0,"[[19,18,22,26],[52,18,33,26],[99,17,21,26],[144,18,18,28],[177,16,18,28],[212,18,16,26]]"
train_001096_compression_TWX331,scoring__rho_max__s4__minus,compression,TWX331,TWX331,1.0,1.0,0407b805555ea12644e457bb43d007b2e4241cc15352198e85fd41fae56f5c65,8a7999db2ebbe2291594776e1694eec74ce7b4bbd8c1a6ab6f802c1d1f9f6ea9,700.434829108417,13.474353589117527,6,6,0.0,0.09932291666666666,0.0,0,"[[19,18,22,26],[52,18,33,26],[99,17,21,26],[144,18,18,28],[177,16,18,28],[212,18,16,26]]"
train_001096_compression_TWX331,scoring__rho_max__s4__plus,compression,TWX331,TWX331,1.0,1.0,1fcdda38382737f641357363269b3a92a6e44a6dd19ebf62e0e34e6c5328f0ed,28b08b365c0956c9bcb0d2c8bfe0bbf0ca670120d0ebd20a8e86b9eed952dc14,685.2229852229357,13.61432857811451,6,6,0.0,0.09932291666666666,0.0,0,"[[19,18,22,26],[52,18,33,26],[99,17,21,26],[144,18,18,28],[177,16,18,28],[212,18,16,26]]"
train_001096_compression_TWX331,scoring__w_overlap__s1__minus,compression,TWX331,TWX331,1.0,1.0,a1510ccbb86010f04bbca1a0dc6da7f16875aea7c7c6177f6862b74e17f6b0e4,6c3c00b603ca4d4d2ab31aeb9034d97bad56fe2fa4ba78683ed592962a0c59c4,682.7785223722458,13.469109311699867,6,6,0.0,0.09932291666666666,0.0,0,"[[19,18,22,26],[52,18,33,26],[99,17,21,26],[144,18,18,28],[177,16,18,28],[212,18,16,26]]"
train_001096_compression_TWX331,scoring__w_overlap__s1__plus,compression,TWX331,TWX331,1.0,1.0,0e45ad97ab0785db6a8d21ad7b9c45af46a4808351d1c83eee6e9ab24419d024,6a1ca4a3b8d3df13e3f626b5a3617bcb548e89d73572681b8d59def39828bfd3,686.1970014870167,13.46188597381115,6,6,0.0,0.09932291666666666,0.0,0,"[[19,18,22,26],[52,18,33,26],[99,17,21,26],[144,18,18,28],[177,16,18,28],[212,18,16,26]]"
train_001096_compression_TWX331,scoring__w_overlap__s2__minus,compression,TWX331,TWX331,1.0,1.0,1376b34d0232bdb0ca028b6d4eca8402187a52c6892adec3640ce6962c32b19a,e17af2865e8fc9c7b16ca522cbaa2f3c7aec76d0b86aca432311933c72801ed2,683.7151674553752,13.55739776045084,6,6,0.0,0.09932291666666666,0.0,0,"[[19,18,22,26],[52,18,33,26],[99,17,21,26],[144,18,18,28],[177,16,18,28],[212,18,16,26]]"
train_001096_compression_TWX331,scoring__w_overlap__s2__plus,compression,TWX331,TWX331,1.0,1.0,9d290c51eeb1582a43b4c971b52a8d496f61808095839a7f0cb78a46ba547dec,9e9ca64c18e92a0d58fbfc3b81614431a7a7d7abccb2b26096351ff4a24e1406,660.2607741951942,13.412883505225182,6,6,0.0,0.09932291666666666,0.0,0,"[[19,18,22,26],[52,18,33,26],[99,17,21,26],[144,18,18,28],[177,16,18,28],[212,18,16,26]]"
train_001096_compression_TWX331,scoring__w_overlap__s4__minus,compression,TWX331,TWX331,1.0,1.0,98cf38b60dd77438d17307191a6b7b8e576f4c97bc05f76a67c3aaa29db79733,cb89788be9cf41f16afe6b739f285e992ad0730cc3810c9b4478a22ba02d82a1,697.0460107550025,19.262539222836494,6,6,0.0,0.09932291666666666,0.0,0,"[[19,18,22,26],[52,18,33,26],[99,17,21,26],[144,18,18,28],[177,16,18,28],[212,18,16,26]]"
train_001096_compression_TWX331,scoring__w_overlap__s4__plus,compression,TWX331,TWX331,1.0,1.0,1ccdf878f579a15ee8e75516f15d197ae21f48baa40a5cf6cd157ed325de581d,c6fc16d0787a2ae5cbca473bd37ea51cbd3c057df1b622757bdb362cffec4a89,690.023441798985,13.31117283552885,6,6,0.0,0.09932291666666666,0.0,0,"[[19,18,22,26],[52,18,33,26],[99,17,21,26],[144,18,18,28],[177,16,18,28],[212,18,16,26]]"
train_001096_compression_TWX331,scoring__w_prior__s1__minus,compression,TWX331,TWX331,1.0,1.0,b1d05625b75aeddec7b29697d12b957087440ccb7d5942ad1e9c0bbb194397a7,949e09806c2e56ffaf1e070f3e81edcb7a7b1159ceed81267039cdadfe271dfc,642.810732126236,13.48930038511753,6,6,0.0,0.09932291666666666,0.0,0,"[[19,18,22,26],[52,18,33,26],[99,17,21,26],[144,18,18,28],[177,16,18,28],[212,18,16,26]]"
train_001096_compression_TWX331,scoring__w_prior__s1__plus,compression,TWX331,TWX331,1.0,1.0,e2aa4b64660ffd4897fda05f2f34e78f7eec0a2b143234c420f43a81841ef1f0,4ae70a887b2796364498ed2eced7b8707ac8fc375b50e27dfc8385117fde2f6d,671.032939106226,13.604025356471539,6,6,0.0,0.09932291666666666,0.0,0,"[[19,18,22,26],[52,18,33,26],[99,17,21,26],[144,18,18,28],[177,16,18,28],[212,18,16,26]]"
train_001096_compression_TWX331,scoring__w_prior__s2__minus,compression,TWX331,TWX331,1.0,1.0,86f629383a257461f3089503b4995a8e1dee20cabcc3584765b31e7f2d4e49da,ee0a3fe9127aa3ca81fddc09943ad702e3069e884839ea24d809241f6a7516ec,642.5636662170291,13.704685494303703,6,6,0.0,0.09932291666666666,0.0,0,"[[19,18,22,26],[52,18,33,26],[99,17,21,26],[144,18,18,28],[177,16,18,28],[212,18,16,26]]"
train_001096_compression_TWX331,scoring__w_prior__s2__plus,compression,TWX331,TWX331,1.0,1.0,e64e11f4c1a6b1d25ae8dd7063ac8c33b5163e555b42fd39d19c7ee6adac0880,f9ad1ee2b341ca1dedab4a10832f7f0d9ee34e52c1b07aba0d7152493c5123f5,590.5031599104404,12.027380056679249,6,6,0.0,0.09932291666666666,0.0,0,"[[19,18,22,26],[52,18,33,26],[99,17,21,26],[144,18,18,28],[177,16,18,28],[212,18,16,26]]"
train_001096_compression_TWX331,scoring__w_prior__s4__minus,compression,TWX331,TWX331,1.0,1.0,af705976fa5e5c168b22c9a6232290c357a5171a96fd74e05f1283adc614040c,b9ef83904624d5f515c30d15b01b2eda669793dcf58fa8069ed633bca39fa02b,651.7884964123368,13.938017189502716,6,6,0.0,0.09932291666666666,0.0,0,"[[19,18,22,26],[52,18,33,26],[99,17,21,26],[144,18,18,28],[177,16,18,28],[212,18,16,26]]"
train_001096_compression_TWX331,scoring__w_prior__s4__plus,compression,TWX331,TWX331,1.0,1.0,13dd8fd18eb34e67a9b1c0c9b65b785e14fc6b1cd3ea51cfdadbab976e304238,95ef89bc86af6ba81579287277867a0d66ba4c7862afbf933a4108b582a9a089,632.0355404168367,13.635034672915936,6,6,0.0,0.09932291666666666,0.0,0,"[[19,18,22,26],[52,18,33,26],[99,17,21,26],[144,18,18,28],[177,16,18,28],[212,18,16,26]]"
train_001248_perspective_FDV067,cut__max_column_sum_quantile__s1__minus,perspective,FDV067,FDV067,1.0,1.0,de97b690e95b801ce4c45820bebeb1d53c57a344f02b4bd07d3d2bb3286700aa,796bbd72fac34463d2c15ca47d188043a67182c1bcbe2b559ae7126cba53ea66,589.8487083613873,0.4237806424498558,6,6,0.0,0.10421875,0.0,0,"[[25,22,20,27],[59,21,25,27],[97,23,25,27],[145,21,20,28],[178,22,19,28],[211,22,18,26]]"
train_001248_perspective_FDV067,cut__max_column_sum_quantile__s1__plus,perspective,FDV067,FDV067,1.0,1.0,803ad9e6d2502796c960ed19eba2855951d6a59680aafe58bfd08581ab4ffc1a,70e510b6c2c9532b977f5b882085ba9cda998f944fe0e82b56f6b8b80484eeb1,683.5388876497746,0.415104441344738,6,6,0.0,0.10421875,0.0,0,"[[25,22,20,27],[59,21,25,27],[97,23,25,27],[145,21,20,28],[178,22,19,28],[211,22,18,26]]"
train_001248_perspective_FDV067,cut__max_column_sum_quantile__s2__minus,perspective,FDV067,FDV067,1.0,1.0,98141b1962a8f2b0cc864bb850bcc9def6d9242effd25d4fccd4e7b699b75b40,12b1f6cb8b195a37fd22a5176feeb9b8aa8067fbfdaccd14555f810584ec6b6b,588.4878719225526,0.48399437218904495,6,6,0.0,0.10421875,0.0,0,"[[25,22,20,27],[59,21,25,27],[97,23,25,27],[145,21,20,28],[178,22,19,28],[211,22,18,26]]"
train_001248_perspective_FDV067,cut__max_column_sum_quantile__s2__plus,perspective,FDV067,FDV067,1.0,1.0,7256e9d745edbadaffbdc376885cb62ad4d56fb94ad0c34c1a59eba2ae81ec13,61c36e6d5ef9c139d5fa93430eabf39c569ee24740fc150f2c06db63a3aa3cb7,670.3845681622624,0.4587862640619278,6,6,0.0,0.10421875,0.0,0,"[[25,22,20,27],[59,21,25,27],[97,23,25,27],[145,21,20,28],[178,22,19,28],[211,22,18,26]]"
train_001248_perspective_FDV067,cut__max_column_sum_quantile__s4__minus,perspective,FDV067,FDV067,1.0,1.0,88e6bebaafa61b7d40f55f3a9406582c09955d9a87f4f9ff1e67c2c163c65a3d,c73f179b5d8c7916622b06dfce0bda30a42be28801c7a35295fbbcaf00d5ccee,633.7418733164668,0.42619556188583374,6,6,0.0,0.10421875,0.0,0,"[[25,22,20,27],[59,21,25,27],[97,23,25,27],[145,21,20,28],[178,22,19,28],[211,22,18,26]]"
train_001248_perspective_FDV067,cut__max_column_sum_quantile__s4__plus,perspective,FDV067,FDV067,1.0,1.0,cede77e4a8b5e29f1f4c768ba53a7241055ba175cdcce4247cbeb2af62584541,e534073d2a9c94a8e3537e4205b9e41911bdecb8015cf6b95d304ddbef50bb06,586.774306371808,0.4742546007037163,6,6,0.0,0.10421875,0.0,0,"[[25,22,20,27],[59,21,25,27],[97,23,25,27],[145,21,20,28],[178,22,19,28],[211,22,18,26]]"
train_001248_perspective_FDV067,cut__min_rel_width_for_split__s1__minus,perspective,FDV067,FDV067,1.0,1.0,6b597039bdef840cee7b57b39cfef702459819e1fa9d50664c73730eb9b6eae3,d856f7b8926db6745b77d9b439adfc3b9972ad37df9f7421933dda5cf21980a2,623.0853851884604,0.45101065188646317,6,6,0.0,0.10421875,0.0,0,"[[25,22,20,27],[59,21,25,27],[97,23,25,27],[145,21,20,28],[178,22,19,28],[211,22,18,26]]"
train_001248_perspective_FDV067,cut__min_rel_width_for_split__s1__plus,perspective,FDV067,FDV067,1.0,1.0,344c2f560a5c69473c57ef5b9a3c19c52621c1fec6dd076b5edd1b47902cb815,4e7d6f19759b71a6be8529275a0c140f1c93bf09834e387198a7f05eb82f2467,627.8569446876645,0.44587161391973495,6,6,0.0,0.10421875,0.0,0,"[[25,22,20,27],[59,21,25,27],[97,23,25,27],[145,21,20,28],[178,22,19,28],[211,22,18,26]]"
train_001248_perspective_FDV067,cut__min_rel_width_for_split__s2__minus,perspective,FDV067,FDV067,1.0,1.0,efe780a25a65b304747a109c6c961a141a69c2ba091a5c7cf420e2ddc5ca6d7b,74045cbb7076ae0f0e7960934f035b4fee8faf6ec0622b50434dc71183c3f724,571.3682947680354,0.5038809031248093,6,6,0.0,0.10421875,0.0,0,"[[25,22,20,27],[59,21,25,27],[97,23,25,27],[145,21,20,28],[178,22,19,28],[211,22,18,26]]"
train_001248_perspective_FDV067,cut__min_rel_width_for_split__s2__plus,perspective,FDV067,FDV067,1.0,1.0,84f593921354c908c4e20d560eff585cdf0efa1d672dc968b602142fedce39ed,a24ba118f58610ab512c91a66cfa7a18afedffb8d8293625449be5766093e4dd,635.5765024200082,0.3493800759315491,6,6,0.0,0.10421875,0.0,0,"[[25,22,20,27],[59,21,25,27],[97,23,25,27],[145,21,20,28],[178,22,19,28],[211,22,18,26]]"
train_001248_perspective_FDV067,cut__min_rel_width_for_split__s4__minus,perspective,FDV067,FDV067,1.0,1.0,4e26beb83c3dd3074a75889e182c65a6ba67651f5b9359711de6dcc1ed3a3f18,5cfb33d9d5b0b29cbd477b642c436c547107297c025425e0840ca4a79f9a6f60,610.6726909056306,15.633303672075272,6,6,0.0,0.10421875,0.0,0,"[[25,22,20,27],[59,21,25,27],[97,23,25,27],[145,21,20,28],[178,22,19,28],[211,22,18,26]]"
train_001248_perspective_FDV067,cut__min_rel_width_for_split__s4__plus,perspective,FDV067,FDV067,1.0,1.0,d2f099745f34a6791d2b327a57548ea086bfe0d80c6fd5ae012b5fe0f6ab4475,1f0fc30af00dcbf8b908815af27fb5a25b402c3affd24b4d2a344de5ae710fcb,633.511807769537,0.4620123654603958,6,6,0.0,0.10421875,0.0,0,"[[25,22,20,27],[59,21,25,27],[97,23,25,27],[145,21,20,28],[178,22,19,28],[211,22,18,26]]"
train_001248_perspective_FDV067,reference,perspective,FDV067,FDV067,1.0,1.0,1ccc30c95345c915b0ff19132906e19d4238c2276b782f7c9e2c3b9c8555ad2d,4a58055ee51de6b6f1634f6aa64de8403e148dd78da0b70f961f1479635cc14d,603.8767201825976,0.4725120961666107,6,6,0.0,0.10421875,0.0,0,"[[25,22,20,27],[59,21,25,27],[97,23,25,27],[145,21,20,28],[178,22,19,28],[211,22,18,26]]"
train_001248_perspective_FDV067,reference_repeat,perspective,FDV067,FDV067,1.0,1.0,c9a13f371f898590efd7ac472a5ad1911e6de0879cf5323bc6774ba15f4d8037,4a58055ee51de6b6f1634f6aa64de8403e148dd78da0b70f961f1479635cc14d,586.2672897055745,0.45668240636587143,6,6,0.0,0.10421875,0.0,0,"[[25,22,20,27],[59,21,25,27],[97,23,25,27],[145,21,20,28],[178,22,19,28],[211,22,18,26]]"
train_001248_perspective_FDV067,scoring__blocking_gap_ratio__s1__minus,perspective,FDV067,FDV067,1.0,1.0,8bab518e89217ad096d5c0d9a3bd229de454c288c8643777a7a9915ca2b3a6c9,8d6a5da274983697b5862756f38ae35879597b7d37ca1bda624f67cb9048ff6c,685.4430688545108,0.45406725257635117,6,6,0.0,0.10421875,0.0,0,"[[25,22,20,27],[59,21,25,27],[97,23,25,27],[145,21,20,28],[178,22,19,28],[211,22,18,26]]"
train_001248_perspective_FDV067,scoring__blocking_gap_ratio__s1__plus,perspective,FDV067,FDV067,1.0,1.0,b74a45801ae025c92a80f31aaed8cf4258b09e41f7d61ee843878d43bcb62888,e0ff1564f113c0041da901efb6142b4ea5d8fbe293d85c2ba888ee23bb699938,613.4207602590322,0.5420241504907608,6,6,0.0,0.10421875,0.0,0,"[[25,22,20,27],[59,21,25,27],[97,23,25,27],[145,21,20,28],[178,22,19,28],[211,22,18,26]]"
train_001248_perspective_FDV067,scoring__blocking_gap_ratio__s2__minus,perspective,FDV067,FDV067,1.0,1.0,65d474e7872028bdfbcd6b6e0c3bf5f2f026ab85bbe56efbf1efcf1db7830539,ad8a2fc48461b96f8166824323263b5a7f490882bfc070add7544b7ea2654cae,608.3797914907336,0.4485771059989929,6,6,0.0,0.10421875,0.0,0,"[[25,22,20,27],[59,21,25,27],[97,23,25,27],[145,21,20,28],[178,22,19,28],[211,22,18,26]]"
train_001248_perspective_FDV067,scoring__blocking_gap_ratio__s2__plus,perspective,FDV067,FDV067,1.0,1.0,be8c3da5d0fa44ebda96884eea64997f7da94fce56a8a5dfdf44b48fdd13a299,87b8842dfc7e0c8cac6c17c0a97671c6a55ef75ab4cc799bfaf635ae23929217,684.599251486361,0.4628840833902359,6,6,0.0,0.10421875,0.0,0,"[[25,22,20,27],[59,21,25,27],[97,23,25,27],[145,21,20,28],[178,22,19,28],[211,22,18,26]]"
train_001248_perspective_FDV067,scoring__blocking_gap_ratio__s4__minus,perspective,FDV067,FDV067,1.0,1.0,5e67726a96e4492ac873a4f73486484460849ab14d64d101c6757dc18a34d628,7e77115240e2e2f683a81b250624889901c57af62eafedc76070716a159244fb,612.4604158103466,0.4701279103755951,6,6,0.0,0.10421875,0.0,0,"[[25,22,20,27],[59,21,25,27],[97,23,25,27],[145,21,20,28],[178,22,19,28],[211,22,18,26]]"
train_001248_perspective_FDV067,scoring__blocking_gap_ratio__s4__plus,perspective,FDV067,FDV067,1.0,1.0,9ca9d38244e5de266421a3c0dff79df9187a37f1ee94f78c4338a36eb934f359,b4d803c776dc1402e5d0905f63f44f27fe15e270494d0f535c59953eddce99b2,599.0666821599007,0.4535773769021034,6,6,0.0,0.10421875,0.0,0,"[[25,22,20,27],[59,21,25,27],[97,23,25,27],[145,21,20,28],[178,22,19,28],[211,22,18,26]]"
train_001248_perspective_FDV067,scoring__rho_max__s1__minus,perspective,FDV067,FDV067,1.0,1.0,4ad04733d5472234dd4f6ef84b1eeb4007fbe79d94978b69be7ed295d18785ec,274d6ad633325fcfba780c142758fde2dc353d1c9e99c0ef22098d22f391b57a,673.0768661946058,0.4582144320011139,6,6,0.0,0.10421875,0.0,0,"[[25,22,20,27],[59,21,25,27],[97,23,25,27],[145,21,20,28],[178,22,19,28],[211,22,18,26]]"
train_001248_perspective_FDV067,scoring__rho_max__s1__plus,perspective,FDV067,FDV067,1.0,1.0,0fd830a3aa02af5cc745027d57c84b121f4dfe353e1f1fef3f40b19d02679e42,ebf1f0c0785b06cbc13e7f39ebd9774de9c72733af42d20d2a55046b754ae8d3,652.2027319297194,0.4794960841536522,6,6,0.0,0.10421875,0.0,0,"[[25,22,20,27],[59,21,25,27],[97,23,25,27],[145,21,20,28],[178,22,19,28],[211,22,18,26]]"
train_001248_perspective_FDV067,scoring__rho_max__s2__minus,perspective,FDV067,FDV067,1.0,1.0,d22200eaa2f0709e3a75beb6753fb523d8841fa2310545e89b86ce393344d9c1,e73a19d251f7b9d7dfc59fd7ad229ead3d8f038cff789765bdb5703f6231e6e6,590.0750318542123,0.4728734493255615,6,6,0.0,0.10421875,0.0,0,"[[25,22,20,27],[59,21,25,27],[97,23,25,27],[145,21,20,28],[178,22,19,28],[211,22,18,26]]"
train_001248_perspective_FDV067,scoring__rho_max__s2__plus,perspective,FDV067,FDV067,1.0,1.0,c663c404c89bd3aab03114a9d5c212f099962eb92c4f404dff32cd41cd13a6bf,fbfcc4e321db600f13f0de80e09e3acecc7596237ebdbd31de6fb0a194780ed3,586.6416683420539,0.47655031085014343,6,6,0.0,0.10421875,0.0,0,"[[25,22,20,27],[59,21,25,27],[97,23,25,27],[145,21,20,28],[178,22,19,28],[211,22,18,26]]"
train_001248_perspective_FDV067,scoring__rho_max__s4__minus,perspective,FDV067,FDV067,1.0,1.0,71356f39d5f716e6dae647b031738cdffec952aa427b548e98c01da731b22ec5,8f4f10235d9a994235f9fd686d2189925024921433f87e564a9778da62087470,594.0439123660326,0.4709996283054352,6,6,0.0,0.10421875,0.0,0,"[[25,22,20,27],[59,21,25,27],[97,23,25,27],[145,21,20,28],[178,22,19,28],[211,22,18,26]]"
train_001248_perspective_FDV067,scoring__rho_max__s4__plus,perspective,FDV067,FDV067,1.0,1.0,517adc5491e3f93e8194370ec0ff892b71e92a979c4c20f1fe174a3e3f4a9689,354e9b1de218bc9119296b8958f83f389551b2d71838be58b726429c6b6dd26e,611.2559456378222,0.47411583364009857,6,6,0.0,0.10421875,0.0,0,"[[25,22,20,27],[59,21,25,27],[97,23,25,27],[145,21,20,28],[178,22,19,28],[211,22,18,26]]"
train_001248_perspective_FDV067,scoring__w_overlap__s1__minus,perspective,FDV067,FDV067,1.0,1.0,650459695a7005cec4b638ee508b6e65c30997802d3ee0bccc1a9bae14ee2dd1,a53e3f7622c431f17ee405e008b66bbc33246e187f0ed6171cf7fde35fc23386,613.4947873651981,0.46747177839279175,6,6,0.0,0.10421875,0.0,0,"[[25,22,20,27],[59,21,25,27],[97,23,25,27],[145,21,20,28],[178,22,19,28],[211,22,18,26]]"
train_001248_perspective_FDV067,scoring__w_overlap__s1__plus,perspective,FDV067,FDV067,1.0,1.0,f6be8f6ab5c4a625d278cd68864ccf072e1127dd26456b57f29d94e9eb72881b,835c20b681d2b21a2712350c4bae10e388a88365bf7cd4f75ee3933ead4144d5,607.3094289749861,0.45374687761068344,6,6,0.0,0.10421875,0.0,0,"[[25,22,20,27],[59,21,25,27],[97,23,25,27],[145,21,20,28],[178,22,19,28],[211,22,18,26]]"
train_001248_perspective_FDV067,scoring__w_overlap__s2__minus,perspective,FDV067,FDV067,1.0,1.0,59f9afb85efb15e5b4c2c9dcd173f0532673d149110187bc929fd6a2d517d981,5b10c07ba997ad03d11b494c166b39af2a51fa953fb43359108870394fc46c40,576.4849139377475,0.4626438021659851,6,6,0.0,0.10421875,0.0,0,"[[25,22,20,27],[59,21,25,27],[97,23,25,27],[145,21,20,28],[178,22,19,28],[211,22,18,26]]"
train_001248_perspective_FDV067,scoring__w_overlap__s2__plus,perspective,FDV067,FDV067,1.0,1.0,ac252ba8e372423c6b6e34d76887b60ae263c99dbe6c870ad0e45834534272c4,39369e7517681297d26d3d753adbe719f98284ef552df18012fa1676cc4015c3,663.983978331089,0.4586055874824524,6,6,0.0,0.10421875,0.0,0,"[[25,22,20,27],[59,21,25,27],[97,23,25,27],[145,21,20,28],[178,22,19,28],[211,22,18,26]]"
train_001248_perspective_FDV067,scoring__w_overlap__s4__minus,perspective,FDV067,FDV067,1.0,1.0,c223be0ef9a5e2ab8581be4dbca9dd3eb5abdaf3f3aad0571f2258567df1f6ac,d64776ce53e57850819eabaf05cf97154eab35d21f09f20176983f39c8e7b4b2,624.7773310169578,0.45687146484851837,6,6,0.0,0.10421875,0.0,0,"[[25,22,20,27],[59,21,25,27],[97,23,25,27],[145,21,20,28],[178,22,19,28],[211,22,18,26]]"
train_001248_perspective_FDV067,scoring__w_overlap__s4__plus,perspective,FDV067,FDV067,1.0,1.0,6665aa1d312ba68f56587c393da8625bcac08f22d6d5452c30693bd4d6883a2b,71a01b3078ded33ba8218cee49440a33835ea1679c3f4a53b2622eec4e564e71,642.556362785399,0.4841042682528496,6,6,0.0,0.10421875,0.0,0,"[[25,22,20,27],[59,21,25,27],[97,23,25,27],[145,21,20,28],[178,22,19,28],[211,22,18,26]]"
train_001248_perspective_FDV067,scoring__w_prior__s1__minus,perspective,FDV067,FDV067,1.0,1.0,76cdf4d13e1586a8072dd69fe0fde7ea176ae05cc4fd050ab741caf0f527d361,4100bdd9585d8951373a00e0aa5bc86f641c606f79952bd907270cb9883743e3,641.8099869042635,0.484696589410305,6,6,0.0,0.10421875,0.0,0,"[[25,22,20,27],[59,21,25,27],[97,23,25,27],[145,21,20,28],[178,22,19,28],[211,22,18,26]]"
train_001248_perspective_FDV067,scoring__w_prior__s1__plus,perspective,FDV067,FDV067,1.0,1.0,77a46eaa4659e73cf896a961f2ba8234f6fafa15c50568357c4c0fee615307ed,f1e6221c1989886239a0400d70dae4568a17b5d909a4876576e7c5bcda6934b2,633.5152452811599,0.45587122440338135,6,6,0.0,0.10421875,0.0,0,"[[25,22,20,27],[59,21,25,27],[97,23,25,27],[145,21,20,28],[178,22,19,28],[211,22,18,26]]"
train_001248_perspective_FDV067,scoring__w_prior__s2__minus,perspective,FDV067,FDV067,1.0,1.0,62ffd6dc56579dbdd080d4be931f198b1dc5b8c2a9cfb01d7c7b78ff7f363bbb,23ae1cd25a6d7dfb197ed442862f1ced6d3a138e2e812ba32bb0259e30d4e0e6,613.27850446105,0.46810414642095566,6,6,0.0,0.10421875,0.0,0,"[[25,22,20,27],[59,21,25,27],[97,23,25,27],[145,21,20,28],[178,22,19,28],[211,22,18,26]]"
train_001248_perspective_FDV067,scoring__w_prior__s2__plus,perspective,FDV067,FDV067,1.0,1.0,a9c7b60cd94e7fcfc338ebafad90833ebdc0aee4d6858bc5cb965f6fa5982fae,4cbdad69c027a0f9e83c1cb7c7b5cd70f326841a878493ad90e1144ad09e5a26,550.2022858709097,0.4619518294930458,6,6,0.0,0.10421875,0.0,0,"[[25,22,20,27],[59,21,25,27],[97,23,25,27],[145,21,20,28],[178,22,19,28],[211,22,18,26]]"
train_001248_perspective_FDV067,scoring__w_prior__s4__minus,perspective,FDV067,FDV067,1.0,1.0,ae9eb080ec9ec1246676fb4ce019e0f2ead4c1da471f1cb3f33c95bd26c81373,06056ef9bb17c237341629e5ceeb9aa79bdd925fb94f08e0a0f03e41bf21cf97,626.350037753582,0.4621930420398712,6,6,0.0,0.10421875,0.0,0,"[[25,22,20,27],[59,21,25,27],[97,23,25,27],[145,21,20,28],[178,22,19,28],[211,22,18,26]]"
train_001248_perspective_FDV067,scoring__w_prior__s4__plus,perspective,FDV067,FDV067,1.0,1.0,2128b49ea02d6f8d5644fb254e2ad908e32202379007f81693d50b92bbcfb76c,e578cc66882aad47c585098e07441e8937af509a1669c3b379b191a6751d7300,615.1521615684032,0.468534417450428,6,6,0.0,0.10421875,0.0,0,"[[25,22,20,27],[59,21,25,27],[97,23,25,27],[145,21,20,28],[178,22,19,28],[211,22,18,26]]"
train_001326_touch_WGR550,cut__max_column_sum_quantile__s1__minus,touch,WGR550,WGR550,1.0,1.0,eb066aa7a3a46da52a6bd03e40f78319078a8efb093b0add09879985ac26a003,97acd4ac3a25673767813130dc959b6d9cc30d96d907a7e35f46c43c448320a0,563.7582847848535,0.44103339314460754,6,6,0.0,0.25307291666666665,0.0,0,"[[20,18,41,33],[65,20,29,34],[102,18,27,33],[140,19,24,34],[170,18,24,34],[199,19,26,34]]"
train_001326_touch_WGR550,cut__max_column_sum_quantile__s1__plus,touch,WGR550,WGR550,1.0,1.0,007b7ae5e988e057a78d619fb67483b4f299f75524350fb416a48164e5cceec2,cb76fb3ee96cb4e0b04a52a06897fb0acb76fcbc662194ade8483613be043470,804.0410559624434,0.4501994699239731,6,6,0.0,0.25307291666666665,0.0,0,"[[20,18,41,33],[65,20,29,34],[102,18,27,33],[140,19,24,34],[170,18,24,34],[199,19,26,34]]"
train_001326_touch_WGR550,cut__max_column_sum_quantile__s2__minus,touch,WGR550,WGR550,1.0,1.0,f3c1dd9680c967e6ab386694d703b85dbbeccc7601d9b106f107f49441234d5f,d45893a1f782b0feab6033d5926365e8adeb1146c81ceb064115cabe9b70255c,642.2196635976434,0.45258551836013794,6,6,0.0,0.25307291666666665,0.0,0,"[[20,18,41,33],[65,20,29,34],[102,18,27,33],[140,19,24,34],[170,18,24,34],[199,19,26,34]]"
train_001326_touch_WGR550,cut__max_column_sum_quantile__s2__plus,touch,WGR550,WGR550,1.0,1.0,8c63293487e2e10ebbe7f5f8f9dfcfa49721aff29eed3f3791d3c075a5548957,99e83a6b7570e9095cc69726c30a4d95a77321d26612c774a99f822dbb65bbd2,576.1187300086021,0.4433467984199524,6,6,0.0,0.25307291666666665,0.0,0,"[[20,18,41,33],[65,20,29,34],[102,18,27,33],[140,19,24,34],[170,18,24,34],[199,19,26,34]]"
train_001326_touch_WGR550,cut__max_column_sum_quantile__s4__minus,touch,WGR550,WGR550,1.0,1.0,99e3f41f497ffa1d703f5863ab61d03a58a9e0d1915a8694b772ac1fce10fa41,d4acd71fdcae57e01d0dcc2d81144bf5a26d0231f8c9df1996db35e45f03e565,586.023892275989,0.4551997408270836,6,6,0.0,0.25307291666666665,0.0,0,"[[20,18,41,33],[65,20,29,34],[102,18,27,33],[140,19,24,34],[170,18,24,34],[199,19,26,34]]"
train_001326_touch_WGR550,cut__max_column_sum_quantile__s4__plus,touch,WGR550,WGR550,1.0,1.0,39377a7eb7ae9555d04b74583382bfe48996b0af802e6ad2e29c8f02615b3468,dc2b6e59a676a383303987d2ac74cf58bec0f0ef587b05b1121f8f48e3d2ec5f,663.1964026018977,0.47117937356233597,6,6,0.0,0.25307291666666665,0.0,0,"[[20,18,41,33],[65,20,29,34],[102,18,27,33],[140,19,24,34],[170,18,24,34],[199,19,26,34]]"
train_001326_touch_WGR550,cut__min_rel_width_for_split__s1__minus,touch,WGR550,WGR550,1.0,1.0,0338677dfe72c94d0b2cfed81a9f8668fae55d7c8f9f54b046c3efe576514cf0,fbb1f81afda9b34cacfee26578e650bb56a77b8d9ec7c6205f6b6bb7931fcb3f,615.9755438566208,13.81765492260456,6,6,0.0,0.25307291666666665,0.0,0,"[[20,18,41,33],[65,20,29,34],[102,18,27,33],[140,19,24,34],[170,18,24,34],[199,19,26,34]]"
train_001326_touch_WGR550,cut__min_rel_width_for_split__s1__plus,touch,WGR550,WGR550,1.0,1.0,097bcc06e5592011def71a5d8ba055a46c275d7c67536b6eb51305de6b2dc7d9,35b43c2413fbd8d71d91edf3bedb6ca3c19cf8fe50dce07c0ba33d55ef5c6a4e,651.5484191477299,0.6023971363902092,6,6,0.0,0.25307291666666665,0.0,0,"[[20,18,41,33],[65,20,29,34],[102,18,27,33],[140,19,24,34],[170,18,24,34],[199,19,26,34]]"
train_001326_touch_WGR550,cut__min_rel_width_for_split__s2__minus,touch,WGR550,WGR550,1.0,1.0,49573e3cebdd0c6d414a3b10d2612993a22d2fe29cac2f249083b9592576f08f,446b166826c531466684792270027a92d2da6edf72c942f0deeade3b2836e7dc,673.6677484586835,15.650263987481594,6,6,0.0,0.25307291666666665,0.0,0,"[[20,18,41,33],[65,20,29,34],[102,18,27,33],[140,19,24,34],[170,18,24,34],[199,19,26,34]]"
train_001326_touch_WGR550,cut__min_rel_width_for_split__s2__plus,touch,WGR550,WGR550,1.0,1.0,fedaf41c8c4b181d2ede76a0094ee698d80f4db6eac34dad38e083dcfe8b3846,bec1836a997e46e0766d339c4272ee286135b7a4ed83f18c6bc5378cbff1e067,707.2630850598216,0.45808497816324234,6,6,0.0,0.25307291666666665,0.0,0,"[[20,18,41,33],[65,20,29,34],[102,18,27,33],[140,19,24,34],[170,18,24,34],[199,19,26,34]]"
train_001326_touch_WGR550,cut__min_rel_width_for_split__s4__minus,touch,WGR550,WGR550,1.0,1.0,fdb1f63889dde63eb75144a0d7fffd10456b44a76434e46acbfeaca7effa0498,bdcd992fe71c2bb17da5cea2ab9aedba4c866adffb5b8fbd0a6e0491ff6e33b4,672.1843127161264,15.590261667966843,6,6,0.0,0.25307291666666665,0.0,0,"[[20,18,41,33],[65,20,29,34],[102,18,27,33],[140,19,24,34],[170,18,24,34],[199,19,26,34]]"
train_001326_touch_WGR550,cut__min_rel_width_for_split__s4__plus,touch,WGR550,WGR550,1.0,1.0,94e2e1921b3143cb0ac423a88edbd586b18693995ca6526aed2e3a9ebc97bd99,d3b48b5870a958566b4ffb5c559e1311bdb94b9e9114a6b292be1f5868e982a7,648.5280180349946,0.4420243203639984,6,6,0.0,0.25307291666666665,0.0,0,"[[20,18,41,33],[65,20,29,34],[102,18,27,33],[140,19,24,34],[170,18,24,34],[199,19,26,34]]"
train_001326_touch_WGR550,reference,touch,WGR550,WGR550,1.0,1.0,6d269d2f359ef6505d382ce274b885453586eeb7640fac673e8ce587865f788a,a0b095456d69521e04a321dd4eb4599b2014bd7ad8117eaa8a14db7bfcd0cdf6,585.6609670445323,0.418931245803833,6,6,0.0,0.25307291666666665,0.0,0,"[[20,18,41,33],[65,20,29,34],[102,18,27,33],[140,19,24,34],[170,18,24,34],[199,19,26,34]]"
train_001326_touch_WGR550,reference_repeat,touch,WGR550,WGR550,1.0,1.0,483d4a63806bf7d06bcfb3a85a871e6187c1e2b8ba168a5786e58fdf2e52075e,a0b095456d69521e04a321dd4eb4599b2014bd7ad8117eaa8a14db7bfcd0cdf6,565.3875526040792,0.4500392824411392,6,6,0.0,0.25307291666666665,0.0,0,"[[20,18,41,33],[65,20,29,34],[102,18,27,33],[140,19,24,34],[170,18,24,34],[199,19,26,34]]"
train_001326_touch_WGR550,scoring__blocking_gap_ratio__s1__minus,touch,WGR550,WGR550,1.0,1.0,55d1fc8a8a81d05c046aacae80672d93a7e73dd27bc8b89695c43423aa460f5c,dbb7ad9627e452e40a27feb042fa27d64aaee19287aca5206d498c7ecf28b98b,654.4290585443377,0.4856865853071213,6,6,0.0,0.25307291666666665,0.0,0,"[[20,18,41,33],[65,20,29,34],[102,18,27,33],[140,19,24,34],[170,18,24,34],[199,19,26,34]]"
train_001326_touch_WGR550,scoring__blocking_gap_ratio__s1__plus,touch,WGR550,WGR550,1.0,1.0,acddc2fd1b523424c329ee86c532b2187aa851718aead1b040fa8a614592a0ee,c104839a4c66dc152be32c75ba42a462ba645c16a79a6a5525744899e58e1677,572.9685453698039,0.47295261174440384,6,6,0.0,0.25307291666666665,0.0,0,"[[20,18,41,33],[65,20,29,34],[102,18,27,33],[140,19,24,34],[170,18,24,34],[199,19,26,34]]"
train_001326_touch_WGR550,scoring__blocking_gap_ratio__s2__minus,touch,WGR550,WGR550,1.0,1.0,ece03f599b7fc1c98f601870afcf336b6e8083230ed0a6076bd64a37965dbad1,9a4ae1c7e7d574809addb3bb24b3be69e53e388894ff0a1fadaf6b970f75bbf8,730.2750116214156,0.4904065281152725,6,6,0.0,0.25307291666666665,0.0,0,"[[20,18,41,33],[65,20,29,34],[102,18,27,33],[140,19,24,34],[170,18,24,34],[199,19,26,34]]"
train_001326_touch_WGR550,scoring__blocking_gap_ratio__s2__plus,touch,WGR550,WGR550,1.0,1.0,1f175506bad494771a44bfa0839eca7a21979a4214ef5f1841ddd00f1d64c646,5a33b365390a18909b8007d335f463f87c70413fe4b4c41dee79cc87719b1c39,719.4694885984063,0.4406524822115898,6,6,0.0,0.25307291666666665,0.0,0,"[[20,18,41,33],[65,20,29,34],[102,18,27,33],[140,19,24,34],[170,18,24,34],[199,19,26,34]]"
train_001326_touch_WGR550,scoring__blocking_gap_ratio__s4__minus,touch,WGR550,WGR550,1.0,1.0,8a2f8e8587fa2b74310892b80f8a40ac2326e0a1763dcad3bc42487757d2a48e,7d86e2b5512c68977ca2d2fbbddd1cd4a5c3f70ce6153e970186647828a13745,788.4682202711701,0.452553853392601,6,6,0.0,0.25307291666666665,0.0,0,"[[20,18,41,33],[65,20,29,34],[102,18,27,33],[140,19,24,34],[170,18,24,34],[199,19,26,34]]"
train_001326_touch_WGR550,scoring__blocking_gap_ratio__s4__plus,touch,WGR550,WGR550,1.0,1.0,03d1ac1cffe84d9fa3ef48a95bb862513683cd3d054aa49530cefaadedbca6f3,7df229dc63578f46a1b85e3d606136484a28607f49db7246c6c8179046a91097,679.1283302009106,0.474817119538784,6,6,0.0,0.25307291666666665,0.0,0,"[[20,18,41,33],[65,20,29,34],[102,18,27,33],[140,19,24,34],[170,18,24,34],[199,19,26,34]]"
train_001326_touch_WGR550,scoring__rho_max__s1__minus,touch,WGR550,WGR550,1.0,1.0,31b569d617ff9b80fadbeea16ba4881d155444686444498e6d6a109ad6b6fe99,e0cf7c38a778d69a9528d7462ae4fd7077465710ec85b288e6c4a6ba486d6869,805.5906817317009,0.4615606740117073,6,6,0.0,0.25307291666666665,0.0,0,"[[20,18,41,33],[65,20,29,34],[102,18,27,33],[140,19,24,34],[170,18,24,34],[199,19,26,34]]"
train_001326_touch_WGR550,scoring__rho_max__s1__plus,touch,WGR550,WGR550,1.0,1.0,f3121a31088215313ea9c3cc130b643a28da53bdf2dd5f9aae36207d11f7d109,196f0f52f340e57df0ef10e3f7df342bc8fe49de27b39c05f267b484ae7dd02c,653.172304853797,0.47636963427066803,6,6,0.0,0.25307291666666665,0.0,0,"[[20,18,41,33],[65,20,29,34],[102,18,27,33],[140,19,24,34],[170,18,24,34],[199,19,26,34]]"
train_001326_touch_WGR550,scoring__rho_max__s2__minus,touch,WGR550,WGR550,1.0,1.0,fbb4e52fa01c650d657e64ff749fbe9128912c3169f0c59e50bd4b0b15275483,3a6beda2e499e03f73acc198602e401f012addf7f921e616203ff29bf25b1e18,623.7674234434962,0.4518236964941025,6,6,0.0,0.25307291666666665,0.0,0,"[[20,18,41,33],[65,20,29,34],[102,18,27,33],[140,19,24,34],[170,18,24,34],[199,19,26,34]]"
train_001326_touch_WGR550,scoring__rho_max__s2__plus,touch,WGR550,WGR550,1.0,1.0,8d6ba65131ce5cf39b64f6f96a3d646c8e30e6ac4295492de4b6b8d2c159b801,8f480ef7bbb846fbd96844ba1f84b87c36246b401b041011d4acc5c620c17a93,588.1666764616966,0.4475153982639313,6,6,0.0,0.25307291666666665,0.0,0,"[[20,18,41,33],[65,20,29,34],[102,18,27,33],[140,19,24,34],[170,18,24,34],[199,19,26,34]]"
train_001326_touch_WGR550,scoring__rho_max__s4__minus,touch,WGR550,WGR550,1.0,1.0,5f05c31c353e67c3a052f1e59f7d5131146671169007143ca86247b2c537a8fb,2906f23aca1cb9f94030166ff5d5dfa9497f8048163fb4637e90051229eb559d,689.877743832767,0.4563005641102791,6,6,0.0,0.25307291666666665,0.0,0,"[[20,18,41,33],[65,20,29,34],[102,18,27,33],[140,19,24,34],[170,18,24,34],[199,19,26,34]]"
train_001326_touch_WGR550,scoring__rho_max__s4__plus,touch,WGR550,WGR550,1.0,1.0,b49cb672ee5a199808cabb8677de0713531d61e749b82bdd3555135c687ffcec,3bf7fe937e9aafae20b05a12c4fc5bf79153f8c37b0233d23bc9f849d5f7f3cc,738.5467337444425,0.44209323823451996,6,6,0.0,0.25307291666666665,0.0,0,"[[20,18,41,33],[65,20,29,34],[102,18,27,33],[140,19,24,34],[170,18,24,34],[199,19,26,34]]"
train_001326_touch_WGR550,scoring__w_overlap__s1__minus,touch,WGR550,WGR550,1.0,1.0,69c61f6934e6e26ff06096a527562de08301d2d6e34770481f8e896a726946a8,acc4df077bc6aa129c253f85d8c2505f8b9717e9fc59b557e2832425ca60f75c,693.416110239923,0.4516132175922394,6,6,0.0,0.25307291666666665,0.0,0,"[[20,18,41,33],[65,20,29,34],[102,18,27,33],[140,19,24,34],[170,18,24,34],[199,19,26,34]]"
train_001326_touch_WGR550,scoring__w_overlap__s1__plus,touch,WGR550,WGR550,1.0,1.0,6abadd45cee7e3e654cff8a4b15daaaeb22a161f004eeb1536bf05a4459a1380,aea6b9705da5538bcc7ad76d5cdae9fb098f8253412ae4cd63e0a376c9fba7f3,630.8164028450847,0.4678228870034218,6,6,0.0,0.25307291666666665,0.0,0,"[[20,18,41,33],[65,20,29,34],[102,18,27,33],[140,19,24,34],[170,18,24,34],[199,19,26,34]]"
train_001326_touch_WGR550,scoring__w_overlap__s2__minus,touch,WGR550,WGR550,1.0,1.0,29c83c9ebb6720436d17c376623bc7ecb44d7866469c1bd8f07f409a2ecc6319,65fd9e6c6ced67407d28da37d9763f68210772be61d52324bc36d1bcf450ee4a,683.1751465797424,0.4442483186721802,6,6,0.0,0.25307291666666665,0.0,0,"[[20,18,41,33],[65,20,29,34],[102,18,27,33],[140,19,24,34],[170,18,24,34],[199,19,26,34]]"
train_001326_touch_WGR550,scoring__w_overlap__s2__plus,touch,WGR550,WGR550,1.0,1.0,f3665469d3d1073b704a527627e9f564a12b5570ae61fc236309a410f6078aeb,6159bf63e08c8441bef94ef98b0abc7b165eb3eb1d71d181a326c9af33c127a7,650.7967207580805,0.4733037203550339,6,6,0.0,0.25307291666666665,0.0,0,"[[20,18,41,33],[65,20,29,34],[102,18,27,33],[140,19,24,34],[170,18,24,34],[199,19,26,34]]"
train_001326_touch_WGR550,scoring__w_overlap__s4__minus,touch,WGR550,WGR550,1.0,1.0,009adc044c133733c49f83429caac5b58b631bceb71869ddb18e2f956900cb29,472753878bff50576a5a17284763c531112c74d2f7ee46e0a8c2d7d321074d3a,641.7925106361508,0.4584146663546562,6,6,0.0,0.25307291666666665,0.0,0,"[[20,18,41,33],[65,20,29,34],[102,18,27,33],[140,19,24,34],[170,18,24,34],[199,19,26,34]]"
train_001326_touch_WGR550,scoring__w_overlap__s4__plus,touch,WGR550,WGR550,1.0,1.0,d8598d54d1ffbdab68016be8c387093ae8d7f63aeddb8feea8141b220bdcdd5c,61842abcf8580ca299d7154f9324c0269372cf24568ef4ce8897f65251608da1,722.1714332699776,0.47649815678596497,6,6,0.0,0.25307291666666665,0.0,0,"[[20,18,41,33],[65,20,29,34],[102,18,27,33],[140,19,24,34],[170,18,24,34],[199,19,26,34]]"
train_001326_touch_WGR550,scoring__w_prior__s1__minus,touch,WGR550,WGR550,1.0,1.0,3cee8d8e7748715421e6e36d2fc0a9b6d6c92b42579a0756469f71a1a6d52cc0,7f3e86ee0017dd13e8d791c45aa35cbe5d7175cc03137157a96a4514b1213dc1,680.1385227590799,0.440722331404686,6,6,0.0,0.25307291666666665,0.0,0,"[[20,18,41,33],[65,20,29,34],[102,18,27,33],[140,19,24,34],[170,18,24,34],[199,19,26,34]]"
train_001326_touch_WGR550,scoring__w_prior__s1__plus,touch,WGR550,WGR550,1.0,1.0,65a925bc3e1f25d723335f0c8f45de7ec7f057862a06f9de85a7fb3409f702be,1d6a3e520df79d9b779452476b510b7b4fbb15925c9df74789e0cbdd8efdf099,734.2329025268555,0.4620430991053581,6,6,0.0,0.25307291666666665,0.0,0,"[[20,18,41,33],[65,20,29,34],[102,18,27,33],[140,19,24,34],[170,18,24,34],[199,19,26,34]]"
train_001326_touch_WGR550,scoring__w_prior__s2__minus,touch,WGR550,WGR550,1.0,1.0,b856d78c1d877f5e9d5ed90f59ea7184c5ff6fa3f2ce7ae81c28343abac9fe16,b2b804f9536f3baa0cf78ca78dc17700bbdbaad43da0b2d60d30fbfc04418967,637.0712490752339,0.4978897050023079,6,6,0.0,0.25307291666666665,0.0,0,"[[20,18,41,33],[65,20,29,34],[102,18,27,33],[140,19,24,34],[170,18,24,34],[199,19,26,34]]"
train_001326_touch_WGR550,scoring__w_prior__s2__plus,touch,WGR550,WGR550,1.0,1.0,2ce2c4016ced63e4554190ca51f97848a943f28c895865d98eaf35ba3bf1c2c9,61b5bd19713cdf59b9c1c8f853e37d2a80cb24971ceb1a062e073b54ca5c8624,663.2066862657666,0.44898781925439835,6,6,0.0,0.25307291666666665,0.0,0,"[[20,18,41,33],[65,20,29,34],[102,18,27,33],[140,19,24,34],[170,18,24,34],[199,19,26,34]]"
train_001326_touch_WGR550,scoring__w_prior__s4__minus,touch,WGR550,WGR550,1.0,1.0,5f17f07a094c7f2bd97b442d06e5db5be4937987e4770636d6086d81adad4cc8,d951df68a87e98fef017ff2c13f79fc943390eb30de250ab8dc752e2b807a2e2,671.2918151170015,0.4642875865101814,6,6,0.0,0.25307291666666665,0.0,0,"[[20,18,41,33],[65,20,29,34],[102,18,27,33],[140,19,24,34],[170,18,24,34],[199,19,26,34]]"
train_001326_touch_WGR550,scoring__w_prior__s4__plus,touch,WGR550,WGR550,1.0,1.0,1876fc6a2bc289b18fb9abf6d36f3fe1067077ed5516fd8683d81e8267d06257,1a3b5e31f5a4769b2972b8f6794656fe6ac8f7e89ea44088cfd770a76629a062,755.5425576865673,0.46799425035715103,6,6,0.0,0.25307291666666665,0.0,0,"[[20,18,41,33],[65,20,29,34],[102,18,27,33],[140,19,24,34],[170,18,24,34],[199,19,26,34]]"
train_001543_broken_IPA038,cut__max_column_sum_quantile__s1__minus,broken,IPA038,DA038,0.6666666666666667,0.0,5b83ff4b6d15217e9b4b959f154ac80d0b111f0b3577631dc96f0777695d849f,16d66d3f00907b45436bbb5c1adf61df930aa6a6a23a5a08832ea892e2ade0b7,631.0689756646752,0.46073924750089645,6,6,0.0,0.1146875,0.0,0,"[[21,23,7,30],[46,23,22,30],[82,22,27,30],[135,24,22,30],[172,22,21,31],[209,23,21,31]]"
train_001543_broken_IPA038,cut__max_column_sum_quantile__s1__plus,broken,IPA038,DA038,0.6666666666666667,0.0,f4364cec884857903fb8486cd1ddd67a3d457d13803caebeddf7f33ac3adae7d,b8eb59a0143420a1d120eadd24f97019b02a663da5111b6211e7a2f71d88ef75,699.5229311287403,0.4717092961072922,6,6,0.0,0.1146875,0.0,0,"[[21,23,7,30],[46,23,22,30],[82,22,27,30],[135,24,22,30],[172,22,21,31],[209,23,21,31]]"
train_001543_broken_IPA038,cut__max_column_sum_quantile__s2__minus,broken,IPA038,DA038,0.6666666666666667,0.0,7bb8b019c4f46d6ce083453230cda1963b39cc0b381f85970c17ec0300675b80,74c0939ab0c886af3fab90035dc96ed2b1e5e682939de0af24b3a556511f37b3,637.3049318790436,0.6057731807231903,6,6,0.0,0.1146875,0.0,0,"[[21,23,7,30],[46,23,22,30],[82,22,27,30],[135,24,22,30],[172,22,21,31],[209,23,21,31]]"
train_001543_broken_IPA038,cut__max_column_sum_quantile__s2__plus,broken,IPA038,DA038,0.6666666666666667,0.0,f647d1f5bd2e7a8b94474e3943da288392de799a39afcc0a2b1bd57cde67702d,8f838b1f2d7806a191c23d9921596dd05297ae3f859261a5f45884759e8be674,613.7643689289689,0.46475697308778763,6,6,0.0,0.1146875,0.0,0,"[[21,23,7,30],[46,23,22,30],[82,22,27,30],[135,24,22,30],[172,22,21,31],[209,23,21,31]]"
train_001543_broken_IPA038,cut__max_column_sum_quantile__s4__minus,broken,IPA038,DA038,0.6666666666666667,0.0,0a0f1876b81823f5c4f58bda7c44ed47768d3c69b155e52a325e8786f169e363,39f95d4613b113346d1f687ea86431b985352f2be3a54f3ef3b8a41d548060d4,632.2573265060782,0.49280934035778046,6,6,0.0,0.1146875,0.0,0,"[[21,23,7,30],[46,23,22,30],[82,22,27,30],[135,24,22,30],[172,22,21,31],[209,23,21,31]]"
train_001543_broken_IPA038,cut__max_column_sum_quantile__s4__plus,broken,IPA038,DA038,0.6666666666666667,0.0,0d2af0f5541fffb9b5b5792f11ee231bd4762ecb26f3f0afe987927e3abc1220,35b9c7985bb93e6380d84f2988751922405549c72c9d2c7bf95575990ac95d50,644.553642719984,3.460993990302086,6,6,0.0,0.1146875,0.0,0,"[[21,23,7,30],[46,23,22,30],[82,22,27,30],[135,24,22,30],[172,22,21,31],[209,23,21,31]]"
train_001543_broken_IPA038,cut__min_rel_width_for_split__s1__minus,broken,IPA038,DA038,0.6666666666666667,0.0,87be900e3e05e8a7771c211cbbc0bbbb40f5d0267a6d50b43727f73e2e86cdbb,745b6e1cf65e877c215938b557bb0b8e62ccde076f3844424e82c786b6734adb,676.778731867671,0.44010113924741745,6,6,0.0,0.1146875,0.0,0,"[[21,23,7,30],[46,23,22,30],[82,22,27,30],[135,24,22,30],[172,22,21,31],[209,23,21,31]]"
train_001543_broken_IPA038,cut__min_rel_width_for_split__s1__plus,broken,IPA038,DA038,0.6666666666666667,0.0,0530111d36834c8ec8d13adb6711ff6a5f02bb2ee0713a7ec1825948bddd43a0,7c1feb7d762cfb69feddc81d9bc69d863c8941896415717e84aac012052bb7c3,587.0921537280083,0.4474734887480736,6,6,0.0,0.1146875,0.0,0,"[[21,23,7,30],[46,23,22,30],[82,22,27,30],[135,24,22,30],[172,22,21,31],[209,23,21,31]]"
train_001543_broken_IPA038,cut__min_rel_width_for_split__s2__minus,broken,IPA038,DA038,0.6666666666666667,0.0,0e125d0bec29eaa14167a053871eb240a24437cbc0f288d329626c0da459cb9e,5b5ea09fb895058eb5489e3bffc9f74ad04d3228231f51de3b8be305fd94b694,565.4346020892262,0.4486367106437683,6,6,0.0,0.1146875,0.0,0,"[[21,23,7,30],[46,23,22,30],[82,22,27,30],[135,24,22,30],[172,22,21,31],[209,23,21,31]]"
train_001543_broken_IPA038,cut__min_rel_width_for_split__s2__plus,broken,IPA038,DA038,0.6666666666666667,0.0,dc7739f7529c020cc047af29aefbaf99b17f51f11d81fa4346fd9c3f983ffb58,144086453917e6b84615e7214e2e89dacfd06989eb5608f2c02cb6da53f0de0f,595.1501717790961,0.42076408863067627,6,6,0.0,0.1146875,0.0,0,"[[21,23,7,30],[46,23,22,30],[82,22,27,30],[135,24,22,30],[172,22,21,31],[209,23,21,31]]"
train_001543_broken_IPA038,cut__min_rel_width_for_split__s4__minus,broken,IPA038,DA038,0.6666666666666667,0.0,458d432475f78f54fbff7db9fd70bffa1a715063f730bb42095af736d5663f14,3bff312efb4c236163a90d53454da25564b5ab2122ee54d52298a72e1fdfdb3e,663.5224083438516,11.839180253446102,6,6,0.0,0.1146875,0.0,0,"[[21,23,7,30],[46,23,22,30],[82,22,27,30],[135,24,22,30],[172,22,21,31],[209,23,21,31]]"
train_001543_broken_IPA038,cut__min_rel_width_for_split__s4__plus,broken,IPA038,DA038,0.6666666666666667,0.0,b0442f57ac94f0b4c87fc9f243aa6bf5a9ef583b8a855c8b1cb6573f009ad383,f1653e7b543f8a3ddd544da26176ffae40abdcf453ea54584589c4d7ae450f6c,620.2900223433971,0.44051092118024826,6,6,0.0,0.1146875,0.0,0,"[[21,23,7,30],[46,23,22,30],[82,22,27,30],[135,24,22,30],[172,22,21,31],[209,23,21,31]]"
train_001543_broken_IPA038,reference,broken,IPA038,DA038,0.6666666666666667,0.0,3edad31ef01d3292a3603e165a65b9e3ead1a5ec0086bfb3df935bb86fe595ab,6ce43bfe9f2f6bf3d15cd1d5a04f87c8571c56c08f72249fa20c5edc19ecf77b,532.6289981603622,0.45191310346126556,6,6,0.0,0.1146875,0.0,0,"[[21,23,7,30],[46,23,22,30],[82,22,27,30],[135,24,22,30],[172,22,21,31],[209,23,21,31]]"
train_001543_broken_IPA038,reference_repeat,broken,IPA038,DA038,0.6666666666666667,0.0,4021c2123aba310ef878d8235b6845b124b2b3da7755093c9a6956165916c895,6ce43bfe9f2f6bf3d15cd1d5a04f87c8571c56c08f72249fa20c5edc19ecf77b,634.5623880624771,0.45144185423851013,6,6,0.0,0.1146875,0.0,0,"[[21,23,7,30],[46,23,22,30],[82,22,27,30],[135,24,22,30],[172,22,21,31],[209,23,21,31]]"
train_001543_broken_IPA038,scoring__blocking_gap_ratio__s1__minus,broken,IPA038,DA038,0.6666666666666667,0.0,2df525ce938186ccef7627e8a2ae9ec057b2b8d31a982339ba627a0ff4cb9b1a,39586e9753d6222ac5a4f3964092813c3ac8cbc272cbad1f2b84f195df825fd1,594.8322815820575,0.4584668204188347,6,6,0.0,0.1146875,0.0,0,"[[21,23,7,30],[46,23,22,30],[82,22,27,30],[135,24,22,30],[172,22,21,31],[209,23,21,31]]"
train_001543_broken_IPA038,scoring__blocking_gap_ratio__s1__plus,broken,IPA038,DA038,0.6666666666666667,0.0,c8d232f16bde3c57ff7f74e42da377e62487caad876facacc080c7aecafd987f,6389b44ece870f9306f64ac3bd1b63aded4f61b24315a05681925ad9a35cf520,638.9634907245636,0.45431777834892273,6,6,0.0,0.1146875,0.0,0,"[[21,23,7,30],[46,23,22,30],[82,22,27,30],[135,24,22,30],[172,22,21,31],[209,23,21,31]]"
train_001543_broken_IPA038,scoring__blocking_gap_ratio__s2__minus,broken,IPA038,DA038,0.6666666666666667,0.0,abf5af97d28c8c8a4c9dc868da678f16c668ce5b1b53ea98a169234a5386b5b4,951c37316d736b4cebeeecffa722e1c7288a5d0cde1399693a7edccc13ec2a15,703.4498723223805,0.39623863995075226,6,6,0.0,0.1146875,0.0,0,"[[21,23,7,30],[46,23,22,30],[82,22,27,30],[135,24,22,30],[172,22,21,31],[209,23,21,31]]"
train_001543_broken_IPA038,scoring__blocking_gap_ratio__s2__plus,broken,IPA038,DA038,0.6666666666666667,0.0,b9b90645c5311f8469d53d450fa720985a7dfa016ef73e12db5618d9fcfd919e,3ae975af3d9b4da41a8171e41be57c6eb57b789013c6009e2f755dcd499bd749,651.9789779558778,0.4649488255381584,6,6,0.0,0.1146875,0.0,0,"[[21,23,7,30],[46,23,22,30],[82,22,27,30],[135,24,22,30],[172,22,21,31],[209,23,21,31]]"
train_001543_broken_IPA038,scoring__blocking_gap_ratio__s4__minus,broken,IPA038,DA038,0.6666666666666667,0.0,6e0838acbd69f572cf14fb21bd77b71f29ff0f23cb15967145735190c2b9e986,18958f33631db0248e1bec5d6bca7e86cacedf8cba14559370ddfab7fbb6703e,667.3885863274336,0.48458483070135117,6,6,0.0,0.1146875,0.0,0,"[[21,23,7,30],[46,23,22,30],[82,22,27,30],[135,24,22,30],[172,22,21,31],[209,23,21,31]]"
train_001543_broken_IPA038,scoring__blocking_gap_ratio__s4__plus,broken,IPA038,DA038,0.6666666666666667,0.0,dcccdfbba2e01c139df865dc057e1a0ec8824baeec1e0aa60485033e812e4ceb,1b5a34493d2d4cdea0cb3b6dc0daccade79b1084ba8d7caf22c63ca3eb92a95d,602.8112126514316,0.4573138430714607,6,6,0.0,0.1146875,0.0,0,"[[21,23,7,30],[46,23,22,30],[82,22,27,30],[135,24,22,30],[172,22,21,31],[209,23,21,31]]"
train_001543_broken_IPA038,scoring__rho_max__s1__minus,broken,IPA038,DA038,0.6666666666666667,0.0,3d5412ec27ce907cb4967791937bac0753f5cc13846ec42c9e64a8c6e018a311,20695e632768b3cddd200083cf0707c474ade3c53ddbe2f1c2f2b3b86612138f,615.5119016766548,0.45501068234443665,6,6,0.0,0.1146875,0.0,0,"[[21,23,7,30],[46,23,22,30],[82,22,27,30],[135,24,22,30],[172,22,21,31],[209,23,21,31]]"
train_001543_broken_IPA038,scoring__rho_max__s1__plus,broken,IPA038,DA038,0.6666666666666667,0.0,cd5d19c0b5aed4830c4dd2c3a6173751aa9bda50f47dcceffcc9274e0824a7b2,5bb9ef33132a2b9fce26956e8bed475137f92485ccb1d8c7278ec75e8e243f40,663.236073218286,0.4159947857260704,6,6,0.0,0.1146875,0.0,0,"[[21,23,7,30],[46,23,22,30],[82,22,27,30],[135,24,22,30],[172,22,21,31],[209,23,21,31]]"
train_001543_broken_IPA038,scoring__rho_max__s2__minus,broken,IPA038,DA038,0.6666666666666667,0.0,10cbc6cd4514475602ccd0e0836cec5e844de2bee150cce894f0943ed5693f3e,73878f68be6744ffa8e52ce773216f4df04c5b0ff3cac92775d249619c18b377,680.253017693758,0.45463815331459045,6,6,0.0,0.1146875,0.0,0,"[[21,23,7,30],[46,23,22,30],[82,22,27,30],[135,24,22,30],[172,22,21,31],[209,23,21,31]]"
train_001543_broken_IPA038,scoring__rho_max__s2__plus,broken,IPA038,DA038,0.6666666666666667,0.0,67a5fba7b8bcdfcd968771895a9c7b2de7e1ac7a3e77a4863a41f88118cc47f2,68b3a97706175e04a40f1e4a4fbe3d29739fa85a1f5126b62a603f589abb842d,631.7453719675541,0.43318793177604675,6,6,0.0,0.1146875,0.0,0,"[[21,23,7,30],[46,23,22,30],[82,22,27,30],[135,24,22,30],[172,22,21,31],[209,23,21,31]]"
train_001543_broken_IPA038,scoring__rho_max__s4__minus,broken,IPA038,DA038,0.6666666666666667,0.0,3f5112690c1aff9ed83b73ecde02232d88724e4da6147c20985fe6c361920baa,f1de8f4f3cd63582e918b65147cc28b38cb6c9151da1b9a20dcf7df0cfe01832,630.4566087201238,0.5510207265615463,6,6,0.0,0.1146875,0.0,0,"[[21,23,7,30],[46,23,22,30],[82,22,27,30],[135,24,22,30],[172,22,21,31],[209,23,21,31]]"
train_001543_broken_IPA038,scoring__rho_max__s4__plus,broken,IPA038,DA038,0.6666666666666667,0.0,880c637d3c50a636c7327f75b2d28cdde20f056ccbadecdb3a262273fc12a773,40d7bcb7b9b76167461245a715dee018a5e91a818ad969f7c9508c8022272886,641.0765135660768,0.4558013752102852,6,6,0.0,0.1146875,0.0,0,"[[21,23,7,30],[46,23,22,30],[82,22,27,30],[135,24,22,30],[172,22,21,31],[209,23,21,31]]"
train_001543_broken_IPA038,scoring__w_overlap__s1__minus,broken,IPA038,DA038,0.6666666666666667,0.0,7959458ab516180a4b018bbdb71211d47e4a7360a128937d4ea502d58165d943,185e492e0adaea76ef59f42417e377f28e28c4c10178a46a6a844b1a1511344f,621.2499868124723,0.4831235855817795,6,6,0.0,0.1146875,0.0,0,"[[21,23,7,30],[46,23,22,30],[82,22,27,30],[135,24,22,30],[172,22,21,31],[209,23,21,31]]"
train_001543_broken_IPA038,scoring__w_overlap__s1__plus,broken,IPA038,DA038,0.6666666666666667,0.0,0660fd6efcd83025f5cfe73f84f58fbe48b8ec976ac068683177df1cc15cfa9a,d00d6313bdc767df25373f7127d0680f9f5a7b6015fb484c0b553ec546f27f18,668.9331065863371,0.4586363211274147,6,6,0.0,0.1146875,0.0,0,"[[21,23,7,30],[46,23,22,30],[82,22,27,30],[135,24,22,30],[172,22,21,31],[209,23,21,31]]"
train_001543_broken_IPA038,scoring__w_overlap__s2__minus,broken,IPA038,DA038,0.6666666666666667,0.0,b44501f3e69817a36409937fe8b589488e9e68e5e810f466114025df5b5eade0,566c1a21a255663246d568da1616e8da5042078019b6a186ff5aa50f8d4e69ef,630.693819373846,0.4653977230191231,6,6,0.0,0.1146875,0.0,0,"[[21,23,7,30],[46,23,22,30],[82,22,27,30],[135,24,22,30],[172,22,21,31],[209,23,21,31]]"
train_001543_broken_IPA038,scoring__w_overlap__s2__plus,broken,IPA038,DA038,0.6666666666666667,0.0,44d2b396b3e471cd4cc526f385167e20653e4c37e04461b107f856cf87b14ffa,86572b3903bc2f061ee46e7120e17b6eb527e793633c2f51ba3908944b22ba27,647.7837767452002,0.45871641486883163,6,6,0.0,0.1146875,0.0,0,"[[21,23,7,30],[46,23,22,30],[82,22,27,30],[135,24,22,30],[172,22,21,31],[209,23,21,31]]"
train_001543_broken_IPA038,scoring__w_overlap__s4__minus,broken,IPA038,DA038,0.6666666666666667,0.0,32b9d76fbe19d9ff8db57c941a0a0d5fa2093e0fb1e9bb78f6de77ee4080eb68,6a9aaf9c8bcfc2cbed339a9706827955adbf97a295610020db5ff84a338bcb29,667.4667410552502,0.447605736553669,6,6,0.0,0.1146875,0.0,0,"[[21,23,7,30],[46,23,22,30],[82,22,27,30],[135,24,22,30],[172,22,21,31],[209,23,21,31]]"
train_001543_broken_IPA038,scoring__w_overlap__s4__plus,broken,IPA038,DA038,0.6666666666666667,0.0,aeeaf1280678b60412a039d46da203741aaa9cfd2a7f873e1b6be863cf66f3b1,5d81a216a1515c95f3151e776e04a8dd7e58380a18ffb156ac2eb7769b64129d,706.5790686756372,0.45185256749391556,6,6,0.0,0.1146875,0.0,0,"[[21,23,7,30],[46,23,22,30],[82,22,27,30],[135,24,22,30],[172,22,21,31],[209,23,21,31]]"
train_001543_broken_IPA038,scoring__w_prior__s1__minus,broken,IPA038,DA038,0.6666666666666667,0.0,366797f66e28cc6da7fb6ca11d7fe8c2ddc44ce1b8744b32d9c81102a48fe4ce,d7484c356d02fe8a20dce6eb37a3fc69d8710cd047791c4011505b939cfc6e6d,634.4863707199693,0.4783729091286659,6,6,0.0,0.1146875,0.0,0,"[[21,23,7,30],[46,23,22,30],[82,22,27,30],[135,24,22,30],[172,22,21,31],[209,23,21,31]]"
train_001543_broken_IPA038,scoring__w_prior__s1__plus,broken,IPA038,DA038,0.6666666666666667,0.0,4a61fb907fbea8c64917bd2e8c135115cd9a30cb901d72640c8093f7eab77390,53e437a56a79d1f113e68ab37a89eea1c61863123769e3203bbc1aaf87722a1a,698.9662796258926,0.4569627344608307,6,6,0.0,0.1146875,0.0,0,"[[21,23,7,30],[46,23,22,30],[82,22,27,30],[135,24,22,30],[172,22,21,31],[209,23,21,31]]"
train_001543_broken_IPA038,scoring__w_prior__s2__minus,broken,IPA038,DA038,0.6666666666666667,0.0,f55a5407ea8bce4010259c8cec2850552c1bc8be3ce81d2f39ada314d1469930,dd584075aeb36addbfe1f98dab80196964d7955d40d8cd2823a75b99640caf30,682.3117258027196,0.4643956199288368,6,6,0.0,0.1146875,0.0,0,"[[21,23,7,30],[46,23,22,30],[82,22,27,30],[135,24,22,30],[172,22,21,31],[209,23,21,31]]"
train_001543_broken_IPA038,scoring__w_prior__s2__plus,broken,IPA038,DA038,0.6666666666666667,0.0,0e5d1ed735a07b65ad8ad75f38e7f92e8d3467a1d498eebe5c9b102fe4f4840f,242fe659096956675f2e9dedd589ce969abae948e9e5706a39cf8a7f2476dec6,616.6589129716158,0.4136404022574425,6,6,0.0,0.1146875,0.0,0,"[[21,23,7,30],[46,23,22,30],[82,22,27,30],[135,24,22,30],[172,22,21,31],[209,23,21,31]]"
train_001543_broken_IPA038,scoring__w_prior__s4__minus,broken,IPA038,DA038,0.6666666666666667,0.0,e23e4afe6ae85f2a23a57ba9ed294593d7839d355fdd9050aad43d6ee8df37e0,0b2e160b156896a155449c0aae8fd58f089e5c817a1533b1d84f83792843f40a,609.4891978427768,0.47214142978191376,6,6,0.0,0.1146875,0.0,0,"[[21,23,7,30],[46,23,22,30],[82,22,27,30],[135,24,22,30],[172,22,21,31],[209,23,21,31]]"
train_001543_broken_IPA038,scoring__w_prior__s4__plus,broken,IPA038,DA038,0.6666666666666667,0.0,2414193ba604687ff324de8dd70e2e391b6197b9d401631c193ca5c933666c09,21e54ab2bd96b777657f7d76735ee9ff303c175a715ae4bf91cc2dec30db2d44,624.3551876395941,0.4592873156070709,6,6,0.0,0.1146875,0.0,0,"[[21,23,7,30],[46,23,22,30],[82,22,27,30],[135,24,22,30],[172,22,21,31],[209,23,21,31]]"
train_001711_blur_XSE527,cut__max_column_sum_quantile__s1__minus,blur,XSE527,XSE527,1.0,1.0,2f57726cd9f168f360191d95429b96894705877028b2e88f37be3300bf692218,663de8f80a8f21cd60e7c9ec4487292e1ba7ad7f0f22aeb374216e1888ada2fe,580.7159133255482,0.44850632548332214,6,6,0.0,0.11703125,0.0,0,"[[22,17,22,27],[60,15,20,29],[96,15,18,29],[142,15,18,29],[176,15,19,29],[211,14,19,28]]"
train_001711_blur_XSE527,cut__max_column_sum_quantile__s1__plus,blur,XSE527,XSE527,1.0,1.0,eedbc644e3ac001d21433edac8e6abc3f1714c251ffd5d6dac98422cdbc5dc92,a2900b2fff7299757f0d8783a687208c42a987ff2330f5ff7353c2d5761ff245,668.4645069763064,0.44216588139533997,6,6,0.0,0.11703125,0.0,0,"[[22,17,22,27],[60,15,20,29],[96,15,18,29],[142,15,18,29],[176,15,19,29],[211,14,19,28]]"
train_001711_blur_XSE527,cut__max_column_sum_quantile__s2__minus,blur,XSE527,XSE527,1.0,1.0,b05e54f4a4809c52db5e9db9d29ecdfd18041ce7ae2ec0a3f6b375b8db25c196,427e880fa21ec168d9a50985d2c37e3710b5647e8ee49ea0515f3e0c70765841,691.987469792366,0.44180452823638916,6,6,0.0,0.11703125,0.0,0,"[[22,17,22,27],[60,15,20,29],[96,15,18,29],[142,15,18,29],[176,15,19,29],[211,14,19,28]]"
train_001711_blur_XSE527,cut__max_column_sum_quantile__s2__plus,blur,XSE527,XSE527,1.0,1.0,cd4a8ca1be6637597e3bf567ed38b3663638868cc0086abca2c3ec6fdd2cb507,35056fc7e02fe5cd688c198a4e691837fdc4867190cf78f4ba15c0cd396a348e,584.939731284976,0.46962685883045197,6,6,0.0,0.11703125,0.0,0,"[[22,17,22,27],[60,15,20,29],[96,15,18,29],[142,15,18,29],[176,15,19,29],[211,14,19,28]]"
train_001711_blur_XSE527,cut__max_column_sum_quantile__s4__minus,blur,XSE527,XSE527,1.0,1.0,2e852a2751fd22dadce7a3764c6639002ad17c9ba8d5dbb4b9a822c9f8ae68ea,6dfe34e1e7df4216c1494fc5e3e91a42190da38a99aa45387ab8b218e8708b45,607.6192688196898,0.47807302325963974,6,6,0.0,0.11703125,0.0,0,"[[22,17,22,27],[60,15,20,29],[96,15,18,29],[142,15,18,29],[176,15,19,29],[211,14,19,28]]"
train_001711_blur_XSE527,cut__max_column_sum_quantile__s4__plus,blur,XSE527,XSE527,1.0,1.0,d32d407c94d7dd1fe922ead1e28dbbc3d7d252e0c9ed8cc71aaffc4c9c9ffe7f,9ef19652e4e3c86e10eb4fab9e37e871fcba467b4aff578e8539974afa6d23df,632.7617596834898,0.46673137694597244,6,6,0.0,0.11703125,0.0,0,"[[22,17,22,27],[60,15,20,29],[96,15,18,29],[142,15,18,29],[176,15,19,29],[211,14,19,28]]"
train_001711_blur_XSE527,cut__min_rel_width_for_split__s1__minus,blur,XSE527,XSE527,1.0,1.0,b6f3fa9775f80eb722307aac3bcf5974671aea1a920cabee381a694b493cfe2a,e401e3f15aaf73e10499b86846f45883429951f79f1285abe006bbf04e4efddd,766.9881386682391,0.45099109411239624,6,6,0.0,0.11703125,0.0,0,"[[22,17,22,27],[60,15,20,29],[96,15,18,29],[142,15,18,29],[176,15,19,29],[211,14,19,28]]"
train_001711_blur_XSE527,cut__min_rel_width_for_split__s1__plus,blur,XSE527,XSE527,1.0,1.0,70e1b18b74825e3405e05e3c42d56bacb57511bf81b04f4497dd7250b0a7b61a,8255fe0e3f11b29211859aef61e060fdc609c58eeb78efb2e54348538bc20ad4,584.6906211227179,0.4475945606827736,6,6,0.0,0.11703125,0.0,0,"[[22,17,22,27],[60,15,20,29],[96,15,18,29],[142,15,18,29],[176,15,19,29],[211,14,19,28]]"
train_001711_blur_XSE527,cut__min_rel_width_for_split__s2__minus,blur,XSE527,XSE527,1.0,1.0,9564585a656fea299cdee49156a2b1afeb0773e6a9f439ebe153029932f52f72,fd8274accc3d535c3273621a0a5881908663f496de18198209e961069fa3dbef,632.0957383140922,0.4653381183743477,6,6,0.0,0.11703125,0.0,0,"[[22,17,22,27],[60,15,20,29],[96,15,18,29],[142,15,18,29],[176,15,19,29],[211,14,19,28]]"
train_001711_blur_XSE527,cut__min_rel_width_for_split__s2__plus,blur,XSE527,XSE527,1.0,1.0,069e316528ec26f51b7337f07adfcdb03d71d217212db450eb779f7181ed4ead,efbeb6e47505d5b6d3abbf2bf7be2346f6b10e8476937bfa76477480b3be9797,651.568858884275,0.4659900441765785,6,6,0.0,0.11703125,0.0,0,"[[22,17,22,27],[60,15,20,29],[96,15,18,29],[142,15,18,29],[176,15,19,29],[211,14,19,28]]"
train_001711_blur_XSE527,cut__min_rel_width_for_split__s4__minus,blur,XSE527,XSE527,1.0,1.0,d3df5c3766f234cfdf6ef6490b0dec35a329c3b05978373fd9bff111b3aac4d6,ffdcc6c2811331c204b90cb59e5267fc25d5e620e084771161cc84400b2d5ecd,644.6653911843896,0.45024044811725616,6,6,0.0,0.11703125,0.0,0,"[[22,17,22,27],[60,15,20,29],[96,15,18,29],[142,15,18,29],[176,15,19,29],[211,14,19,28]]"
train_001711_blur_XSE527,cut__min_rel_width_for_split__s4__plus,blur,XSE527,XSE527,1.0,1.0,3a399ffa2b8343921080bd9c5c73a3faab8e720d575ff5e011d15710ac43eda3,6decd9f1951179656f85f8286e4cdb3596dba66793532cd9e69669c6c974c3d4,619.4214941933751,0.41592493653297424,6,6,0.0,0.11703125,0.0,0,"[[22,17,22,27],[60,15,20,29],[96,15,18,29],[142,15,18,29],[176,15,19,29],[211,14,19,28]]"
train_001711_blur_XSE527,reference,blur,XSE527,XSE527,1.0,1.0,cdb914ef65996197349f0942bc97be0853da87a219d8a3902e1be5145d6de223,c71a11bf7386d31fae69229c3880587ac1f8895fa500b215df160bfdf6eebe4e,662.3153258115053,0.45864563435316086,6,6,0.0,0.11703125,0.0,0,"[[22,17,22,27],[60,15,20,29],[96,15,18,29],[142,15,18,29],[176,15,19,29],[211,14,19,28]]"
train_001711_blur_XSE527,scoring__blocking_gap_ratio__s1__minus,blur,XSE527,XSE527,1.0,1.0,873b30e4d1ec39978a9b00ebde0816edfc938916e7c0ff80bcca45e1844872db,3a1c8d03ac85cf45a44378d545a95343b0983e7f3077e585289b93dc02bbb277,628.6586504429579,0.4192618653178215,6,6,0.0,0.11703125,0.0,0,"[[22,17,22,27],[60,15,20,29],[96,15,18,29],[142,15,18,29],[176,15,19,29],[211,14,19,28]]"
train_001711_blur_XSE527,scoring__blocking_gap_ratio__s1__plus,blur,XSE527,XSE527,1.0,1.0,fc4251fb8799576329973229be5a7ad56b5c8206f85f6be456849453332ae430,9201db438b29d226bd8e713dd024775f86dd593961d4d6200f6b83abbc00db11,697.2367065027356,0.46334508806467056,6,6,0.0,0.11703125,0.0,0,"[[22,17,22,27],[60,15,20,29],[96,15,18,29],[142,15,18,29],[176,15,19,29],[211,14,19,28]]"
train_001711_blur_XSE527,scoring__blocking_gap_ratio__s2__minus,blur,XSE527,XSE527,1.0,1.0,eb011694f41d599c79e84d27bc5b9a4726ea148b67f741504f99a2d01a54120a,748512f064e2cdb507533e3df3274d335b24fd519e6ef715c00977b95e773520,669.836737215519,0.4662703722715378,6,6,0.0,0.11703125,0.0,0,"[[22,17,22,27],[60,15,20,29],[96,15,18,29],[142,15,18,29],[176,15,19,29],[211,14,19,28]]"
train_001711_blur_XSE527,scoring__blocking_gap_ratio__s2__plus,blur,XSE527,XSE527,1.0,1.0,c5703795d44fc5e33b9ad153f4511fb66289ca11934e6bd66687622345311685,e0a789bc728e24480809bba1ec00f674d5d08743d89962498fac4f40dafeaa1a,662.4995255842805,0.472482293844223,6,6,0.0,0.11703125,0.0,0,"[[22,17,22,27],[60,15,20,29],[96,15,18,29],[142,15,18,29],[176,15,19,29],[211,14,19,28]]"
train_001711_blur_XSE527,scoring__blocking_gap_ratio__s4__minus,blur,XSE527,XSE527,1.0,1.0,502e3f301fdd61e5a5eb4de62de3692318bee25f878f794a3fb650781091b833,cca854f93cabdf24deb3c8fc51f915ab517f096a647d5681d33d302b6a8c01b4,681.9195374846458,0.4441291093826294,6,6,0.0,0.11703125,0.0,0,"[[22,17,22,27],[60,15,20,29],[96,15,18,29],[142,15,18,29],[176,15,19,29],[211,14,19,28]]"
train_001711_blur_XSE527,scoring__blocking_gap_ratio__s4__plus,blur,XSE527,XSE527,1.0,1.0,06e0e8e2c04e3d746bbdfef597b4abd64e72902fb3cbe3f7dd3f5bf342fa14a5,33c28ef1beb9fb4890674936e81abbbb63fcb9a5dcf72e4ba7d656847328526f,594.4764008745551,0.4635462537407875,6,6,0.0,0.11703125,0.0,0,"[[22,17,22,27],[60,15,20,29],[96,15,18,29],[142,15,18,29],[176,15,19,29],[211,14,19,28]]"
train_001711_blur_XSE527,scoring__rho_max__s1__minus,blur,XSE527,XSE527,1.0,1.0,fe6d72b70429166e4d95cc0b2a5bc182400696aa4a5c16e2414f51eebb0fbba5,e60fe7e2c90177205102cac6abfccc3aa5d18b6134dec85691344de1a74f8fb3,672.5884713232517,0.4577953368425369,6,6,0.0,0.11703125,0.0,0,"[[22,17,22,27],[60,15,20,29],[96,15,18,29],[142,15,18,29],[176,15,19,29],[211,14,19,28]]"
train_001711_blur_XSE527,scoring__rho_max__s1__plus,blur,XSE527,XSE527,1.0,1.0,ab1ba2357c77d23e2650f3c656b11ffab2f198b4e563bc5c908b295d95d35786,6bd8883480ec46624c012f813c05e6b05654e3af2cc02b03ab01263602b0136d,559.5535151660442,0.45870617032051086,6,6,0.0,0.11703125,0.0,0,"[[22,17,22,27],[60,15,20,29],[96,15,18,29],[142,15,18,29],[176,15,19,29],[211,14,19,28]]"
train_001711_blur_XSE527,scoring__rho_max__s2__minus,blur,XSE527,XSE527,1.0,1.0,b7ec0982e7bcba079253179c93418e263c1b209b9e4b7941cd72cd09d7f535ca,10523a81df857a14d3f66ed21bdbb4d18c3888f7960d046e00872b8378ea73f1,593.8410386443138,0.45635178685188293,6,6,0.0,0.11703125,0.0,0,"[[22,17,22,27],[60,15,20,29],[96,15,18,29],[142,15,18,29],[176,15,19,29],[211,14,19,28]]"
train_001711_blur_XSE527,scoring__rho_max__s2__plus,blur,XSE527,XSE527,1.0,1.0,0c12b261fc29a9b297b8278f849a776960e6ddfbe2fdd0797578d471e38f1598,278070a4eab625c5b8754f19c1961d3b01f523ae3193d03c369249bc9a29e2aa,590.2073066681623,0.46014878898859024,6,6,0.0,0.11703125,0.0,0,"[[22,17,22,27],[60,15,20,29],[96,15,18,29],[142,15,18,29],[176,15,19,29],[211,14,19,28]]"
train_001711_blur_XSE527,scoring__rho_max__s4__minus,blur,XSE527,XSE527,1.0,1.0,5c03fae17f64304d6a8576036b92f1d7f68935e3119ae1cd1170eee6bbb07f14,ce64c77dc7270b734513844c9c1d8295716352238f435e876abec4fa90f5b82c,643.5831543058157,0.5217157304286957,6,6,0.0,0.11703125,0.0,0,"[[22,17,22,27],[60,15,20,29],[96,15,18,29],[142,15,18,29],[176,15,19,29],[211,14,19,28]]"
train_001711_blur_XSE527,scoring__rho_max__s4__plus,blur,XSE527,XSE527,1.0,1.0,5014f37a1cde2dd81e24ef1c4931be204aa0985bbad676b2907cb8ca5fbfbcb6,87b880627892ffcf55ebf91196d6140b56527512e76f28cc2a3e10f2145f0455,602.1153079345822,0.4481254145503044,6,6,0.0,0.11703125,0.0,0,"[[22,17,22,27],[60,15,20,29],[96,15,18,29],[142,15,18,29],[176,15,19,29],[211,14,19,28]]"
train_001711_blur_XSE527,scoring__w_overlap__s1__minus,blur,XSE527,XSE527,1.0,1.0,70a6b067abc987a289ce0691c1c4a93c16b6ea8aef034ee187c385e5c9d940d6,40462d76507a899b0ff277299c97c87962c8dc338c36c9b24270bc16e2f563ed,600.104684010148,0.45898742973804474,6,6,0.0,0.11703125,0.0,0,"[[22,17,22,27],[60,15,20,29],[96,15,18,29],[142,15,18,29],[176,15,19,29],[211,14,19,28]]"
train_001711_blur_XSE527,scoring__w_overlap__s1__plus,blur,XSE527,XSE527,1.0,1.0,2bb7609cd39eacc296b7ca9bccdbfae3a4973641aa0f5eec61116ed5a384275b,9a875e4eaa309758279bfbcd8bc928b9cc66ead23a742b34e47740a41ed8bb2a,656.437392346561,0.4846053197979927,6,6,0.0,0.11703125,0.0,0,"[[22,17,22,27],[60,15,20,29],[96,15,18,29],[142,15,18,29],[176,15,19,29],[211,14,19,28]]"
train_001711_blur_XSE527,scoring__w_overlap__s2__minus,blur,XSE527,XSE527,1.0,1.0,4406bfda78f86b34094c2734317fd4ac35a4a721a3a13c5d275f63392edf4903,4784f94ae4bf56f4fba6e265f8a960b61437277113bc6b1ba1cc05e2e5755aee,695.1845083385706,0.7199402898550034,6,6,0.0,0.11703125,0.0,0,"[[22,17,22,27],[60,15,20,29],[96,15,18,29],[142,15,18,29],[176,15,19,29],[211,14,19,28]]"
train_001711_blur_XSE527,scoring__w_overlap__s2__plus,blur,XSE527,XSE527,1.0,1.0,32c811d8d1972837f03f50e2da9a66d5434f951e727c2a69eb16a054d12575ed,3912ffd1b13b0befe2227c7b9182e5be3aecc3786f49fc2dc40217a4aae362ba,580.8437000960112,0.45975856482982635,6,6,0.0,0.11703125,0.0,0,"[[22,17,22,27],[60,15,20,29],[96,15,18,29],[142,15,18,29],[176,15,19,29],[211,14,19,28]]"
train_001711_blur_XSE527,scoring__w_overlap__s4__minus,blur,XSE527,XSE527,1.0,1.0,f519219f5c383e02e764cc61ba6c479012077cf8024bd5d6322e34f21c53f65d,b4ed17215e31655f6b0423765382c2991a3f4a63a43460412f37536a8edede19,670.4302569851279,0.4612104967236519,6,6,0.0,0.11703125,0.0,0,"[[22,17,22,27],[60,15,20,29],[96,15,18,29],[142,15,18,29],[176,15,19,29],[211,14,19,28]]"
train_001711_blur_XSE527,scoring__w_overlap__s4__plus,blur,XSE527,XSE527,1.0,1.0,d9e39d4ca41f969f4daacdac1144d97e72201f995f0b8fb1258f022df7914caa,2e09a4af0c1427377a16f48b981bd40f428b46342369b7c165c406f49ae6c2ae,661.3279543817043,0.45380741357803345,6,6,0.0,0.11703125,0.0,0,"[[22,17,22,27],[60,15,20,29],[96,15,18,29],[142,15,18,29],[176,15,19,29],[211,14,19,28]]"
train_001711_blur_XSE527,scoring__w_prior__s1__minus,blur,XSE527,XSE527,1.0,1.0,bc8de8ddecc722266af82130ba19fb4e50eb8d9ef9c17de3f29e06b3c2636d94,ec0729794a83fe32b619f501e9bf4d8b48342864cc152a7903e93cba42af4b22,649.0690466016531,0.4124380648136139,6,6,0.0,0.11703125,0.0,0,"[[22,17,22,27],[60,15,20,29],[96,15,18,29],[142,15,18,29],[176,15,19,29],[211,14,19,28]]"
train_001711_blur_XSE527,scoring__w_prior__s1__plus,blur,XSE527,XSE527,1.0,1.0,8e0fab4bd172369edea7f184b26fb56f626a503bfd036a9ea1a2324a8df16966,69167c41ea29ba2b64645b9fc46e0379a2664585e1983b904d455232fcc647d1,627.2812690585852,0.44552143663167953,6,6,0.0,0.11703125,0.0,0,"[[22,17,22,27],[60,15,20,29],[96,15,18,29],[142,15,18,29],[176,15,19,29],[211,14,19,28]]"
train_001711_blur_XSE527,scoring__w_prior__s2__minus,blur,XSE527,XSE527,1.0,1.0,0fcf73960220fd90bae35290d6eb990c0f293da85061eb2c27e5b71e3267dfd7,22f45d6a8a84e0a3c5cd23ab578a429d29a1f05a1455259dd208a2e487e7d06a,633.112108334899,0.4637250676751137,6,6,0.0,0.11703125,0.0,0,"[[22,17,22,27],[60,15,20,29],[96,15,18,29],[142,15,18,29],[176,15,19,29],[211,14,19,28]]"
train_001711_blur_XSE527,scoring__w_prior__s2__plus,blur,XSE527,XSE527,1.0,1.0,cf0bf4ffc04452b4694767f0af33d22170b5a378ea7b5b92ee3dfb47de626b4d,fe40de8150a97645ca300422b1496ecb8695a9d8894c0ae43c644334c670293a,615.1954708620906,0.4677334800362587,6,6,0.0,0.11703125,0.0,0,"[[22,17,22,27],[60,15,20,29],[96,15,18,29],[142,15,18,29],[176,15,19,29],[211,14,19,28]]"
train_001711_blur_XSE527,scoring__w_prior__s4__minus,blur,XSE527,XSE527,1.0,1.0,405f5243725a34ff97542bc61158449d6bc3deafa105a6b48a9db4ba30e1bdcc,b73fba2f8c87edbe7109c16ee7761163812cb15781704e4335e9948e15029930,552.7150463312864,0.454828143119812,6,6,0.0,0.11703125,0.0,0,"[[22,17,22,27],[60,15,20,29],[96,15,18,29],[142,15,18,29],[176,15,19,29],[211,14,19,28]]"
train_001711_blur_XSE527,scoring__w_prior__s4__plus,blur,XSE527,XSE527,1.0,1.0,c3b19423184166ea6b10af709b904cfa05238a179399638210de60e02598b0cc,ce21c38bb39e10d72736ee38976c4e50ca6a7eb4a1411b58aeca1082b3562548,661.9073431938887,0.4635462537407875,6,6,0.0,0.11703125,0.0,0,"[[22,17,22,27],[60,15,20,29],[96,15,18,29],[142,15,18,29],[176,15,19,29],[211,14,19,28]]"
train_002518_compression_LPQ548,cut__max_column_sum_quantile__s1__minus,compression,LPQ548,LP548,0.8333333333333334,0.0,2cfeb9c5e2535be955568ce7699ca7d6268f0993c8449b2289292710f89c73ae,f5752855986433883e401609accbd5c152fd05c3e6ed6cc8e1ac8e4cf879588c,639.6084139123559,0.4502199590206146,6,6,0.0,0.10020833333333333,0.0,0,"[[22,17,17,27],[55,19,20,27],[90,18,25,32],[143,19,18,27],[176,18,21,27],[212,18,19,27]]"
train_002518_compression_LPQ548,cut__max_column_sum_quantile__s1__plus,compression,LPQ548,LP548,0.8333333333333334,0.0,e8083f1ee5cc7012df5465ac0b45ad22ccdfd47c2f38c4d424c90ae980ccbf80,fbb1c12a54b3097eb894524321803e72dc60003941502933129229e4768c2d88,670.2584587037563,0.4454907029867172,6,6,0.0,0.10020833333333333,0.0,0,"[[22,17,17,27],[55,19,20,27],[90,18,25,32],[143,19,18,27],[176,18,21,27],[212,18,19,27]]"
train_002518_compression_LPQ548,cut__max_column_sum_quantile__s2__minus,compression,LPQ548,LP548,0.8333333333333334,0.0,6b04602728775aeb7393af72ad11a78bd9f38d1dfaff3b35593466820005ac6e,a967e6b4d51b6b843fe0278a6caa2e87e9b7d4e2fd80c7b1d205bdbf5313b2ce,645.5226326361299,0.455549918115139,6,6,0.0,0.10020833333333333,0.0,0,"[[22,17,17,27],[55,19,20,27],[90,18,25,32],[143,19,18,27],[176,18,21,27],[212,18,19,27]]"
train_002518_compression_LPQ548,cut__max_column_sum_quantile__s2__plus,compression,LPQ548,LP548,0.8333333333333334,0.0,f1e43e3b1ca589f219a02787a917088f988454d9da7e1590405f537844df1bd1,804b3c1a056a31d52319264df84ec1a74def97f41f9e89a609198696d9ac31bd,622.28246871382,0.47091860324144363,6,6,0.0,0.10020833333333333,0.0,0,"[[22,17,17,27],[55,19,20,27],[90,18,25,32],[143,19,18,27],[176,18,21,27],[212,18,19,27]]"
train_002518_compression_LPQ548,cut__max_column_sum_quantile__s4__minus,compression,LPQ548,LP548,0.8333333333333334,0.0,984157d1cc0b9f72d295807b41bdc34349de775f503f9f54bd197c60577d36cb,cbb782c0f7555fa947383f79d4e69ff18473ebbbf21e1a756c965a275c886f2f,652.2175967693329,0.47495774924755096,6,6,0.0,0.10020833333333333,0.0,0,"[[22,17,17,27],[55,19,20,27],[90,18,25,32],[143,19,18,27],[176,18,21,27],[212,18,19,27]]"
train_002518_compression_LPQ548,cut__max_column_sum_quantile__s4__plus,compression,LPQ548,LP548,0.8333333333333334,0.0,03bee003d181f260fae7753b3607a3edd617a9312ca301b414bfd8c08202957d,c7cf572c1de0c368cf56370bf5f9ccf0a19d6accd2fdfaba490b430228800bac,669.7379657998681,0.4612905904650688,6,6,0.0,0.10020833333333333,0.0,0,"[[22,17,17,27],[55,19,20,27],[90,18,25,32],[143,19,18,27],[176,18,21,27],[212,18,19,27]]"
train_002518_compression_LPQ548,cut__min_rel_width_for_split__s1__minus,compression,LPQ548,LP548,0.8333333333333334,0.0,fc9899252448962ec8c2cbdc3ab38d71d140e6d11035ac442f77b1eec95c38ae,71abf59c59ce704336760606a1d0f80caf1d8eb9306cb4c568a7af4ff34a3b7d,627.7440534904599,0.4719812422990799,6,6,0.0,0.10020833333333333,0.0,0,"[[22,17,17,27],[55,19,20,27],[90,18,25,32],[143,19,18,27],[176,18,21,27],[212,18,19,27]]"
train_002518_compression_LPQ548,cut__min_rel_width_for_split__s1__plus,compression,LPQ548,LP548,0.8333333333333334,0.0,45ce81444e4451afdea72c4e84acd0e215d645cbf56c2d86dae8741359477fb4,6fa09d1e90c95c9fef9efc4149872fd5f6e1a55a5c086715a49edac5c2fdac06,624.3711970746517,0.5976380780339241,6,6,0.0,0.10020833333333333,0.0,0,"[[22,17,17,27],[55,19,20,27],[90,18,25,32],[143,19,18,27],[176,18,21,27],[212,18,19,27]]"
train_002518_compression_LPQ548,cut__min_rel_width_for_split__s2__minus,compression,LPQ548,LP548,0.8333333333333334,0.0,1539be1924b40b731f6cef80fe59a99998f39c20b8d6bcc35554c4d996630bff,91f4ce74506dd0fe84a9898264d1d1cc535f7b2f84545d5520aff8ab88c41c7c,686.6967296227813,0.4530753940343857,6,6,0.0,0.10020833333333333,0.0,0,"[[22,17,17,27],[55,19,20,27],[90,18,25,32],[143,19,18,27],[176,18,21,27],[212,18,19,27]]"
train_002518_compression_LPQ548,cut__min_rel_width_for_split__s2__plus,compression,LPQ548,LP548,0.8333333333333334,0.0,7c92c017518d6855d44f758c9fbb90aea969407b610bb31e33d749c8a3f55e11,a4be73e0e827f47f2098b04b47adabc3a03681903446902fd374ec3e6c752ee0,690.6547741964459,0.46679098159074783,6,6,0.0,0.10020833333333333,0.0,0,"[[22,17,17,27],[55,19,20,27],[90,18,25,32],[143,19,18,27],[176,18,21,27],[212,18,19,27]]"
train_002518_compression_LPQ548,cut__min_rel_width_for_split__s4__minus,compression,LPQ548,LP548,0.8333333333333334,0.0,cb3eac7b45f2cd410dc1ef536fb28695bb7fec867acdc7aa5dceffe97e9fbfcd,51b1b4a92c3e9fa8577d28c04845b6fd77fbf8b9047a867f44ae33e8c53bc834,768.1241687387228,10.529637336730957,6,6,0.0,0.10020833333333333,0.0,0,"[[22,17,17,27],[55,19,20,27],[90,18,25,32],[143,19,18,27],[176,18,21,27],[212,18,19,27]]"
train_002518_compression_LPQ548,cut__min_rel_width_for_split__s4__plus,compression,LPQ548,LP548,0.8333333333333334,0.0,85b4f92d46a5d86692c6f113e349590daaa00bc0b0aa6e6b6a891ce2b9b7dce1,6063bf0b072c67306236b812cf60ce988a7a528b1477daad5c46a36c6986eb29,643.6896473169327,0.43896958231925964,6,6,0.0,0.10020833333333333,0.0,0,"[[22,17,17,27],[55,19,20,27],[90,18,25,32],[143,19,18,27],[176,18,21,27],[212,18,19,27]]"
train_002518_compression_LPQ548,reference,compression,LPQ548,LP548,0.8333333333333334,0.0,36c4f28bee3d359230c5d98d077297b373d2e8d70af64c43d53e4e548810746d,778618b774bd1b150b5994fb20805117fdd6a14fd70d61da5a8dcd16d9324b0b,586.328286677599,0.41003432124853134,6,6,0.0,0.10020833333333333,0.0,0,"[[22,17,17,27],[55,19,20,27],[90,18,25,32],[143,19,18,27],[176,18,21,27],[212,18,19,27]]"
train_002518_compression_LPQ548,scoring__blocking_gap_ratio__s1__minus,compression,LPQ548,LP548,0.8333333333333334,0.0,ec1653240e32692bdc76055a537eb13936d156e387312c5106b1553201999f9a,dc735a3f4f95744a13338edfc7584f3835e15e7adf5a670df0b47114f1891539,683.1710962578654,0.4551894962787628,6,6,0.0,0.10020833333333333,0.0,0,"[[22,17,17,27],[55,19,20,27],[90,18,25,32],[143,19,18,27],[176,18,21,27],[212,18,19,27]]"
train_002518_compression_LPQ548,scoring__blocking_gap_ratio__s1__plus,compression,LPQ548,LP548,0.8333333333333334,0.0,bfd1502538a9d8fac68cdde2f491785a21ab64bb4bec8996af3f2e87ce364728,3415dddc84247602f0b5d3edad8569c3ec8aa2ed36526838baf4e7792feaf2a0,669.3916637450457,0.46203192323446274,6,6,0.0,0.10020833333333333,0.0,0,"[[22,17,17,27],[55,19,20,27],[90,18,25,32],[143,19,18,27],[176,18,21,27],[212,18,19,27]]"
train_002518_compression_LPQ548,scoring__blocking_gap_ratio__s2__minus,compression,LPQ548,LP548,0.8333333333333334,0.0,52d55c26b7bf8f124dad3b2344c52ab411195cbffba496525d0935cf033e3a0a,024637cdeb7ea59287a1f6db619241697c2e1c1652ccc602e63c4fdd97e48682,724.7581649571657,0.44782552868127823,6,6,0.0,0.10020833333333333,0.0,0,"[[22,17,17,27],[55,19,20,27],[90,18,25,32],[143,19,18,27],[176,18,21,27],[212,18,19,27]]"
train_002518_compression_LPQ548,scoring__blocking_gap_ratio__s2__plus,compression,LPQ548,LP548,0.8333333333333334,0.0,caba087f6d7aa2524fa5e5fbd17b10e58692974c09ed3dd4897f2bed6da13706,d819abfe62948d6c7bd8c1cb6dda3608dbc33e6c03d2c4736562126935932bb7,632.8828232362866,0.45679230242967606,6,6,0.0,0.10020833333333333,0.0,0,"[[22,17,17,27],[55,19,20,27],[90,18,25,32],[143,19,18,27],[176,18,21,27],[212,18,19,27]]"
train_002518_compression_LPQ548,scoring__blocking_gap_ratio__s4__minus,compression,LPQ548,LP548,0.8333333333333334,0.0,20e6850df93a66e9613d988252795acef5c12974c34c6e425584257b89645755,47cb76b51039604f68922159f78d5168d1d7b40c2ffc62c33fb5bd72f746d6c2,740.0768157094717,0.4510721191763878,6,6,0.0,0.10020833333333333,0.0,0,"[[22,17,17,27],[55,19,20,27],[90,18,25,32],[143,19,18,27],[176,18,21,27],[212,18,19,27]]"
train_002518_compression_LPQ548,scoring__blocking_gap_ratio__s4__plus,compression,LPQ548,LP548,0.8333333333333334,0.0,2f9323cfeec9eebb34bd0090890de195fa31d50d1f089e041ec005159127d679,91d19852ebf9f408f93b0f50cbeef09dbb74edf2dd83c5ee52f6050fbd071c62,657.7695989981294,0.4113968461751938,6,6,0.0,0.10020833333333333,0.0,0,"[[22,17,17,27],[55,19,20,27],[90,18,25,32],[143,19,18,27],[176,18,21,27],[212,18,19,27]]"
train_002518_compression_LPQ548,scoring__rho_max__s1__minus,compression,LPQ548,LP548,0.8333333333333334,0.0,ded872c78f8f3e5a52532a4ad8f426c2fbe56f2d4137b1e3fd999d00e2754a12,1297c5d41e45af70affc931e93c47b3d1e0b1374857964241078dee8cf76e13b,707.6056385412812,0.4467237740755081,6,6,0.0,0.10020833333333333,0.0,0,"[[22,17,17,27],[55,19,20,27],[90,18,25,32],[143,19,18,27],[176,18,21,27],[212,18,19,27]]"
train_002518_compression_LPQ548,scoring__rho_max__s1__plus,compression,LPQ548,LP548,0.8333333333333334,0.0,698816b48d6efe2a64d0b183ecf19bbd5eb49bb57465f7de17f31cbc8317ca1e,94dd16e13b716366dc53748fee2ddbdb5ef975759b307e2ebabbe00dde5f206c,635.2872969582677,0.42247772216796875,6,6,0.0,0.10020833333333333,0.0,0,"[[22,17,17,27],[55,19,20,27],[90,18,25,32],[143,19,18,27],[176,18,21,27],[212,18,19,27]]"
train_002518_compression_LPQ548,scoring__rho_max__s2__minus,compression,LPQ548,LP548,0.8333333333333334,0.0,bc514bd0bfc247b5aa6b17b8e46c3683bf9ede9a5df5202107ed4b6b362ef646,c5181357746e5d62593a6c941e4610fbbb26676552426c4988190f9e024dd1e9,679.6592324972153,0.4655690863728523,6,6,0.0,0.10020833333333333,0.0,0,"[[22,17,17,27],[55,19,20,27],[90,18,25,32],[143,19,18,27],[176,18,21,27],[212,18,19,27]]"
train_002518_compression_LPQ548,scoring__rho_max__s2__plus,compression,LPQ548,LP548,0.8333333333333334,0.0,69eead388492057ddf69111a8241f0512674f658721d82c059ed77bb3c4cd9a9,0d5c1578730502ba9e204169abb803eb7cd885228fba2105eab161d66df075c1,645.7725642248988,0.4630051553249359,6,6,0.0,0.10020833333333333,0.0,0,"[[22,17,17,27],[55,19,20,27],[90,18,25,32],[143,19,18,27],[176,18,21,27],[212,18,19,27]]"
train_002518_compression_LPQ548,scoring__rho_max__s4__minus,compression,LPQ548,LP548,0.8333333333333334,0.0,10dd9bb14e4b81d58b8e990b3d02995e75be5ecd37ec595b83805aebbe55725d,ba4be60565b6931daf47817607840d8f9b4af2cc20e5fc76928d45ba8283a522,684.2415854334831,0.4902351647615433,6,6,0.0,0.10020833333333333,0.0,0,"[[22,17,17,27],[55,19,20,27],[90,18,25,32],[143,19,18,27],[176,18,21,27],[212,18,19,27]]"
train_002518_compression_LPQ548,scoring__rho_max__s4__plus,compression,LPQ548,LP548,0.8333333333333334,0.0,18403db5f76cb4834de70524bcd289668f5627b286b1078043985e1291ab1521,2575f98d34e5e00eace685f3314c6499aa04a96800dfef509924c43d1578b6e4,674.9103488400578,0.45031122863292694,6,6,0.0,0.10020833333333333,0.0,0,"[[22,17,17,27],[55,19,20,27],[90,18,25,32],[143,19,18,27],[176,18,21,27],[212,18,19,27]]"
train_002518_compression_LPQ548,scoring__w_overlap__s1__minus,compression,LPQ548,LP548,0.8333333333333334,0.0,51eb069f360af2184603392092fdb765d46d2bbd93299c60864d397326238aa9,6396620a850675c364855625ca4fdc01c2763c9ac7d1568e64cb517c0492878a,658.3745153620839,0.4657795652747154,6,6,0.0,0.10020833333333333,0.0,0,"[[22,17,17,27],[55,19,20,27],[90,18,25,32],[143,19,18,27],[176,18,21,27],[212,18,19,27]]"
train_002518_compression_LPQ548,scoring__w_overlap__s1__plus,compression,LPQ548,LP548,0.8333333333333334,0.0,dcb426cb6849f0314d9742b89118f6c2d47cc4761b28ef3698f945e8146be4c9,735a7aecf2fc33eaf983c413b343db7a6d6ce56faf7c6b37df6c9254b0a9c51a,615.6196724623442,0.44505950063467026,6,6,0.0,0.10020833333333333,0.0,0,"[[22,17,17,27],[55,19,20,27],[90,18,25,32],[143,19,18,27],[176,18,21,27],[212,18,19,27]]"
train_002518_compression_LPQ548,scoring__w_overlap__s2__minus,compression,LPQ548,LP548,0.8333333333333334,0.0,6137e80cf500ce49c04ae3b331a6ed45c95b888458254272a1d86d22e39b5a12,cfb6dab2d46ab1ec0ed64db7be2c31e6481b12aa5aeb8742c7368aaf5ab7e727,655.1553793251514,0.4452308639883995,6,6,0.0,0.10020833333333333,0.0,0,"[[22,17,17,27],[55,19,20,27],[90,18,25,32],[143,19,18,27],[176,18,21,27],[212,18,19,27]]"
train_002518_compression_LPQ548,scoring__w_overlap__s2__plus,compression,LPQ548,LP548,0.8333333333333334,0.0,2c53418a7a44c50ba7469c52a32df583fff84db453f2d1eb4c1a469b666bad66,017dd554b060567e1553b0a75dbe74bfbd287d573229be3bbf55e915eaddc845,710.6425054371357,0.48542674630880356,6,6,0.0,0.10020833333333333,0.0,0,"[[22,17,17,27],[55,19,20,27],[90,18,25,32],[143,19,18,27],[176,18,21,27],[212,18,19,27]]"
train_002518_compression_LPQ548,scoring__w_overlap__s4__minus,compression,LPQ548,LP548,0.8333333333333334,0.0,da3298749c1ff3584dc8a57e029a09ebda844407f7d62710117fbb36dd96d00d,60b72d071f39ac01d357e488b1daad0c6c8b06a078196b052ef28792be684b07,696.6544361785054,0.4528649151325226,6,6,0.0,0.10020833333333333,0.0,0,"[[22,17,17,27],[55,19,20,27],[90,18,25,32],[143,19,18,27],[176,18,21,27],[212,18,19,27]]"
train_002518_compression_LPQ548,scoring__w_overlap__s4__plus,compression,LPQ548,LP548,0.8333333333333334,0.0,fb859efb2b02c27005f0c7c527f76c5a281751349c357b4c5112ec037892ab93,3e96ea6632be29fb9939758f69eb3c6f83fed8bf3f93d52204c0cb0731c721ab,644.3158779293299,0.45673269778490067,6,6,0.0,0.10020833333333333,0.0,0,"[[22,17,17,27],[55,19,20,27],[90,18,25,32],[143,19,18,27],[176,18,21,27],[212,18,19,27]]"
train_002518_compression_LPQ548,scoring__w_prior__s1__minus,compression,LPQ548,LP548,0.8333333333333334,0.0,58bae7886bb9f9908807ef6c46d12b789e33c7a2ec08576ca5a53eb3a5976c11,cdebaf82b6abedf0626eee1efc59b56915a928e941517b0acf0933cc2a9a794c,661.7093430832028,0.4547787830233574,6,6,0.0,0.10020833333333333,0.0,0,"[[22,17,17,27],[55,19,20,27],[90,18,25,32],[143,19,18,27],[176,18,21,27],[212,18,19,27]]"
train_002518_compression_LPQ548,scoring__w_prior__s1__plus,compression,LPQ548,LP548,0.8333333333333334,0.0,d8a78ebb0af8541e63252114560766fe815640d7a62069ac0cf004b6aabf4e17,667634f28cf9364421aba43fdf042621805e387c173558eb484e18a1a0de93ae,644.9439572170377,0.44829677790403366,6,6,0.0,0.10020833333333333,0.0,0,"[[22,17,17,27],[55,19,20,27],[90,18,25,32],[143,19,18,27],[176,18,21,27],[212,18,19,27]]"
train_002518_compression_LPQ548,scoring__w_prior__s2__minus,compression,LPQ548,LP548,0.8333333333333334,0.0,4a0f3648f5074802ee47c6a8ceb8d56735e00619fed5b787c6bb9f8f43c52cb6,22052c25250bb3064bf3ea884475b49bffea2a2cbd4e26ab4d804d6bc7529ec9,685.6366507709026,0.5608191713690758,6,6,0.0,0.10020833333333333,0.0,0,"[[22,17,17,27],[55,19,20,27],[90,18,25,32],[143,19,18,27],[176,18,21,27],[212,18,19,27]]"
train_002518_compression_LPQ548,scoring__w_prior__s2__plus,compression,LPQ548,LP548,0.8333333333333334,0.0,300f109b9805c7a3e72399e01d79fdd7345f78f0cc9c1e523698aed6e1031999,bf00221dca8f188a9ccf123f8425de2737b6de510a8d22918450ed3c00c5ff51,624.9165758490562,0.5629034712910652,6,6,0.0,0.10020833333333333,0.0,0,"[[22,17,17,27],[55,19,20,27],[90,18,25,32],[143,19,18,27],[176,18,21,27],[212,18,19,27]]"
train_002518_compression_LPQ548,scoring__w_prior__s4__minus,compression,LPQ548,LP548,0.8333333333333334,0.0,5169f8783dbeb3f49a29eab98d377295c000584dc77dfc22fe5dabce12453169,3e801a1511084700845d47e8ac63cfd0ee84da9843c06a8233e6b71923bfdbc1,658.6773293092847,0.46921614557504654,6,6,0.0,0.10020833333333333,0.0,0,"[[22,17,17,27],[55,19,20,27],[90,18,25,32],[143,19,18,27],[176,18,21,27],[212,18,19,27]]"
train_002518_compression_LPQ548,scoring__w_prior__s4__plus,compression,LPQ548,LP548,0.8333333333333334,0.0,0fdf980efbd7bda96462d098cb61b9f9a0e8643f1b3966057cba6ae3c2f83068,4ef29efb084272fba1eb542ccae989850f7af2a52f9a778ea7a8b550ccd37876,687.275318428874,0.45748334378004074,6,6,0.0,0.10020833333333333,0.0,0,"[[22,17,17,27],[55,19,20,27],[90,18,25,32],[143,19,18,27],[176,18,21,27],[212,18,19,27]]"
train_002687_threshold_AWO123,cut__max_column_sum_quantile__s1__minus,threshold,AWO123,AW123,0.8333333333333334,0.0,c774e36237b0edc56eea1aaa0d9eaae7ee08c78c0a9989ff8b1009ab8bc09d53,21941253c3b34edbde32e8e644b9ff3275c0b53aee76dbf6d40264e8b6840849,581.4659539610147,13.651332817971706,6,6,0.0,0.099375,0.0,0,"[[17,21,22,26],[53,22,32,26],[100,21,23,26],[150,22,16,26],[181,20,17,26],[214,21,17,26]]"
train_002687_threshold_AWO123,cut__max_column_sum_quantile__s1__plus,threshold,AWO123,AW123,0.8333333333333334,0.0,7199dda008ab5a64c99203461bd828de48ed50178f668bd99d8ef3b02e14f02d,0f7b25105acfb88a28d65933a6992850aa209d8d70b1708fe164cfb4cf203d9b,593.0340308696032,15.105626545846462,6,6,0.0,0.099375,0.0,0,"[[17,21,22,26],[53,22,32,26],[100,21,23,26],[150,22,16,26],[181,20,17,26],[214,21,17,26]]"
train_002687_threshold_AWO123,cut__max_column_sum_quantile__s2__minus,threshold,AWO123,AW123,0.8333333333333334,0.0,7565458a9f86154344245d1f52159404d524d4ccc12edf1324a8860f216f10a0,dd4ae7dce2c578f4b1cb3c74778dcffdaabd8d9fa355f221af689c88aa7fb5dd,664.5368076860905,11.523736640810966,6,6,0.0,0.099375,0.0,0,"[[17,21,22,26],[53,22,32,26],[100,21,23,26],[150,22,16,26],[181,20,17,26],[214,21,17,26]]"
train_002687_threshold_AWO123,cut__max_column_sum_quantile__s2__plus,threshold,AWO123,AW123,0.8333333333333334,0.0,091da851ead83bcbcb350cc8c71c08af75a850ea89340fe940a47fd781cf66e2,e746be87aff648a720219607b079c7a88286511c8bf3ff8dd38a86c02c2c0e7b,747.9400103911757,15.221627429127693,6,6,0.0,0.099375,0.0,0,"[[17,21,22,26],[53,22,32,26],[100,21,23,26],[150,22,16,26],[181,20,17,26],[214,21,17,26]]"
train_002687_threshold_AWO123,cut__max_column_sum_quantile__s4__minus,threshold,AWO123,AW123,0.8333333333333334,0.0,ecdaa82e9400f1e24fccc62d0f90a3fcebc0a97876e7d8cfbf3f8601d66049ab,bfdbac70a0fa5a8217240458349eac81824beeeaf3a066c0a27422ade54b46ef,611.664991825819,7.160107605159283,6,6,0.0,0.099375,0.0,0,"[[17,21,22,26],[53,22,32,26],[100,21,23,26],[150,22,16,26],[181,20,17,26],[214,21,17,26]]"
train_002687_threshold_AWO123,cut__max_column_sum_quantile__s4__plus,threshold,AWO123,AW123,0.8333333333333334,0.0,5a9e2b2409f886ca4867ce8b9b3b0f54128b76e5cb0d81e238b5d0c77de08815,dd65a9bf666dd497de90fbc141e82ff8ddbcac45a17b8d8e842d8f95638825f8,591.8900761753321,15.418218448758125,6,6,0.0,0.099375,0.0,0,"[[17,21,22,26],[53,22,32,26],[100,21,23,26],[150,22,16,26],[181,20,17,26],[214,21,17,26]]"
train_002687_threshold_AWO123,cut__min_rel_width_for_split__s1__minus,threshold,AWO123,AW123,0.8333333333333334,0.0,fb7a3731c3a55f414c24868a06b2bc490705599897a486a5abadda929c82664d,2faf873a48125441793304391a402935e67629c3ebb020d2c5ba66f041cac8cd,722.0600377768278,15.000738203525543,6,6,0.0,0.099375,0.0,0,"[[17,21,22,26],[53,22,32,26],[100,21,23,26],[150,22,16,26],[181,20,17,26],[214,21,17,26]]"
train_002687_threshold_AWO123,cut__min_rel_width_for_split__s1__plus,threshold,AWO123,AW123,0.8333333333333334,0.0,26ace2e1f67122d6ec3c6dbc520de820003f08f5811a9358ddfe5dab5095f779,f388d38d45c9782df73008f72bf9568517d4ed9af8ecc4ec78c4b8097a1e0c41,643.2498712092638,0.4561403766274452,6,6,0.0,0.099375,0.0,0,"[[17,21,22,26],[53,22,32,26],[100,21,23,26],[150,22,16,26],[181,20,17,26],[214,21,17,26]]"
train_002687_threshold_AWO123,cut__min_rel_width_for_split__s2__minus,threshold,AWO123,AW123,0.8333333333333334,0.0,4186d2470271ab3b246fda331e853daa79d4f651ce4b7e5e226a441effbcef03,9881227a3c5b9ef0024cb79fad89d39c04e0c0f7e2a3abf0a8ddf77a3ef79d94,654.8701329156756,15.355869196355343,6,6,0.0,0.099375,0.0,0,"[[17,21,22,26],[53,22,32,26],[100,21,23,26],[150,22,16,26],[181,20,17,26],[214,21,17,26]]"
train_002687_threshold_AWO123,cut__min_rel_width_for_split__s2__plus,threshold,AWO123,AW123,0.8333333333333334,0.0,c6fc7db53a9b04c89315ba81f8be20cf795c4efc696fcc1b66cffbaf62093c79,9a8ae27ce18c696d85c53f82a80ede618aaf33de6028ec38c6f06fe7453ba709,638.6347459629178,0.4355022683739662,6,6,0.0,0.099375,0.0,0,"[[17,21,22,26],[53,22,32,26],[100,21,23,26],[150,22,16,26],[181,20,17,26],[214,21,17,26]]"
train_002687_threshold_AWO123,cut__min_rel_width_for_split__s4__minus,threshold,AWO123,AW123,0.8333333333333334,0.0,f8fa9ba17ca74ad16df9811eac57c3a5dc66b3f31dca85bd5ae34a9c0e89ed94,04366b8cf5557bf2cee5f00f3c0448b447e942095310c6be6521a97a9322cafc,724.3993086740375,56.05090595781803,6,6,0.0,0.099375,0.0,0,"[[17,21,22,26],[53,22,32,26],[100,21,23,26],[150,22,16,26],[181,20,17,26],[214,21,17,26]]"
train_002687_threshold_AWO123,cut__min_rel_width_for_split__s4__plus,threshold,AWO123,AW123,0.8333333333333334,0.0,794db6ca2115113a81beb58c23daa6aec4b1842016634dcc7ebc961f94b5e42b,cc842468cd9f84fc93f7c7b066015a4ce038d191f46cd8cc5dc498a216f5fa36,676.4983609318733,0.4539676010608673,6,6,0.0,0.099375,0.0,0,"[[17,21,22,26],[53,22,32,26],[100,21,23,26],[150,22,16,26],[181,20,17,26],[214,21,17,26]]"
train_002687_threshold_AWO123,reference,threshold,AWO123,AW123,0.8333333333333334,0.0,5ec733c0d8f5aace172833384af79ed1d78eb40d50d3c9c1643cd4f552616441,3a396a706a0e3b36de3a05770238c2a4b32556824c04230b4c82fea1de607636,555.2862035110593,15.585832297801971,6,6,0.0,0.099375,0.0,0,"[[17,21,22,26],[53,22,32,26],[100,21,23,26],[150,22,16,26],[181,20,17,26],[214,21,17,26]]"
train_002687_threshold_AWO123,reference_repeat,threshold,AWO123,AW123,0.8333333333333334,0.0,273c2787f48b55734ff411ee633666ca13f8dc3386bf1d8baf823d44f8201a03,3a396a706a0e3b36de3a05770238c2a4b32556824c04230b4c82fea1de607636,597.943470813334,15.973063185811043,6,6,0.0,0.099375,0.0,0,"[[17,21,22,26],[53,22,32,26],[100,21,23,26],[150,22,16,26],[181,20,17,26],[214,21,17,26]]"
train_002687_threshold_AWO123,scoring__blocking_gap_ratio__s1__minus,threshold,AWO123,AW123,0.8333333333333334,0.0,998bca4ca5a92d1a5d4cfec022426e995345f305cbb4a914194708b615b013a3,1999449cd8133f8772cdf589a192ca1d87e9e071fe7549a4772c80d61772951e,750.2037985250354,15.135589987039566,6,6,0.0,0.099375,0.0,0,"[[17,21,22,26],[53,22,32,26],[100,21,23,26],[150,22,16,26],[181,20,17,26],[214,21,17,26]]"
train_002687_threshold_AWO123,scoring__blocking_gap_ratio__s1__plus,threshold,AWO123,AW123,0.8333333333333334,0.0,29ef592333a5356356a13689aa20a27c94a9d3443e4bd140256ec61717523ef9,bc0ce47dce7597da3c1fd4e339cca9cf3f52a56d8509c59c79d85e05b5796d40,577.1519746631384,15.598694793879986,6,6,0.0,0.099375,0.0,0,"[[17,21,22,26],[53,22,32,26],[100,21,23,26],[150,22,16,26],[181,20,17,26],[214,21,17,26]]"
train_002687_threshold_AWO123,scoring__blocking_gap_ratio__s2__minus,threshold,AWO123,AW123,0.8333333333333334,0.0,3129ec8c9e3c48828f3bebb10cafb9e51cbc9cdd0419405aa6d16ea14e001830,5a2548a54684aa60b0a12fc2ba9160fc3d66c9225a9e58b6bbe396cdebee4d79,659.8364366218448,15.263481996953487,6,6,0.0,0.099375,0.0,0,"[[17,21,22,26],[53,22,32,26],[100,21,23,26],[150,22,16,26],[181,20,17,26],[214,21,17,26]]"
train_002687_threshold_AWO123,scoring__blocking_gap_ratio__s2__plus,threshold,AWO123,AW123,0.8333333333333334,0.0,ccd4cedded0b9cefbe5a622767d3c8b2be4cae8425553124a4264abc6f53fd2a,ec9401c7adfe35687495fd250d23b38ec102dba6b6c70afe545727942a4d6410,638.6452037841082,17.785455100238323,6,6,0.0,0.099375,0.0,0,"[[17,21,22,26],[53,22,32,26],[100,21,23,26],[150,22,16,26],[181,20,17,26],[214,21,17,26]]"
train_002687_threshold_AWO123,scoring__blocking_gap_ratio__s4__minus,threshold,AWO123,AW123,0.8333333333333334,0.0,89dc6c4929950788b2a8b221b812262897b5d3d6d9f034e32931f3876fb1c2c4,f4a884379031fec9ec6f1616cea6ae7452e0276aff42e11e74304318d356204b,687.3228745535016,15.12805838137865,6,6,0.0,0.099375,0.0,0,"[[17,21,22,26],[53,22,32,26],[100,21,23,26],[150,22,16,26],[181,20,17,26],[214,21,17,26]]"
train_002687_threshold_AWO123,scoring__blocking_gap_ratio__s4__plus,threshold,AWO123,AW123,0.8333333333333334,0.0,60838b1cb37570d46b1f21e09e6c8935d1bd15afd857559dbddcd4fe5437c243,2192fb25b066693c1335b6d59c5135bda9042cf75c52b63d52ee0b73eb74e4ac,578.2402073964477,15.394801273941994,6,6,0.0,0.099375,0.0,0,"[[17,21,22,26],[53,22,32,26],[100,21,23,26],[150,22,16,26],[181,20,17,26],[214,21,17,26]]"
train_002687_threshold_AWO123,scoring__rho_max__s1__minus,threshold,AWO123,AW123,0.8333333333333334,0.0,d14f03680e52eb19552c8402d53cda2a311f2d3a7135d240a99ba3b223b33ebf,76c88b4929593c591479b67b3c85357f87247a355d6d4756a3960ea93b0863b9,705.2475120872259,17.03587733209133,6,6,0.0,0.099375,0.0,0,"[[17,21,22,26],[53,22,32,26],[100,21,23,26],[150,22,16,26],[181,20,17,26],[214,21,17,26]]"
train_002687_threshold_AWO123,scoring__rho_max__s1__plus,threshold,AWO123,AW123,0.8333333333333334,0.0,c507f2996cc4280f21cddf2a9b015ea14a6533e7f20247513f90ad1398be2647,7979683ac89a92c83ef1f5b447fdd4733e535f4af9c3aa3ae280a345cc7ff5c1,666.3176976144314,18.858639523386955,6,6,0.0,0.099375,0.0,0,"[[17,21,22,26],[53,22,32,26],[100,21,23,26],[150,22,16,26],[181,20,17,26],[214,21,17,26]]"
train_002687_threshold_AWO123,scoring__rho_max__s2__minus,threshold,AWO123,AW123,0.8333333333333334,0.0,ea459b13db41e508f2a0b7f71afebf2e04631c75f94b823a73ba243021de64b2,7ac27a47cd4018b3d014fbb8cc5b22cb20d1b539b3f37058812d5bf9e22a9db7,663.56429643929,15.626016072928905,6,6,0.0,0.099375,0.0,0,"[[17,21,22,26],[53,22,32,26],[100,21,23,26],[150,22,16,26],[181,20,17,26],[214,21,17,26]]"
train_002687_threshold_AWO123,scoring__rho_max__s2__plus,threshold,AWO123,AW123,0.8333333333333334,0.0,6f602805a991497c5aa36b97f0f5e27d34545f4bce63f8443b0015fcbe9406da,3a93180779c3bf859b4856fe4c75a6fe736c4e2bd09100669f7f74706b9045d6,565.3314888477325,15.53027518093586,6,6,0.0,0.099375,0.0,0,"[[17,21,22,26],[53,22,32,26],[100,21,23,26],[150,22,16,26],[181,20,17,26],[214,21,17,26]]"
train_002687_threshold_AWO123,scoring__rho_max__s4__minus,threshold,AWO123,AW123,0.8333333333333334,0.0,cc3f4606e204a71e51bd43535e9c838dd42e3ddf14ab2bf23f482e9a48964aae,dc1eb00601d71ca511ad0b7ce61544afd82634eac9e66e51b0a3761906966f21,614.7728962823749,15.412623062729836,6,6,0.0,0.099375,0.0,0,"[[17,21,22,26],[53,22,32,26],[100,21,23,26],[150,22,16,26],[181,20,17,26],[214,21,17,26]]"
train_002687_threshold_AWO123,scoring__rho_max__s4__plus,threshold,AWO123,AW123,0.8333333333333334,0.0,5f32c19b4f0e019d08320f855eec31048f24e6ee3e36c72fb25d54a76cd49474,e3f18182c74b1496d464ff110b5db62a94e45d1683343d89de0c11cc05791950,622.5785538554192,15.323324128985405,6,6,0.0,0.099375,0.0,0,"[[17,21,22,26],[53,22,32,26],[100,21,23,26],[150,22,16,26],[181,20,17,26],[214,21,17,26]]"
train_002687_threshold_AWO123,scoring__w_overlap__s1__minus,threshold,AWO123,AW123,0.8333333333333334,0.0,b4eaa64a06f1937926ea48a6a392b2073f943ee4b233ffeaed4c1d1de6eb5a27,e82139919a1039943488c42911281cc6243af9081aa51a1c49b5bd2836955d69,614.722684957087,28.568667359650135,6,6,0.0,0.099375,0.0,0,"[[17,21,22,26],[53,22,32,26],[100,21,23,26],[150,22,16,26],[181,20,17,26],[214,21,17,26]]"
train_002687_threshold_AWO123,scoring__w_overlap__s1__plus,threshold,AWO123,AW123,0.8333333333333334,0.0,eac31b5964599728e253e86e88566a8251490f40697f6951bf6bcfc928384906,44d3ef896842e3591072da13501d7d4b56d5dc0488fa230629d70061147fe4a1,830.5929126217961,15.744536183774471,6,6,0.0,0.099375,0.0,0,"[[17,21,22,26],[53,22,32,26],[100,21,23,26],[150,22,16,26],[181,20,17,26],[214,21,17,26]]"
train_002687_threshold_AWO123,scoring__w_overlap__s2__minus,threshold,AWO123,AW123,0.8333333333333334,0.0,a67374bd7c3c09a4a86c34f447deae3eeb772fd37c2ee6456b319c917fa46b95,22b7971462853a1b014103855f26f0bd7bb84f099d63fdbe5edcdc634c337ee6,695.3525813296437,13.354133814573288,6,6,0.0,0.099375,0.0,0,"[[17,21,22,26],[53,22,32,26],[100,21,23,26],[150,22,16,26],[181,20,17,26],[214,21,17,26]]"
train_002687_threshold_AWO123,scoring__w_overlap__s2__plus,threshold,AWO123,AW123,0.8333333333333334,0.0,ea81a75789f613a626bddcdf0cfca6e784aaefb6fcd2f2d75832514205a81d7b,274f5f2070dfa9a00bbd14b802b5f46052a6d15bd4e3746664ddef6204bee294,659.429888240993,15.441805124282837,6,6,0.0,0.099375,0.0,0,"[[17,21,22,26],[53,22,32,26],[100,21,23,26],[150,22,16,26],[181,20,17,26],[214,21,17,26]]"
train_002687_threshold_AWO123,scoring__w_overlap__s4__minus,threshold,AWO123,AW123,0.8333333333333334,0.0,cfb8ef25b5a9d9c3a05ce4b550616751987d5ce4f3cef12e2bf0eff1e7734c72,f0502176d0b1368772020a161b36ba749f5eaf334232ac1316f6fad5daadc3ee,640.5470287427306,15.274710021913052,6,6,0.0,0.099375,0.0,0,"[[17,21,22,26],[53,22,32,26],[100,21,23,26],[150,22,16,26],[181,20,17,26],[214,21,17,26]]"
train_002687_threshold_AWO123,scoring__w_overlap__s4__plus,threshold,AWO123,AW123,0.8333333333333334,0.0,9c516799fbceffafd29363e9ec431d744cad7e6e0a27ca58a527e4671a53547d,75494f2af8346701f5c243550e5767bb9918c6bae281ef3795e2fc88a16ba19e,644.9834844097495,16.358827240765095,6,6,0.0,0.099375,0.0,0,"[[17,21,22,26],[53,22,32,26],[100,21,23,26],[150,22,16,26],[181,20,17,26],[214,21,17,26]]"
train_002687_threshold_AWO123,scoring__w_prior__s1__minus,threshold,AWO123,AW123,0.8333333333333334,0.0,0f19ce5afeafad289ab554d4bae336ebda87a716604d186e49599466162ffba9,e9dc159a8ce779adb5db230913205c69058e415b48ed1c293f787b8223404a5a,733.8220346719027,15.1616670191288,6,6,0.0,0.099375,0.0,0,"[[17,21,22,26],[53,22,32,26],[100,21,23,26],[150,22,16,26],[181,20,17,26],[214,21,17,26]]"
train_002687_threshold_AWO123,scoring__w_prior__s1__plus,threshold,AWO123,AW123,0.8333333333333334,0.0,bcb172cce522fb0812b1cf60fcc82c575b813eebe2ac27d199571817d9e0a0b3,c81116223ce9a0c065cc5d64653b3b2037583652fa03f07ad9cc83195b0a19f3,627.3016324266791,15.28833620250225,6,6,0.0,0.099375,0.0,0,"[[17,21,22,26],[53,22,32,26],[100,21,23,26],[150,22,16,26],[181,20,17,26],[214,21,17,26]]"
train_002687_threshold_AWO123,scoring__w_prior__s2__minus,threshold,AWO123,AW123,0.8333333333333334,0.0,5aab90ac47cc1fe97700d7d8c1e77d16212602ea1097e624738859242f53c715,16f4667047c4e49e8442d5a07e3ac2bfff7f3b58802b6cda58cb47e93c682a87,607.8372215852141,29.333265498280525,6,6,0.0,0.099375,0.0,0,"[[17,21,22,26],[53,22,32,26],[100,21,23,26],[150,22,16,26],[181,20,17,26],[214,21,17,26]]"
train_002687_threshold_AWO123,scoring__w_prior__s2__plus,threshold,AWO123,AW123,0.8333333333333334,0.0,a064c84896c1d5cf264efaabb852c00f546040f4ede7f20b70fa82bcb85bcda9,2341be264b1bf0ffd232037c6fb6273c90208af852e625aa2d30c44a2843f2b6,573.6474255099893,15.203496441245079,6,6,0.0,0.099375,0.0,0,"[[17,21,22,26],[53,22,32,26],[100,21,23,26],[150,22,16,26],[181,20,17,26],[214,21,17,26]]"
train_002687_threshold_AWO123,scoring__w_prior__s4__minus,threshold,AWO123,AW123,0.8333333333333334,0.0,28ee73081c9b41dcbd0dfbedabef603c18a7b9739168d32f7c8a25176c7799ad,d67aca38cbf62c205b1e107ae49c58032ce62acd62db832f75b7dce75dcfa886,635.4331560432911,15.596238896250725,6,6,0.0,0.099375,0.0,0,"[[17,21,22,26],[53,22,32,26],[100,21,23,26],[150,22,16,26],[181,20,17,26],[214,21,17,26]]"
train_002687_threshold_AWO123,scoring__w_prior__s4__plus,threshold,AWO123,AW123,0.8333333333333334,0.0,875bf01e89e51b7ec67e485b976829261b6321dea5a8ac93f6470ae1619d8126,f948a68104d913b4b03cd68f123b5aa39e472b302d7a84daad969b819b7634f7,611.946982331574,15.070104971528053,6,6,0.0,0.099375,0.0,0,"[[17,21,22,26],[53,22,32,26],[100,21,23,26],[150,22,16,26],[181,20,17,26],[214,21,17,26]]"
train_002877_perspective_CAK656,cut__max_column_sum_quantile__s1__minus,perspective,CAK656,CA4656,0.8333333333333334,0.0,91ae26d9c6c73126af940c4a3fdfd4fea3cd52aef7dcfd6b0b2596e53dc955e7,dffd4df8605cdf23b1eab94e3ebf5de40f053792c856eafc43e6ec0aafd005f6,600.3145417198539,0.3535766154527664,6,6,0.0,0.11942708333333334,0.0,0,"[[23,22,21,29],[54,23,25,28],[91,22,23,29],[134,22,21,30],[168,21,20,30],[202,21,22,30]]"
train_002877_perspective_CAK656,cut__max_column_sum_quantile__s1__plus,perspective,CAK656,CA4656,0.8333333333333334,0.0,b4fc2da55c37f303f9eaa554d8375531090510cd607bbd1ad89915b15c3458c4,dabc89f294cc1aa90f0a268d07d263a6cb67af05473ba147a5a00a8e78575cc8,706.3897736370564,0.4732022061944008,6,6,0.0,0.11942708333333334,0.0,0,"[[23,22,21,29],[54,23,25,28],[91,22,23,29],[134,22,21,30],[168,21,20,30],[202,21,22,30]]"
train_002877_perspective_CAK656,cut__max_column_sum_quantile__s2__minus,perspective,CAK656,CA4656,0.8333333333333334,0.0,8c95a764dd9699ad61314a912a9eda56ccdfac7982991272cdbf2c2401371fe5,ad8e8293276fbdc2f401547db147fdada13c034a0c68624a99181fce7efe16a1,648.6719101667404,0.3556814044713974,6,6,0.0,0.11942708333333334,0.0,0,"[[23,22,21,29],[54,23,25,28],[91,22,23,29],[134,22,21,30],[168,21,20,30],[202,21,22,30]]"
train_002877_perspective_CAK656,cut__max_column_sum_quantile__s2__plus,perspective,CAK656,CA4656,0.8333333333333334,0.0,7f2d0b3f7d99965c717d8210890671c475ae4dbd7aa3abef039bb215a5f239a3,a4008e76d598eeb2c362480860e37c5f19dbe85c6c02eb9dd876c7ce42615829,597.524106502533,0.40904153138399124,6,6,0.0,0.11942708333333334,0.0,0,"[[23,22,21,29],[54,23,25,28],[91,22,23,29],[134,22,21,30],[168,21,20,30],[202,21,22,30]]"
train_002877_perspective_CAK656,cut__max_column_sum_quantile__s4__minus,perspective,CAK656,CA4656,0.8333333333333334,0.0,1290da6d7252a44e404d14ce3945606aade801b71a4b74b2351d4388f8d437a3,78e2023f61cf0c4420341374e9c5fc1466d4efdd7d12cf529bb4d7db37e9571b,639.9501878768206,0.49306079745292664,6,6,0.0,0.11942708333333334,0.0,0,"[[23,22,21,29],[54,23,25,28],[91,22,23,29],[134,22,21,30],[168,21,20,30],[202,21,22,30]]"
train_002877_perspective_CAK656,cut__max_column_sum_quantile__s4__plus,perspective,CAK656,CA4656,0.8333333333333334,0.0,d29461aad9d6bd204a72957a6e6828bc838106fb8636a15f779222ace7043281,e46e1bf5dfa13bd3c35418e7ab15b2bcbafdfd78a8c61c8d0c4af6aad8e642b8,663.6351048946381,0.4437379539012909,6,6,0.0,0.11942708333333334,0.0,0,"[[23,22,21,29],[54,23,25,28],[91,22,23,29],[134,22,21,30],[168,21,20,30],[202,21,22,30]]"
train_002877_perspective_CAK656,cut__min_rel_width_for_split__s1__minus,perspective,CAK656,CA4656,0.8333333333333334,0.0,6cb0feb0c2fe5190fef87af1484740d666423d356e32598fbbf902e9065fb158,de2f5da287b12869f70230a9ee5977a6c22ae16340beea5de12cdbdf3d616794,657.6520847156644,0.4475656896829605,6,6,0.0,0.11942708333333334,0.0,0,"[[23,22,21,29],[54,23,25,28],[91,22,23,29],[134,22,21,30],[168,21,20,30],[202,21,22,30]]"
train_002877_perspective_CAK656,cut__min_rel_width_for_split__s1__plus,perspective,CAK656,CA4656,0.8333333333333334,0.0,6ff15fe0ce41b8dc8f16ffa374ead5cfb1da40a030f7520408e158efac32544e,f2a55578175a0e94c641bfe3426ed438084e1789cbf06b11ee45485f1685b573,561.0784459859133,0.44190511107444763,6,6,0.0,0.11942708333333334,0.0,0,"[[23,22,21,29],[54,23,25,28],[91,22,23,29],[134,22,21,30],[168,21,20,30],[202,21,22,30]]"
train_002877_perspective_CAK656,cut__min_rel_width_for_split__s2__minus,perspective,CAK656,CA4656,0.8333333333333334,0.0,b0b19271e4e0959e2250a120a33cbcdd5c850c4240acfc886ef0146f803fcf42,910e73415112a9feb61ddca657f6df2c8887ce1d210f9a148848d69ec5394162,672.6929424330592,0.44647324830293655,6,6,0.0,0.11942708333333334,0.0,0,"[[23,22,21,29],[54,23,25,28],[91,22,23,29],[134,22,21,30],[168,21,20,30],[202,21,22,30]]"
train_002877_perspective_CAK656,cut__min_rel_width_for_split__s2__plus,perspective,CAK656,CA4656,0.8333333333333334,0.0,3c3884c5169675c7194c7b2917ba1911fbaee687aed6d4d85177b7feadfbf954,bf3afe05f36dd986476ef86fb3eee78b45f0dc520b4858f68bf32c8b8feb5132,608.8733337819576,0.4607187584042549,6,6,0.0,0.11942708333333334,0.0,0,"[[23,22,21,29],[54,23,25,28],[91,22,23,29],[134,22,21,30],[168,21,20,30],[202,21,22,30]]"
train_002877_perspective_CAK656,cut__min_rel_width_for_split__s4__minus,perspective,CAK656,CA4656,0.8333333333333334,0.0,9c787eb6aa4d05ada7562e616a9df54c89c01146ce815d857c3933e38deb22e3,1d52374f8df05daa123f90db825e3b800f660b1b1ba3f51de37b598c2ffaa2f3,618.312026374042,0.3906264901161194,6,6,0.0,0.11942708333333334,0.0,0,"[[23,22,21,29],[54,23,25,28],[91,22,23,29],[134,22,21,30],[168,21,20,30],[202,21,22,30]]"
train_002877_perspective_CAK656,cut__min_rel_width_for_split__s4__plus,perspective,CAK656,CA4656,0.8333333333333334,0.0,97019fdb88ab2aa6ba1b979ded0a95fa5a857750e6c82f664d4d380a98c8e0a2,e2877fa80337d5d8d62d782b3f309687270c08cf2138032c33633ef31a5bdfaa,567.8021619096398,0.4641963168978691,6,6,0.0,0.11942708333333334,0.0,0,"[[23,22,21,29],[54,23,25,28],[91,22,23,29],[134,22,21,30],[168,21,20,30],[202,21,22,30]]"
train_002877_perspective_CAK656,reference,perspective,CAK656,CA4656,0.8333333333333334,0.0,42b1cdef03aa4b27a95a4da9ba32deb98279e6025b8b33f3b17d2c9edd88b6be,d5c9e8440c1173d063150570430584024ac20da4466773e11928bf46b753c1ae,623.1104154139757,0.4524942487478256,6,6,0.0,0.11942708333333334,0.0,0,"[[23,22,21,29],[54,23,25,28],[91,22,23,29],[134,22,21,30],[168,21,20,30],[202,21,22,30]]"
train_002877_perspective_CAK656,scoring__blocking_gap_ratio__s1__minus,perspective,CAK656,CA4656,0.8333333333333334,0.0,059806e00d31b8c3fea4023d6281b0816e537b6b3ac8dde4f93d907f5d34b58b,d1021926befb510425c9318c156f94497c4927c8f473db68b2ff8c582dd4b437,669.318076223135,0.45804399996995926,6,6,0.0,0.11942708333333334,0.0,0,"[[23,22,21,29],[54,23,25,28],[91,22,23,29],[134,22,21,30],[168,21,20,30],[202,21,22,30]]"
train_002877_perspective_CAK656,scoring__blocking_gap_ratio__s1__plus,perspective,CAK656,CA4656,0.8333333333333334,0.0,df24cd5c89fbad0bb343430210656df33af9e1df3c3a71f4faa218c68acd329d,0fb7089ba632f8582730df094ce5c973b59e2ec5c304fa22a06473652fee2e74,668.3227494359016,0.44767558574676514,6,6,0.0,0.11942708333333334,0.0,0,"[[23,22,21,29],[54,23,25,28],[91,22,23,29],[134,22,21,30],[168,21,20,30],[202,21,22,30]]"
train_002877_perspective_CAK656,scoring__blocking_gap_ratio__s2__minus,perspective,CAK656,CA4656,0.8333333333333334,0.0,3b66e61d446b40be850d170fa7a163de9cee673d17b354f16161771973ed0bfc,179454736e10d124b2ad11858f693551a37db9bc609bae4c3e539f1024e9d1f2,723.870319314301,0.4553403705358505,6,6,0.0,0.11942708333333334,0.0,0,"[[23,22,21,29],[54,23,25,28],[91,22,23,29],[134,22,21,30],[168,21,20,30],[202,21,22,30]]"
train_002877_perspective_CAK656,scoring__blocking_gap_ratio__s2__plus,perspective,CAK656,CA4656,0.8333333333333334,0.0,1309c4898088ae4c9b334d7f306d42bd6f811da1997eb5cbb3c024eece16e4d4,7d3c84a09aa8faaec66900ee960d78cdbe861d7ec106c616da772d6c33bbbb3b,670.5230344086885,0.44369790703058243,6,6,0.0,0.11942708333333334,0.0,0,"[[23,22,21,29],[54,23,25,28],[91,22,23,29],[134,22,21,30],[168,21,20,30],[202,21,22,30]]"
train_002877_perspective_CAK656,scoring__blocking_gap_ratio__s4__minus,perspective,CAK656,CA4656,0.8333333333333334,0.0,8bf6b39a5c3a2d88b2d2ec84e1ab502f926fbc6b36c2f8b7c4172a37b51d08d5,047e7bf5e9010a21396e120184f1b5337a095f480b8e2bcb8fd962c2ec3b356e,679.5628629624844,0.45858602970838547,6,6,0.0,0.11942708333333334,0.0,0,"[[23,22,21,29],[54,23,25,28],[91,22,23,29],[134,22,21,30],[168,21,20,30],[202,21,22,30]]"
train_002877_perspective_CAK656,scoring__blocking_gap_ratio__s4__plus,perspective,CAK656,CA4656,0.8333333333333334,0.0,2fae28310eaffaa6cb02874bf2201ebf9f628601972ed78b9294d6b3a937b228,c033bea56b12f694bfbd0d767c725ab2a1ce05f27312f2d1590ddc4bb10ebbcb,637.4674811959267,0.4594074562191963,6,6,0.0,0.11942708333333334,0.0,0,"[[23,22,21,29],[54,23,25,28],[91,22,23,29],[134,22,21,30],[168,21,20,30],[202,21,22,30]]"
train_002877_perspective_CAK656,scoring__rho_max__s1__minus,perspective,CAK656,CA4656,0.8333333333333334,0.0,cae92ffd02eb1702352f52fdc00baa47db85c755426b7451f2e90501b3a51fdb,d6dca311facf8734b5ddd5378833988901fdb00eb4b36a6f2aee6311645ed4e4,686.4162907004356,0.38487743586301804,6,6,0.0,0.11942708333333334,0.0,0,"[[23,22,21,29],[54,23,25,28],[91,22,23,29],[134,22,21,30],[168,21,20,30],[202,21,22,30]]"
train_002877_perspective_CAK656,scoring__rho_max__s1__plus,perspective,CAK656,CA4656,0.8333333333333334,0.0,975ada8cbed41228a60798f14578112aed26b95dd33d2f9350d314f5f956e70c,c9fe96191b7158574b06352c06a99b49f3f0f2db2fea5e5cfcc319c39d14c079,632.7691646292806,0.46251434832811356,6,6,0.0,0.11942708333333334,0.0,0,"[[23,22,21,29],[54,23,25,28],[91,22,23,29],[134,22,21,30],[168,21,20,30],[202,21,22,30]]"
train_002877_perspective_CAK656,scoring__rho_max__s2__minus,perspective,CAK656,CA4656,0.8333333333333334,0.0,cfb5a445f2b65cade0f07193496aca05c9ef7ab791387c945c88badccdfb7870,8f565b5f0a02ab1950f6c6873e44c67a3fb7116ec462cb809d42ca6b961a324b,592.3358546569943,0.3842059522867203,6,6,0.0,0.11942708333333334,0.0,0,"[[23,22,21,29],[54,23,25,28],[91,22,23,29],[134,22,21,30],[168,21,20,30],[202,21,22,30]]"
train_002877_perspective_CAK656,scoring__rho_max__s2__plus,perspective,CAK656,CA4656,0.8333333333333334,0.0,b933ad7df0f31715845aa016a2d2a8e892f33907b17f06ea78921805b7875892,05061dfbb33c08f16f99b461663b8079acc9e8479f0eea627dff21d6e7691d09,573.1050772592425,0.3543095663189888,6,6,0.0,0.11942708333333334,0.0,0,"[[23,22,21,29],[54,23,25,28],[91,22,23,29],[134,22,21,30],[168,21,20,30],[202,21,22,30]]"
train_002877_perspective_CAK656,scoring__rho_max__s4__minus,perspective,CAK656,CA4656,0.8333333333333334,0.0,e215884b8f2833d41541908d5f1487c77f0919c7f543e5e391263989ccc17ea1,9bc28c0ace5e090fe3f02bcd08dd310e68b801868ebcf36d2e53ff56e855958a,625.8148308843374,0.4696473479270935,6,6,0.0,0.11942708333333334,0.0,0,"[[23,22,21,29],[54,23,25,28],[91,22,23,29],[134,22,21,30],[168,21,20,30],[202,21,22,30]]"
train_002877_perspective_CAK656,scoring__rho_max__s4__plus,perspective,CAK656,CA4656,0.8333333333333334,0.0,976362caf0477f0546c739b154964381d5a411692b3f86c621106a3247306aa1,32686f07a8eb7fc1bc24fd5360725a9229af69fd08ab873cf8b5be370f7521ce,577.1287959069014,0.4662899300456047,6,6,0.0,0.11942708333333334,0.0,0,"[[23,22,21,29],[54,23,25,28],[91,22,23,29],[134,22,21,30],[168,21,20,30],[202,21,22,30]]"
train_002877_perspective_CAK656,scoring__w_overlap__s1__minus,perspective,CAK656,CA4656,0.8333333333333334,0.0,7e19959c1b367d6652a96b3c25deb750f9717d1300e0f02dd8cfecf660e1c06d,449b84c4ec2cedc306c553b028053d7d9ae2784b4cd293f777f1644627a7c7af,550.4674557596445,0.45759417116642,6,6,0.0,0.11942708333333334,0.0,0,"[[23,22,21,29],[54,23,25,28],[91,22,23,29],[134,22,21,30],[168,21,20,30],[202,21,22,30]]"
train_002877_perspective_CAK656,scoring__w_overlap__s1__plus,perspective,CAK656,CA4656,0.8333333333333334,0.0,508eb44cbf96d6f1ad021b5ed249996cfc744256282ae12e2a6b42a8d8f78085,2d9adbf0dd728ca19e02e5f77f40a686f5c0026ef68285dc84ed49b6769fb167,569.7621637955308,0.36046095192432404,6,6,0.0,0.11942708333333334,0.0,0,"[[23,22,21,29],[54,23,25,28],[91,22,23,29],[134,22,21,30],[168,21,20,30],[202,21,22,30]]"
train_002877_perspective_CAK656,scoring__w_overlap__s2__minus,perspective,CAK656,CA4656,0.8333333333333334,0.0,bba4df0a7c3a89e17e0c1fe3506bc565b410a280a2ae9fad1aed3a5d8590a38b,b85e876ab0d20c26eceb7a542595a50e398ec982f820fe970f9c4b3df4daa2ff,631.8037137389183,0.4840940237045288,6,6,0.0,0.11942708333333334,0.0,0,"[[23,22,21,29],[54,23,25,28],[91,22,23,29],[134,22,21,30],[168,21,20,30],[202,21,22,30]]"
train_002877_perspective_CAK656,scoring__w_overlap__s2__plus,perspective,CAK656,CA4656,0.8333333333333334,0.0,6d769cf1351f06a21352ffe6641abb9c3559be09f264b9cc7154a4dfbad4fd12,0ca2771d31671f29e5dbd608d148290b0b9896b7d828d0d196b155fec77bf7cd,622.6240238174796,0.4650084301829338,6,6,0.0,0.11942708333333334,0.0,0,"[[23,22,21,29],[54,23,25,28],[91,22,23,29],[134,22,21,30],[168,21,20,30],[202,21,22,30]]"
train_002877_perspective_CAK656,scoring__w_overlap__s4__minus,perspective,CAK656,CA4656,0.8333333333333334,0.0,7240126a6dadb4c00254ad23acdcbb47a6a87499de1490c26264d8b5364ceb12,ec93094aeadd56f246e8fc1776579de48d63082124cf66b3b8932cd15a4ba647,548.5256481915712,0.3812601789832115,6,6,0.0,0.11942708333333334,0.0,0,"[[23,22,21,29],[54,23,25,28],[91,22,23,29],[134,22,21,30],[168,21,20,30],[202,21,22,30]]"
train_002877_perspective_CAK656,scoring__w_overlap__s4__plus,perspective,CAK656,CA4656,0.8333333333333334,0.0,62d17a2e126d0554189af46bff84ed6ab4ab6979dddcb8ab1604892752259a0f,e8cbdff0393fd6d5d141d075fcad79f942f7103aced8f58c146985a5cbf6c009,717.408262193203,0.4808874800801277,6,6,0.0,0.11942708333333334,0.0,0,"[[23,22,21,29],[54,23,25,28],[91,22,23,29],[134,22,21,30],[168,21,20,30],[202,21,22,30]]"
train_002877_perspective_CAK656,scoring__w_prior__s1__minus,perspective,CAK656,CA4656,0.8333333333333334,0.0,4caf59ac6f0fda6b83c3a840e198c0456461ae4dae1784c860108282b2202947,bc42bec39b41e617ca4349445d751299d3c5ef53d195da26d4b445bef4d15668,585.5439892038703,0.45078061521053314,6,6,0.0,0.11942708333333334,0.0,0,"[[23,22,21,29],[54,23,25,28],[91,22,23,29],[134,22,21,30],[168,21,20,30],[202,21,22,30]]"
train_002877_perspective_CAK656,scoring__w_prior__s1__plus,perspective,CAK656,CA4656,0.8333333333333334,0.0,1538f160c5251ec2e2f61f98248f979e540bdcfcfa6eaaeb9b1e2086006852de,95fabcf3375bd1e1d93a347f33c4db5e2dd2a1483446850f63f6c5ecb88cae10,658.8761433959007,0.45093148946762085,6,6,0.0,0.11942708333333334,0.0,0,"[[23,22,21,29],[54,23,25,28],[91,22,23,29],[134,22,21,30],[168,21,20,30],[202,21,22,30]]"
train_002877_perspective_CAK656,scoring__w_prior__s2__minus,perspective,CAK656,CA4656,0.8333333333333334,0.0,1212ce585b60489afe9339d0f164cec76b7e6beadf341045e998574f99b840eb,75644133710c771ae73616e077c6c3c0e759ce8caf395df6dab4bab54a8fb9e7,592.8468527272344,0.4560714587569237,6,6,0.0,0.11942708333333334,0.0,0,"[[23,22,21,29],[54,23,25,28],[91,22,23,29],[134,22,21,30],[168,21,20,30],[202,21,22,30]]"
train_002877_perspective_CAK656,scoring__w_prior__s2__plus,perspective,CAK656,CA4656,0.8333333333333334,0.0,22caf61a52240bbed7eafd5569278fac30675eb51ae93b71952a4c5ec260bacc,ad193171a96822442c8666fbc0f61fc252e65c311e7a4e787489339e2029f1b8,677.005766890943,0.4555005580186844,6,6,0.0,0.11942708333333334,0.0,0,"[[23,22,21,29],[54,23,25,28],[91,22,23,29],[134,22,21,30],[168,21,20,30],[202,21,22,30]]"
train_002877_perspective_CAK656,scoring__w_prior__s4__minus,perspective,CAK656,CA4656,0.8333333333333334,0.0,5ccb8245c1ff84f2e3966c80740b0eb6ad9046de4f4ca289535944d2d3736fa2,c6be5808a27d05ca8357cfc43668793a8addb004d640816f3452eeda081d9eba,554.5905837789178,0.5273260176181793,6,6,0.0,0.11942708333333334,0.0,0,"[[23,22,21,29],[54,23,25,28],[91,22,23,29],[134,22,21,30],[168,21,20,30],[202,21,22,30]]"
train_002877_perspective_CAK656,scoring__w_prior__s4__plus,perspective,CAK656,CA4656,0.8333333333333334,0.0,375aaf0b3ae3e1999f10180fd4d567572ce746c6a761ef92e066a1f68a9e869e,5fe95b0c535e87947ec437d87feabae1ca331b06eb8b4a098197649227c03d66,580.7035798206925,0.44380780309438705,6,6,0.0,0.11942708333333334,0.0,0,"[[23,22,21,29],[54,23,25,28],[91,22,23,29],[134,22,21,30],[168,21,20,30],[202,21,22,30]]"
train_003098_glare_AJR743,cut__max_column_sum_quantile__s1__minus,glare,AJR743,AJR743,1.0,1.0,6ea88312a2761576f07b0b3bb7cfd87d86b3025ee8337cadf8822fe7605f9ed7,8ddcd9b5d21410e4157150e2d553196e727df7eb9e1177f4966c86127d704899,722.8176994249225,0.45051053166389465,6,6,0.0,0.11442708333333333,0.0,0,"[[18,19,27,30],[55,18,12,38],[89,19,22,30],[137,20,20,30],[173,19,22,30],[210,19,21,32]]"
train_003098_glare_AJR743,cut__max_column_sum_quantile__s1__plus,glare,AJR743,AJR743,1.0,1.0,8dc50e2bf2f8457b02ab9fc81c4e5ba58842660e53573d4b2dc99f15c08a406b,560960e92873538b2a55699a292f3fc73ede9a28f0cc190c89c57858ee011e3d,690.5003106221557,0.4535652697086334,6,6,0.0,0.11442708333333333,0.0,0,"[[18,19,27,30],[55,18,12,38],[89,19,22,30],[137,20,20,30],[173,19,22,30],[210,19,21,32]]"
train_003098_glare_AJR743,cut__max_column_sum_quantile__s2__minus,glare,AJR743,AJR743,1.0,1.0,a371989527926d9175f7857cac535298705ec4ea4e92616acec0c71e1d3b368c,01e95b2db29d67d6d213300e5e5db8cb19b0357aed48da782e748c69c71a937d,607.2034435346723,0.4831124097108841,6,6,0.0,0.11442708333333333,0.0,0,"[[18,19,27,30],[55,18,12,38],[89,19,22,30],[137,20,20,30],[173,19,22,30],[210,19,21,32]]"
train_003098_glare_AJR743,cut__max_column_sum_quantile__s2__plus,glare,AJR743,AJR743,1.0,1.0,475b2dcc904af3d9166144e0700292555df75e97226f9849392dc9d065b0f6bf,0487410bd6fbe6129632db126776ad167de823f4eee455ebd2e38414516cc2a4,596.8585163354874,0.44138357043266296,6,6,0.0,0.11442708333333333,0.0,0,"[[18,19,27,30],[55,18,12,38],[89,19,22,30],[137,20,20,30],[173,19,22,30],[210,19,21,32]]"
train_003098_glare_AJR743,cut__max_column_sum_quantile__s4__minus,glare,AJR743,AJR743,1.0,1.0,32e70a4dbadd05562f8acfd969659f3f0f0e09587617b5296bb03a417044aa65,33371059821b801226568457a41c206cf2ccd9bdab717165fffa4e735ff5fa65,590.2538262307644,0.47208089381456375,6,6,0.0,0.11442708333333333,0.0,0,"[[18,19,27,30],[55,18,12,38],[89,19,22,30],[137,20,20,30],[173,19,22,30],[210,19,21,32]]"
train_003098_glare_AJR743,cut__max_column_sum_quantile__s4__plus,glare,AJR743,AJR743,1.0,1.0,263ed91a816588b845faf947c1490497b739c6bab1e715a03d9d6554f29227b6,d1453cf540752e8c2df27c3162cb3a4e09a85a968e583d7ae333d01025e5b372,587.2593531385064,0.460808165371418,6,6,0.0,0.11442708333333333,0.0,0,"[[18,19,27,30],[55,18,12,38],[89,19,22,30],[137,20,20,30],[173,19,22,30],[210,19,21,32]]"
train_003098_glare_AJR743,cut__min_rel_width_for_split__s1__minus,glare,AJR743,AJR743,1.0,1.0,14e3b4c0c65b2ccf6e0e09b8a7b695e6c8b6c8e1160dfaf188fdf636274b907c,b98259f7fa02eb0510c112128cf649b064706eaa44408e88a71c36bddd8ea85b,686.5307539701462,0.4161158576607704,6,6,0.0,0.11442708333333333,0.0,0,"[[18,19,27,30],[55,18,12,38],[89,19,22,30],[137,20,20,30],[173,19,22,30],[210,19,21,32]]"
train_003098_glare_AJR743,cut__min_rel_width_for_split__s1__plus,glare,AJR743,AJR743,1.0,1.0,3701d2b36fb270ca7876713311470bb20f28ebec69f674bc0009628cb811bc40,9288e9e4f16cb2db1d79c8dcc172466373ca49da4431c03d972fdc043b1557f0,750.8308636024594,0.5093524232506752,6,6,0.0,0.11442708333333333,0.0,0,"[[18,19,27,30],[55,18,12,38],[89,19,22,30],[137,20,20,30],[173,19,22,30],[210,19,21,32]]"
train_003098_glare_AJR743,cut__min_rel_width_for_split__s2__minus,glare,AJR743,AJR743,1.0,1.0,7b5c9e68efdbd3a5265909dcff4199730541b88f3e29e6842fae3180527f0c3c,42b4dae86efc63d48aaf7c54d98071bfbfa01ef68b4b0b1abbe718a623a04a6d,639.0408193692565,0.41913148015737534,6,6,0.0,0.11442708333333333,0.0,0,"[[18,19,27,30],[55,18,12,38],[89,19,22,30],[137,20,20,30],[173,19,22,30],[210,19,21,32]]"
train_003098_glare_AJR743,cut__min_rel_width_for_split__s2__plus,glare,AJR743,AJR743,1.0,1.0,bc7009cc0dd48bc359f18e5e280609709ad6889807a0b14c85e5957731fbd62c,b5ce61630f797735f3c619cedbadb1dc5c0b19758fa2834a7f4ae59faec46247,597.8452619165182,0.47399476170539856,6,6,0.0,0.11442708333333333,0.0,0,"[[18,19,27,30],[55,18,12,38],[89,19,22,30],[137,20,20,30],[173,19,22,30],[210,19,21,32]]"
train_003098_glare_AJR743,cut__min_rel_width_for_split__s4__minus,glare,AJR743,AJR743,1.0,1.0,92578b6762adc026deee5a2923298c8c4b703ca553d867d8b04b987a84f2d3a3,532babce5ed1f56482c263cac83886da7b2c5a65954b9864d9537247cf6aeb34,624.4857665151358,11.801089160144329,6,6,0.0,0.11442708333333333,0.0,0,"[[18,19,27,30],[55,18,12,38],[89,19,22,30],[137,20,20,30],[173,19,22,30],[210,19,21,32]]"
train_003098_glare_AJR743,cut__min_rel_width_for_split__s4__plus,glare,AJR743,AJR743,1.0,1.0,dc0c0371638283e2af1d0c72d53e47ad5fb69d081412cd4fc23ff005a622cf3a,75c63818523dd4bcc32e557b4bb9adaea92a708592591afb5d32a30d78d4183b,665.7572817057371,0.4716701805591583,6,6,0.0,0.11442708333333333,0.0,0,"[[18,19,27,30],[55,18,12,38],[89,19,22,30],[137,20,20,30],[173,19,22,30],[210,19,21,32]]"
train_003098_glare_AJR743,reference,glare,AJR743,AJR743,1.0,1.0,ffc7d258d261fd8806d08188cb6c8cdc7ac86bd11a298743e83dd282ec3af558,7d782502bec3bba372ed00dcbf14f4f193d4bb70d0990d9fc8ac3985ee505c24,543.8110008835793,0.4571033641695976,6,6,0.0,0.11442708333333333,0.0,0,"[[18,19,27,30],[55,18,12,38],[89,19,22,30],[137,20,20,30],[173,19,22,30],[210,19,21,32]]"
train_003098_glare_AJR743,reference_repeat,glare,AJR743,AJR743,1.0,1.0,f0e5edfd268f51d0e5902a6c63dc6782cdf6a93776241f62c1334cce18eb5cfa,7d782502bec3bba372ed00dcbf14f4f193d4bb70d0990d9fc8ac3985ee505c24,563.0406811833382,0.5984297022223473,6,6,0.0,0.11442708333333333,0.0,0,"[[18,19,27,30],[55,18,12,38],[89,19,22,30],[137,20,20,30],[173,19,22,30],[210,19,21,32]]"
train_003098_glare_AJR743,scoring__blocking_gap_ratio__s1__minus,glare,AJR743,AJR743,1.0,1.0,7aa83eaad37fbf678e79cebcbeb2b583e4626fe939c70d928d27df6d614af954,2269081aad7a0d11e289d0fafc673a96cf31ac858178a775737a39d6623f6b77,577.2436475381255,0.4088720306754112,6,6,0.0,0.11442708333333333,0.0,0,"[[18,19,27,30],[55,18,12,38],[89,19,22,30],[137,20,20,30],[173,19,22,30],[210,19,21,32]]"
train_003098_glare_AJR743,scoring__blocking_gap_ratio__s1__plus,glare,AJR743,AJR743,1.0,1.0,00504362d750f2e6fe26983e62280bdd6b951ded8f58d3786acfd0140f6d21c9,46c26b8d422e202561b49b80247a69da976166bd78771ee61da556617c6354ab,616.310284473002,0.4542982205748558,6,6,0.0,0.11442708333333333,0.0,0,"[[18,19,27,30],[55,18,12,38],[89,19,22,30],[137,20,20,30],[173,19,22,30],[210,19,21,32]]"
train_003098_glare_AJR743,scoring__blocking_gap_ratio__s2__minus,glare,AJR743,AJR743,1.0,1.0,6ef4d6da72a3a018bce7c95ac365527762c25d96e579ceb7b6369fc43242a365,626cff7e0882d780271897e7ade93a30943afd5e45eb8f05082e1d0b455f71bc,650.328972376883,3.4849606454372406,6,6,0.0,0.11442708333333333,0.0,0,"[[18,19,27,30],[55,18,12,38],[89,19,22,30],[137,20,20,30],[173,19,22,30],[210,19,21,32]]"
train_003098_glare_AJR743,scoring__blocking_gap_ratio__s2__plus,glare,AJR743,AJR743,1.0,1.0,ae5d0cfc2f15eb531d1a750f8d1f2d863ed87b6762de6923137ae76e46923d28,bd77f898d6e5bc480d744f792356978be3c7c6f14c996ac55cfb42d787f7160b,677.2700184956193,0.46507827937602997,6,6,0.0,0.11442708333333333,0.0,0,"[[18,19,27,30],[55,18,12,38],[89,19,22,30],[137,20,20,30],[173,19,22,30],[210,19,21,32]]"
train_003098_glare_AJR743,scoring__blocking_gap_ratio__s4__minus,glare,AJR743,AJR743,1.0,1.0,e29e7d827a39f43154aa8c9e5aa8d0c1ce317e160b50a9f0a2a9442cbf27355f,d336ed9c5b23a606c1f4c3ac7fee61ab3fcdf0d913a71314ca6a0ee05e5f2684,670.4322062432766,0.4707891494035721,6,6,0.0,0.11442708333333333,0.0,0,"[[18,19,27,30],[55,18,12,38],[89,19,22,30],[137,20,20,30],[173,19,22,30],[210,19,21,32]]"
train_003098_glare_AJR743,scoring__blocking_gap_ratio__s4__plus,glare,AJR743,AJR743,1.0,1.0,3a252325652ab837aa6a811dd277ffe5822d079c7f7396c805866d3bd367e3aa,cfeb12d7b4ea8c1f7be07024d091322f518351f609603bdc0f531d8a531ee2ea,694.2671481519938,0.46616047620773315,6,6,0.0,0.11442708333333333,0.0,0,"[[18,19,27,30],[55,18,12,38],[89,19,22,30],[137,20,20,30],[173,19,22,30],[210,19,21,32]]"
train_003098_glare_AJR743,scoring__rho_max__s1__minus,glare,AJR743,AJR743,1.0,1.0,03c0393df8b29fb5693d5e36275ee0c8631d9666514c2cdc2fa532585bdf5c6e,3d3cc2e5a6e74ff8b6e3a561ab16be0097cd12eb05fef3214fab97360b887d15,593.326760455966,0.41645579040050507,6,6,0.0,0.11442708333333333,0.0,0,"[[18,19,27,30],[55,18,12,38],[89,19,22,30],[137,20,20,30],[173,19,22,30],[210,19,21,32]]"
train_003098_glare_AJR743,scoring__rho_max__s1__plus,glare,AJR743,AJR743,1.0,1.0,9953f5af237dc1fe09a1aaf5a6661be71fc6c2b68b4faa69668b6b30eccd1ec8,56983f906ed9eff69ec7f46f6fe8cf06ea85a85c044e67c2a3b8b06dbc554ffd,647.8810338303447,0.4261145368218422,6,6,0.0,0.11442708333333333,0.0,0,"[[18,19,27,30],[55,18,12,38],[89,19,22,30],[137,20,20,30],[173,19,22,30],[210,19,21,32]]"
train_003098_glare_AJR743,scoring__rho_max__s2__minus,glare,AJR743,AJR743,1.0,1.0,6db604f988d4db2cf84b209241f21191fadea420178de41994bd3902e1c1b276,91783b8476a4753cf05ba0aaaf8bc8ff1ee28029ec656f2b5a917c65a292fda6,573.2687069103122,0.46188198029994965,6,6,0.0,0.11442708333333333,0.0,0,"[[18,19,27,30],[55,18,12,38],[89,19,22,30],[137,20,20,30],[173,19,22,30],[210,19,21,32]]"
train_003098_glare_AJR743,scoring__rho_max__s2__plus,glare,AJR743,AJR743,1.0,1.0,32bef329b8711352ab3e051644f2b78992be42a206fe4346c3855c0bcaccf704,597ec14ed83150daeb0711c53657ab253ac08872fa566d66701d387a8047475b,766.3421975448728,0.46454835683107376,6,6,0.0,0.11442708333333333,0.0,0,"[[18,19,27,30],[55,18,12,38],[89,19,22,30],[137,20,20,30],[173,19,22,30],[210,19,21,32]]"
train_003098_glare_AJR743,scoring__rho_max__s4__minus,glare,AJR743,AJR743,1.0,1.0,8b9dd3caf103793d608124671bb99b5b7e92454eaa570c667dde7b764895fc10,185f40e77a6f309d3ed7db9ae071f22dc3dff36036433c6848842ca1858c7403,618.8288973644376,0.4626242443919182,6,6,0.0,0.11442708333333333,0.0,0,"[[18,19,27,30],[55,18,12,38],[89,19,22,30],[137,20,20,30],[173,19,22,30],[210,19,21,32]]"
train_003098_glare_AJR743,scoring__rho_max__s4__plus,glare,AJR743,AJR743,1.0,1.0,0c0fa65fa5c582e2fbf07550dbf997f4edf32a94f201afacd8524950ca694ea6,636bacd8f932b0a9579d42ff92bee97d546d82006618fceb70f2817ccc1b99f5,587.238653562963,0.456271693110466,6,6,0.0,0.11442708333333333,0.0,0,"[[18,19,27,30],[55,18,12,38],[89,19,22,30],[137,20,20,30],[173,19,22,30],[210,19,21,32]]"
train_003098_glare_AJR743,scoring__w_overlap__s1__minus,glare,AJR743,AJR743,1.0,1.0,da83bcc76ae3628443a963c0495e69a89223b2cbe504cd35f1581630630b15f3,6d06ee5ab67f354e042381060a39bc3c865f91077e9fd72c1d4da48403e1ac05,600.7198365405202,0.44264644384384155,6,6,0.0,0.11442708333333333,0.0,0,"[[18,19,27,30],[55,18,12,38],[89,19,22,30],[137,20,20,30],[173,19,22,30],[210,19,21,32]]"
train_003098_glare_AJR743,scoring__w_overlap__s1__plus,glare,AJR743,AJR743,1.0,1.0,b6b03778fdfa92939c38830c39a244035367a080b6d73f96c633d3f98baa39f3,f46df601e99b455ff9a32184d504ba80ca40f6c333ac89544ec23b1ca680f22f,626.2550801038742,0.4224376752972603,6,6,0.0,0.11442708333333333,0.0,0,"[[18,19,27,30],[55,18,12,38],[89,19,22,30],[137,20,20,30],[173,19,22,30],[210,19,21,32]]"
train_003098_glare_AJR743,scoring__w_overlap__s2__minus,glare,AJR743,AJR743,1.0,1.0,a921c402766ca90dbb1b1f83ae196b8441fe9d4277a85018307620ed38519c9b,80b72af75ba0073f6ecd5354fc8faf44ed458706d535c231aca5bf4ac377b902,632.1560833603144,0.46507827937602997,6,6,0.0,0.11442708333333333,0.0,0,"[[18,19,27,30],[55,18,12,38],[89,19,22,30],[137,20,20,30],[173,19,22,30],[210,19,21,32]]"
train_003098_glare_AJR743,scoring__w_overlap__s2__plus,glare,AJR743,AJR743,1.0,1.0,d80fb6ec6486085b1701d8e639b881d7f69856b14a55f370f5d9d9cf61716bef,37575455d59eceee8915ffe206e78a172d34d56c00c099d7cb16fb82f7f33025,666.0867156460881,0.4559708759188652,6,6,0.0,0.11442708333333333,0.0,0,"[[18,19,27,30],[55,18,12,38],[89,19,22,30],[137,20,20,30],[173,19,22,30],[210,19,21,32]]"
train_003098_glare_AJR743,scoring__w_overlap__s4__minus,glare,AJR743,AJR743,1.0,1.0,db4d03d4273bf784f6e9b13ee1e41977dce360464e235166cbff3ba513f45251,2a08c1099bfe9dcb249ec3cdf03828f01a9cf440c52c0f3f7be6ee86d982c0fc,636.1611858010292,0.4527745768427849,6,6,0.0,0.11442708333333333,0.0,0,"[[18,19,27,30],[55,18,12,38],[89,19,22,30],[137,20,20,30],[173,19,22,30],[210,19,21,32]]"
train_003098_glare_AJR743,scoring__w_overlap__s4__plus,glare,AJR743,AJR743,1.0,1.0,441d15f3416afce7a8de9128440a8120e08d392fb379510aadbdc491628c4271,c7cbdc56f0a52fa7328bcb9cd0036050b79bc562c6fca1cb4ca9b6c7c61b2c8d,651.3772867619991,0.45709311962127686,6,6,0.0,0.11442708333333333,0.0,0,"[[18,19,27,30],[55,18,12,38],[89,19,22,30],[137,20,20,30],[173,19,22,30],[210,19,21,32]]"
train_003098_glare_AJR743,scoring__w_prior__s1__minus,glare,AJR743,AJR743,1.0,1.0,86a0774a836d27dc475249821700e498d558d4bc0c625fbe3fdaa3f0602cf241,cbc3ef750f9afd919db19833ae674b7792b54fb60504b19c238314ec2b488e08,638.4179489687085,0.41101593524217606,6,6,0.0,0.11442708333333333,0.0,0,"[[18,19,27,30],[55,18,12,38],[89,19,22,30],[137,20,20,30],[173,19,22,30],[210,19,21,32]]"
train_003098_glare_AJR743,scoring__w_prior__s1__plus,glare,AJR743,AJR743,1.0,1.0,1ee6d21545403b1422ccc3f205f0d5ea1224d674c95a932a79c8675589e34051,ab9dfccb5c3eeb0106dac51b871fd0c529a5560ec59bf9cb6410e233dcb9c127,630.7772425934672,0.45266468077898026,6,6,0.0,0.11442708333333333,0.0,0,"[[18,19,27,30],[55,18,12,38],[89,19,22,30],[137,20,20,30],[173,19,22,30],[210,19,21,32]]"
train_003098_glare_AJR743,scoring__w_prior__s2__minus,glare,AJR743,AJR743,1.0,1.0,d92931bdb8167a77a0dad8a3c2e2b8366d965bb6af724c32abade1230f466b9b,234ac81b66006d4d0f9afd5a1ee5406cc7722d94326e7421dc57652e6a1ab860,617.9357077926397,0.4708385095000267,6,6,0.0,0.11442708333333333,0.0,0,"[[18,19,27,30],[55,18,12,38],[89,19,22,30],[137,20,20,30],[173,19,22,30],[210,19,21,32]]"
train_003098_glare_AJR743,scoring__w_prior__s2__plus,glare,AJR743,AJR743,1.0,1.0,2ac22a27d05c0492eefb3d2f7adfd84947cdcbcdcf063910b4fe1bf838c3948a,bc9f43096d833c67639686a72d5a18e1792081e3813a0e71f2ee8f047d549a1b,609.774999320507,0.4159454256296158,6,6,0.0,0.11442708333333333,0.0,0,"[[18,19,27,30],[55,18,12,38],[89,19,22,30],[137,20,20,30],[173,19,22,30],[210,19,21,32]]"
train_003098_glare_AJR743,scoring__w_prior__s4__minus,glare,AJR743,AJR743,1.0,1.0,da4f4992958e8116e3d11dddc7ec487fcc2f76bd0d8c6f5e1e1a3e6b5996da53,3cea5af1ac9ddf44a87df62c9c290517a6d5a719a454d2ae8b33cba0fa864cba,638.8829620555043,0.47819316387176514,6,6,0.0,0.11442708333333333,0.0,0,"[[18,19,27,30],[55,18,12,38],[89,19,22,30],[137,20,20,30],[173,19,22,30],[210,19,21,32]]"
train_003098_glare_AJR743,scoring__w_prior__s4__plus,glare,AJR743,AJR743,1.0,1.0,b9f3e6d242c9f8c3bcbb9601af26c42154e91e07d62a8a67755fa53f7497de5e,fd6f28a376fa0f51fdf6af9a5f1c008f4071857b5b07ca62648767b03c8bffd4,589.8156622424722,0.4982408136129379,6,6,0.0,0.11442708333333333,0.0,0,"[[18,19,27,30],[55,18,12,38],[89,19,22,30],[137,20,20,30],[173,19,22,30],[210,19,21,32]]"
train_003123_clean_IZL252,cut__max_column_sum_quantile__s1__minus,clean,IZL252,IZL252,1.0,1.0,4d200cc862d46205eb702aae34120c80f9b1ec77f303f395bac1a000c725fd55,b8c1a6bd81391c3f422ac1ece8d5d4b3cd38b86c0c3e14013072cf3becac0fc9,617.6265571266413,0.4747966304421425,6,6,0.0,0.12244791666666667,0.0,0,"[[22,23,7,33],[45,21,26,33],[86,22,21,33],[131,21,22,33],[169,22,22,34],[207,22,22,33]]"
train_003123_clean_IZL252,cut__max_column_sum_quantile__s1__plus,clean,IZL252,IZL252,1.0,1.0,6cdefaf5d67586b73650f6286a05ddcfb8ef5259fc5df067713fabeef92500ed,717682ca0a2a6839af7dceee91ebe3b769edd415c8746e1f8b8afd334141b6a7,618.2856634259224,0.43815653771162033,6,6,0.0,0.12244791666666667,0.0,0,"[[22,23,7,33],[45,21,26,33],[86,22,21,33],[131,21,22,33],[169,22,22,34],[207,22,22,33]]"
train_003123_clean_IZL252,cut__max_column_sum_quantile__s2__minus,clean,IZL252,IZL252,1.0,1.0,f9a7488c47e2f7736c0928a88125c866b8c70b0d87255e1766e2c0273a09d6df,4fb0774b337741639328b9e78b8e88e30e9453b0d35f25be559b33ac894c962f,618.4099912643433,0.4593878984451294,6,6,0.0,0.12244791666666667,0.0,0,"[[22,23,7,33],[45,21,26,33],[86,22,21,33],[131,21,22,33],[169,22,22,34],[207,22,22,33]]"
train_003123_clean_IZL252,cut__max_column_sum_quantile__s2__plus,clean,IZL252,IZL252,1.0,1.0,f50bf19fc02aa2e707087e28a8a08bd3adb374bca6bb8e6c07a6cac2b751d15a,44ab248a1efb6c6e99735f731ecab104d86033d6fab17e3cbcc994b6760dd30f,641.0513473674655,0.45888684689998627,6,6,0.0,0.12244791666666667,0.0,0,"[[22,23,7,33],[45,21,26,33],[86,22,21,33],[131,21,22,33],[169,22,22,34],[207,22,22,33]]"
train_003123_clean_IZL252,cut__max_column_sum_quantile__s4__minus,clean,IZL252,IZL252,1.0,1.0,1f1ee164ac66de3a42de5febbdc210e069b8bc8212e30b5c3e80a27694a12b00,ad7453d559d14a2df7a79cfed00cea6acb580f516a2fbb449ddba6299b71adf3,613.380666822195,0.4617217928171158,6,6,0.0,0.12244791666666667,0.0,0,"[[22,23,7,33],[45,21,26,33],[86,22,21,33],[131,21,22,33],[169,22,22,34],[207,22,22,33]]"
train_003123_clean_IZL252,cut__max_column_sum_quantile__s4__plus,clean,IZL252,IZL252,1.0,1.0,24fe80fe263136c1ffc999cc9ec5631fca69bb81dee19aa8767fdff17dcbd3f6,09686b514749bf7a5bec2b74c4940cc76d3ddb9524a19bd0fe2fcab36ecb703e,566.281396895647,0.44928863644599915,6,6,0.0,0.12244791666666667,0.0,0,"[[22,23,7,33],[45,21,26,33],[86,22,21,33],[131,21,22,33],[169,22,22,34],[207,22,22,33]]"
train_003123_clean_IZL252,cut__min_rel_width_for_split__s1__minus,clean,IZL252,IZL252,1.0,1.0,05b3c9f54d861876530c8339aaffd58642f3cf756a036d5a4fa0006ae4bcc916,247eecc38e72605081c5d8e54a40cf5b1f73d687618511695d2921af2bfc9392,574.1853388026357,0.45507773756980896,6,6,0.0,0.12244791666666667,0.0,0,"[[22,23,7,33],[45,21,26,33],[86,22,21,33],[131,21,22,33],[169,22,22,34],[207,22,22,33]]"
train_003123_clean_IZL252,cut__min_rel_width_for_split__s1__plus,clean,IZL252,IZL252,1.0,1.0,73d5bbe200a34c2390801661bfb68d8c3cba8e927059e46e2b0bde0c8ad73583,ef599410139938eccca540a929a0dd99df28998344265ad31e2125401229290b,615.7372612506151,0.4107551649212837,6,6,0.0,0.12244791666666667,0.0,0,"[[22,23,7,33],[45,21,26,33],[86,22,21,33],[131,21,22,33],[169,22,22,34],[207,22,22,33]]"
train_003123_clean_IZL252,cut__min_rel_width_for_split__s2__minus,clean,IZL252,IZL252,1.0,1.0,d2d4546467be5aa5942e85b164729c4752381f61b5ac271af3ad2791f109aa20,66587077db951a351f3b60944e789aa6181b4cba60d221ae1fd667c642a83fb8,557.6798021793365,0.4618624225258827,6,6,0.0,0.12244791666666667,0.0,0,"[[22,23,7,33],[45,21,26,33],[86,22,21,33],[131,21,22,33],[169,22,22,34],[207,22,22,33]]"
train_003123_clean_IZL252,cut__min_rel_width_for_split__s2__plus,clean,IZL252,IZL252,1.0,1.0,9b93a517a08ef660bf0fd0c1774f3f91417ba2cb334b9684333357712d8eef2a,800545cd47b401490fd5b6c94355361c851766def427862a7362ea7d1c3eee0b,701.4969950541854,0.46076998114585876,6,6,0.0,0.12244791666666667,0.0,0,"[[22,23,7,33],[45,21,26,33],[86,22,21,33],[131,21,22,33],[169,22,22,34],[207,22,22,33]]"
train_003123_clean_IZL252,cut__min_rel_width_for_split__s4__minus,clean,IZL252,IZL252,1.0,1.0,8b621c9f99fe976f32a0c676355838182fd1f38f2fc5b94800124bb749d015a1,aac8b700e9b9021a595dd62e1ce6c45309d8f1f64a6a35de04e3083157937edb,637.7218393608928,0.41062477976083755,6,6,0.0,0.12244791666666667,0.0,0,"[[22,23,7,33],[45,21,26,33],[86,22,21,33],[131,21,22,33],[169,22,22,34],[207,22,22,33]]"
train_003123_clean_IZL252,cut__min_rel_width_for_split__s4__plus,clean,IZL252,IZL252,1.0,1.0,3ed62eab118b24aa1b26c2fb3e8499e60f8d5619f3d0a6eb4bc2c87c7386c5c5,bce61d0032e7deca6cd2d552ff0a865c3c6d2204cfdf8a6245949ae0ea5f67d3,612.2404681518674,0.4524039104580879,6,6,0.0,0.12244791666666667,0.0,0,"[[22,23,7,33],[45,21,26,33],[86,22,21,33],[131,21,22,33],[169,22,22,34],[207,22,22,33]]"
train_003123_clean_IZL252,reference,clean,IZL252,IZL252,1.0,1.0,a93f7e7675361b9d2fa40d74f546e16f22c3e4699a2cd6f7d1506185bc1dbd39,f4db714c7bb174a9f7e120edbec96b4b799d41b729b1efc15c039e1f5b6a5cc9,602.3363694548607,0.4671923816204071,6,6,0.0,0.12244791666666667,0.0,0,"[[22,23,7,33],[45,21,26,33],[86,22,21,33],[131,21,22,33],[169,22,22,34],[207,22,22,33]]"
train_003123_clean_IZL252,reference_repeat,clean,IZL252,IZL252,1.0,1.0,2dcc6e79b770139f187e349fba63182642777c9d84155c132bd0f3d009bfd4f6,f4db714c7bb174a9f7e120edbec96b4b799d41b729b1efc15c039e1f5b6a5cc9,617.1552278101444,0.4551894962787628,6,6,0.0,0.12244791666666667,0.0,0,"[[22,23,7,33],[45,21,26,33],[86,22,21,33],[131,21,22,33],[169,22,22,34],[207,22,22,33]]"
train_003123_clean_IZL252,scoring__blocking_gap_ratio__s1__minus,clean,IZL252,IZL252,1.0,1.0,faa27cdcdbebc94bf1bf09f841e8340842d7d5f4a54fa07913418428e876db67,44c9ddd94f77209e37c1cee4db3a9a7e912674c2b0cdfb7226fcb820260b78a1,584.6132636070251,0.46861544251441956,6,6,0.0,0.12244791666666667,0.0,0,"[[22,23,7,33],[45,21,26,33],[86,22,21,33],[131,21,22,33],[169,22,22,34],[207,22,22,33]]"
train_003123_clean_IZL252,scoring__blocking_gap_ratio__s1__plus,clean,IZL252,IZL252,1.0,1.0,949bbe7f10d3fbfdc2f123819aca081f26de20879304fe864c6a6ae67c7296f4,c9e430b283cc5f99f051b95474265fccefa049741493d21e1b40715302d6cb55,706.000430509448,0.4766201600432396,6,6,0.0,0.12244791666666667,0.0,0,"[[22,23,7,33],[45,21,26,33],[86,22,21,33],[131,21,22,33],[169,22,22,34],[207,22,22,33]]"
train_003123_clean_IZL252,scoring__blocking_gap_ratio__s2__minus,clean,IZL252,IZL252,1.0,1.0,e30ebc2991be77ad9007b0d871f7204edd0c798fae2371899a07bae9924bc8ad,e29c2cff6bd8028f83ef7a8bd32ae5e2e163fa38f04b0f568c56ca60b9b64af2,579.7090912237763,0.4423949867486954,6,6,0.0,0.12244791666666667,0.0,0,"[[22,23,7,33],[45,21,26,33],[86,22,21,33],[131,21,22,33],[169,22,22,34],[207,22,22,33]]"
train_003123_clean_IZL252,scoring__blocking_gap_ratio__s2__plus,clean,IZL252,IZL252,1.0,1.0,009cb3ca8451db8c5534a3ce523c6e69d5668adc4b1c5666d8a21631abcf3105,a503f113aab08f265e23c4965ad6b6a0640b031943440003f33f73bb89078344,660.4322418570518,0.4420233890414238,6,6,0.0,0.12244791666666667,0.0,0,"[[22,23,7,33],[45,21,26,33],[86,22,21,33],[131,21,22,33],[169,22,22,34],[207,22,22,33]]"
train_003123_clean_IZL252,scoring__blocking_gap_ratio__s4__minus,clean,IZL252,IZL252,1.0,1.0,5d8367261a2ca0c4c5bd9defaceb5fe95ecebd496f1d0554f55d2b236092bcdf,5f689ef60b5e5fbd2789d221016fa1952c99c805a765492dac4d478d61da20d0,654.4116353616118,0.4597185179591179,6,6,0.0,0.12244791666666667,0.0,0,"[[22,23,7,33],[45,21,26,33],[86,22,21,33],[131,21,22,33],[169,22,22,34],[207,22,22,33]]"
train_003123_clean_IZL252,scoring__blocking_gap_ratio__s4__plus,clean,IZL252,IZL252,1.0,1.0,eae112fd69d4f4caa22caf271508f6b3ac428e058576ad9774fe3a60495356fe,3db4d7baf8ba83d1d794328e56737249ba4ebae514be885b754ee5e0100baec0,569.9030300602317,0.4636365920305252,6,6,0.0,0.12244791666666667,0.0,0,"[[22,23,7,33],[45,21,26,33],[86,22,21,33],[131,21,22,33],[169,22,22,34],[207,22,22,33]]"
train_003123_clean_IZL252,scoring__rho_max__s1__minus,clean,IZL252,IZL252,1.0,1.0,816188f58b6e0e8512f44c93e4026cce52ce5cbe2cc0878d0a9e342e1fd0b25c,f0d0972dc9a7972c6a19a626843702badbe0b38dc290818b9b7bf3d03e795e6f,628.6897929385304,0.4745759069919586,6,6,0.0,0.12244791666666667,0.0,0,"[[22,23,7,33],[45,21,26,33],[86,22,21,33],[131,21,22,33],[169,22,22,34],[207,22,22,33]]"
train_003123_clean_IZL252,scoring__rho_max__s1__plus,clean,IZL252,IZL252,1.0,1.0,5d031d27db087b85034650cddb847651bb997d605bc77ae79aa595c7dbc052f6,2566a0cd8358ed80302279022716c640daaa263f958f1abbb2bd5cd6c4819659,579.7049086540937,0.46762358397245407,6,6,0.0,0.12244791666666667,0.0,0,"[[22,23,7,33],[45,21,26,33],[86,22,21,33],[131,21,22,33],[169,22,22,34],[207,22,22,33]]"
train_003123_clean_IZL252,scoring__rho_max__s2__minus,clean,IZL252,IZL252,1.0,1.0,016c08ed48196870b412764c058a6404763203af6c0393ccf25455a0a469840a,212f628a8625114f3f725bbe8a9c36e9a25ecf429247fd1113e893c3955f55d4,598.3206005766988,0.47254282981157303,6,6,0.0,0.12244791666666667,0.0,0,"[[22,23,7,33],[45,21,26,33],[86,22,21,33],[131,21,22,33],[169,22,22,34],[207,22,22,33]]"
train_003123_clean_IZL252,scoring__rho_max__s2__plus,clean,IZL252,IZL252,1.0,1.0,2afb4fe522c2b4bd3a9121888a74fdcd2af932f6dfbf113c8b5b12189b4727a7,068b40ab35df3c19355709a4f2b7e98ea2584be9b7c217f4d156369effa445cb,578.5302901640534,0.4624035209417343,6,6,0.0,0.12244791666666667,0.0,0,"[[22,23,7,33],[45,21,26,33],[86,22,21,33],[131,21,22,33],[169,22,22,34],[207,22,22,33]]"
train_003123_clean_IZL252,scoring__rho_max__s4__minus,clean,IZL252,IZL252,1.0,1.0,422c5c894286653d40aea04fa1e9c40ab8a402202fc678e43af4d11c082a5d43,5f45594812fd49fdd8816d961a8906fbb75689d3cc8ecd81c83f5aa65bfe65fa,603.6438290029764,0.5738036707043648,6,6,0.0,0.12244791666666667,0.0,0,"[[22,23,7,33],[45,21,26,33],[86,22,21,33],[131,21,22,33],[169,22,22,34],[207,22,22,33]]"
train_003123_clean_IZL252,scoring__rho_max__s4__plus,clean,IZL252,IZL252,1.0,1.0,2640a6c7b9e4e3d04e51a44545d3e795540eac171fedc06c87ed4c6abab301b7,6eebbea64e326a8765c04e750101bb779fa5c56fa958ff9f86e24d8e99942416,643.3732192963362,0.48829149454832077,6,6,0.0,0.12244791666666667,0.0,0,"[[22,23,7,33],[45,21,26,33],[86,22,21,33],[131,21,22,33],[169,22,22,34],[207,22,22,33]]"
train_003123_clean_IZL252,scoring__w_overlap__s1__minus,clean,IZL252,IZL252,1.0,1.0,e76fc45946484f0f81221871986fc535f438b0bb7aca46185b15bbb87881ee4f,a38cebed4ea57f7249b1b0b7705fc9f794491852b4e487962a88f5e404876ed4,613.530682399869,0.4516132175922394,6,6,0.0,0.12244791666666667,0.0,0,"[[22,23,7,33],[45,21,26,33],[86,22,21,33],[131,21,22,33],[169,22,22,34],[207,22,22,33]]"
train_003123_clean_IZL252,scoring__w_overlap__s1__plus,clean,IZL252,IZL252,1.0,1.0,057bdda41ba39e4d254d0565bfb63a309cbddb01b22ff19e52f09e05a06977e3,be630a21ba059ad562644b53772d5cb896ab695d90336f7a18172ceadeeaedd7,614.5680919289589,0.5016876384615898,6,6,0.0,0.12244791666666667,0.0,0,"[[22,23,7,33],[45,21,26,33],[86,22,21,33],[131,21,22,33],[169,22,22,34],[207,22,22,33]]"
train_003123_clean_IZL252,scoring__w_overlap__s2__minus,clean,IZL252,IZL252,1.0,1.0,472c4183fd17964e105ed73608c67ddcea4edb105803fdfe4df82637b6c8277c,904fe1f82d83f8cabe1a9ead5ad792cc23864185c994ced8e90e884aa668eaa7,627.2303508594632,0.46221259981393814,6,6,0.0,0.12244791666666667,0.0,0,"[[22,23,7,33],[45,21,26,33],[86,22,21,33],[131,21,22,33],[169,22,22,34],[207,22,22,33]]"
train_003123_clean_IZL252,scoring__w_overlap__s2__plus,clean,IZL252,IZL252,1.0,1.0,aa45108ca27411cf647e7361065fdd7c5e62d0d3d7c637473fcf54153cb09ee4,6062da6b513574085ef43258f9b6ba72888995cb72b84aef7fbeac68b5141961,638.3067527785897,12.438003905117512,6,6,0.0,0.12244791666666667,0.0,0,"[[22,23,7,33],[45,21,26,33],[86,22,21,33],[131,21,22,33],[169,22,22,34],[207,22,22,33]]"
train_003123_clean_IZL252,scoring__w_overlap__s4__minus,clean,IZL252,IZL252,1.0,1.0,e6989ffc4479006e4c65ce4a15ae85bdf318ba2bc0e8705d4fec0d9539ffbca2,6d956c1456b9a16a54755965bbf0ca9eb86315ebdb25e0fe3579ee7a780619c6,623.1124568730593,0.43585337698459625,6,6,0.0,0.12244791666666667,0.0,0,"[[22,23,7,33],[45,21,26,33],[86,22,21,33],[131,21,22,33],[169,22,22,34],[207,22,22,33]]"
train_003123_clean_IZL252,scoring__w_overlap__s4__plus,clean,IZL252,IZL252,1.0,1.0,fe7724582c968e287a47027c7cd2cdc65bca280a19f0ba5302be75659a686ec1,dd62e1e44ff1ca201b835347298fcb0602172fde47ad876455a493fef1f626d3,671.9715688377619,0.41380152106285095,6,6,0.0,0.12244791666666667,0.0,0,"[[22,23,7,33],[45,21,26,33],[86,22,21,33],[131,21,22,33],[169,22,22,34],[207,22,22,33]]"
train_003123_clean_IZL252,scoring__w_prior__s1__minus,clean,IZL252,IZL252,1.0,1.0,2ff9c82be69c1f54cbc00185acb99cae4000b84163804b09ad05403ee79730b5,5b53182f53ab40e972772043d15a91ef187424558a8832d49e41af57b027f47d,662.9070956259966,0.4447903484106064,6,6,0.0,0.12244791666666667,0.0,0,"[[22,23,7,33],[45,21,26,33],[86,22,21,33],[131,21,22,33],[169,22,22,34],[207,22,22,33]]"
train_003123_clean_IZL252,scoring__w_prior__s1__plus,clean,IZL252,IZL252,1.0,1.0,15f1a22015153290db8e98f187075aa976eaa51c4f7bab26c42bf9b1a964851c,cfb4f282d3c1b08381cfcb563e215223a4aef8bdb3f9d997d911997b352bc9cb,667.4357587471604,3.475964069366455,6,6,0.0,0.12244791666666667,0.0,0,"[[22,23,7,33],[45,21,26,33],[86,22,21,33],[131,21,22,33],[169,22,22,34],[207,22,22,33]]"
train_003123_clean_IZL252,scoring__w_prior__s2__minus,clean,IZL252,IZL252,1.0,1.0,2d61c351d3775bf214198886c533ad1bbb785036333602d79a28d829b406cd44,0b813f0d0cc2e384769d51b26df14b63184d95f0e8089decb3d0666537510df5,684.7414029762149,0.4508206620812416,6,6,0.0,0.12244791666666667,0.0,0,"[[22,23,7,33],[45,21,26,33],[86,22,21,33],[131,21,22,33],[169,22,22,34],[207,22,22,33]]"
train_003123_clean_IZL252,scoring__w_prior__s2__plus,clean,IZL252,IZL252,1.0,1.0,650208e2993c72156a07c3e601cd563162578de70086906476bf5954d7807090,2452538111b6367002c1eeb86efe57ded366004179ae794b30244f7d49f1c277,628.6734007298946,0.4623830318450928,6,6,0.0,0.12244791666666667,0.0,0,"[[22,23,7,33],[45,21,26,33],[86,22,21,33],[131,21,22,33],[169,22,22,34],[207,22,22,33]]"
train_003123_clean_IZL252,scoring__w_prior__s4__minus,clean,IZL252,IZL252,1.0,1.0,da6e96abca42351ad1262f2e302bf5b7a88887bad3d6b4a2b6813ad3c3cb02a7,55a071a57636aa3a0e63398a2de4468aa18c4abc65f45fbb62b951724d946f10,612.1629048138857,0.4583951085805893,6,6,0.0,0.12244791666666667,0.0,0,"[[22,23,7,33],[45,21,26,33],[86,22,21,33],[131,21,22,33],[169,22,22,34],[207,22,22,33]]"
train_003123_clean_IZL252,scoring__w_prior__s4__plus,clean,IZL252,IZL252,1.0,1.0,64e7685fca7adb7879e3106fa1c5f8976dc446beab3d07d6c930ad6bc5a4729e,564da9477692f711fa8c46af8d9f7c5f9880bab0273813905a0141eed3c965bd,696.1110970005393,0.4547778517007828,6,6,0.0,0.12244791666666667,0.0,0,"[[22,23,7,33],[45,21,26,33],[86,22,21,33],[131,21,22,33],[169,22,22,34],[207,22,22,33]]"
train_003637_blur_ELI721,cut__max_column_sum_quantile__s1__minus,blur,ELI721,EL72,0.6666666666666667,0.0,c41c1ead7ca337be30cefa8db3a0c0aded86d5cdd6c3af67ded2871036e1d3af,d8ae60583703c9093250791b899274315a005512e8e15b1cf387761e3c799ced,548.4134517610073,0.35788677632808685,6,6,0.0,0.12895833333333334,0.0,0,"[[23,17,21,33],[59,18,21,33],[94,16,9,32],[130,16,22,32],[168,15,21,34],[206,17,20,33]]"
train_003637_blur_ELI721,cut__max_column_sum_quantile__s1__plus,blur,ELI721,EL72,0.6666666666666667,0.0,709c33ad71b1ab355168d4ea7491cd94626bfcb0387849dec0a4a75c0c34bfd3,bef7cb3635d66c39638fafe264a12cb2857093a14c67a087d561ad330dbb2702,713.3283521980047,0.46667084097862244,6,6,0.0,0.12895833333333334,0.0,0,"[[23,17,21,33],[59,18,21,33],[94,16,9,32],[130,16,22,32],[168,15,21,34],[206,17,20,33]]"
train_003637_blur_ELI721,cut__max_column_sum_quantile__s2__minus,blur,ELI721,EL72,0.6666666666666667,0.0,61a77da389950e9762de0f0639bd673b84ea5ea90305c8c7cec0754509f3d76b,4cb14b5391dddc61dd029ff68a6517329915d7a1b015e7f9a65b396909eb6a11,587.35566213727,0.45281462371349335,6,6,0.0,0.12895833333333334,0.0,0,"[[23,17,21,33],[59,18,21,33],[94,16,9,32],[130,16,22,32],[168,15,21,34],[206,17,20,33]]"
train_003637_blur_ELI721,cut__max_column_sum_quantile__s2__plus,blur,ELI721,EL72,0.6666666666666667,0.0,9ad0ba933b8e8a5eb9e3b28b8dbe7395a3a0150b3222fe3b0c5cbf22f92061b7,fe206a5d8fa57b145b7039b6064083bc8db338cdc75507cddead5b2a331beb94,579.4181348755956,0.44883694499731064,6,6,0.0,0.12895833333333334,0.0,0,"[[23,17,21,33],[59,18,21,33],[94,16,9,32],[130,16,22,32],[168,15,21,34],[206,17,20,33]]"
train_003637_blur_ELI721,cut__max_column_sum_quantile__s4__minus,blur,ELI721,EL72,0.6666666666666667,0.0,d92cef5408f62b77d2819ae69376c24e83b6e3f7e7d82811b19eb4896d352af7,07f177f0724ca22e7380f096dd60637981f46415fb0d9be18f82597fc2a26ec7,617.2637287527323,0.47130975872278214,6,6,0.0,0.12895833333333334,0.0,0,"[[23,17,21,33],[59,18,21,33],[94,16,9,32],[130,16,22,32],[168,15,21,34],[206,17,20,33]]"
train_003637_blur_ELI721,cut__max_column_sum_quantile__s4__plus,blur,ELI721,EL72,0.6666666666666667,0.0,00c89c3d66ca9369f653e0d381e3c45c1606919cba55eb994595ebcdee8f481e,e4e7f5cb82b033440cff64f548309dbf023409341a5781390debda6463154140,643.6310717836022,0.4627928137779236,6,6,0.0,0.12895833333333334,0.0,0,"[[23,17,21,33],[59,18,21,33],[94,16,9,32],[130,16,22,32],[168,15,21,34],[206,17,20,33]]"
train_003637_blur_ELI721,cut__min_rel_width_for_split__s1__minus,blur,ELI721,EL72,0.6666666666666667,0.0,28d5c53003b8113539f2abf57171644d68d3cb4a9013d4174efb5c6b6f55d266,25a82ac5551a847811abe50dd5f705ce0e641cd4bfce5d3a8da12e70e08a7e45,687.5888975337148,0.45871641486883163,6,6,0.0,0.12895833333333334,0.0,0,"[[23,17,21,33],[59,18,21,33],[94,16,9,32],[130,16,22,32],[168,15,21,34],[206,17,20,33]]"
train_003637_blur_ELI721,cut__min_rel_width_for_split__s1__plus,blur,ELI721,EL72,0.6666666666666667,0.0,d24c7d4633741e4fd4d9588f441983e314901d036408479b7bebd6d5c21b08c4,b10f6660a08d094edcbc3fc368960b36208179d9b0ab072347e480d3e200f0ba,570.0317174196243,0.4591764882206917,6,6,0.0,0.12895833333333334,0.0,0,"[[23,17,21,33],[59,18,21,33],[94,16,9,32],[130,16,22,32],[168,15,21,34],[206,17,20,33]]"
train_003637_blur_ELI721,cut__min_rel_width_for_split__s2__minus,blur,ELI721,EL72,0.6666666666666667,0.0,9059fc26c086974efe00c396fc1b1324caf0d67495c8bcd36686876350b05571,4c87db88a57e19ab114e7e37a8b092eab80141d270dddacec23cffb9aff6e7c6,629.1693178936839,0.4415828734636307,6,6,0.0,0.12895833333333334,0.0,0,"[[23,17,21,33],[59,18,21,33],[94,16,9,32],[130,16,22,32],[168,15,21,34],[206,17,20,33]]"
train_003637_blur_ELI721,cut__min_rel_width_for_split__s2__plus,blur,ELI721,EL72,0.6666666666666667,0.0,28944c10721c36a1f0621f613ae254ec0d2edbc55a4b6c7fe0a971d334df7b4c,ad6f82366a8454d03987ab56b0fe23b823a5dbdee0d5546ed0eb81cdf6fc1374,673.833841457963,0.4511922597885132,6,6,0.0,0.12895833333333334,0.0,0,"[[23,17,21,33],[59,18,21,33],[94,16,9,32],[130,16,22,32],[168,15,21,34],[206,17,20,33]]"
train_003637_blur_ELI721,cut__min_rel_width_for_split__s4__minus,blur,ELI721,EL72,0.6666666666666667,0.0,01114a2fde6540908128829841f328f94a0af985c89ee06026c6f7958786904c,9b939572d9c6b852601f7c3860d212317fc8bbe2cda5884efc099f545e739430,654.4043654575944,0.43950043618679047,6,6,0.0,0.12895833333333334,0.0,0,"[[23,17,21,33],[59,18,21,33],[94,16,9,32],[130,16,22,32],[168,15,21,34],[206,17,20,33]]"
train_003637_blur_ELI721,cut__min_rel_width_for_split__s4__plus,blur,ELI721,EL72,0.6666666666666667,0.0,3b06a74474762cd47a0080b05dddfdfdeaf2e7aa9492beb20849ea1af58d1206,9fb7d9e396f68ffd34817de3b3a2a871a9869733d405eb2f12e2cf73f3588e8e,654.4143380597234,0.4422450438141823,6,6,0.0,0.12895833333333334,0.0,0,"[[23,17,21,33],[59,18,21,33],[94,16,9,32],[130,16,22,32],[168,15,21,34],[206,17,20,33]]"
train_003637_blur_ELI721,reference,blur,ELI721,EL72,0.6666666666666667,0.0,64f960ca662af26dc2691199600d0fe172a6bc8249fec8beeb1937b4d5057308,78d67c3142aa5bbbc65db0feaaf8bd80a6fe6128b2104c9aca0ac41dc2c83110,615.8710811287165,0.44638384133577347,6,6,0.0,0.12895833333333334,0.0,0,"[[23,17,21,33],[59,18,21,33],[94,16,9,32],[130,16,22,32],[168,15,21,34],[206,17,20,33]]"
train_003637_blur_ELI721,reference_repeat,blur,ELI721,EL72,0.6666666666666667,0.0,f9deaeb240484229810cfbbc57b80d54fce756637a2dce7c1dd77b2d7ad7b9d6,78d67c3142aa5bbbc65db0feaaf8bd80a6fe6128b2104c9aca0ac41dc2c83110,598.6432898789644,0.46703219413757324,6,6,0.0,0.12895833333333334,0.0,0,"[[23,17,21,33],[59,18,21,33],[94,16,9,32],[130,16,22,32],[168,15,21,34],[206,17,20,33]]"
train_003637_blur_ELI721,scoring__blocking_gap_ratio__s1__minus,blur,ELI721,EL72,0.6666666666666667,0.0,f9c4d97b34957ffa5e89e0b4857fe54002c0da43cf54e60549d8dc65876c6777,a0ff89f17045452ddc564d7fc1452d51bdf789a7d9fe86e941e094a282747924,655.9008955955505,0.4646182060241699,6,6,0.0,0.12895833333333334,0.0,0,"[[23,17,21,33],[59,18,21,33],[94,16,9,32],[130,16,22,32],[168,15,21,34],[206,17,20,33]]"
train_003637_blur_ELI721,scoring__blocking_gap_ratio__s1__plus,blur,ELI721,EL72,0.6666666666666667,0.0,19822ac5bb2d44ac993d158313be8a912ec59eb6cf0b49d564fc924d81bf78dd,34b80fcba8d1933eda76ee707193a8c750fb4f35e2f6ec80e97e319ffb8f6ab0,560.8595684170723,0.48673897981643677,6,6,0.0,0.12895833333333334,0.0,0,"[[23,17,21,33],[59,18,21,33],[94,16,9,32],[130,16,22,32],[168,15,21,34],[206,17,20,33]]"
train_003637_blur_ELI721,scoring__blocking_gap_ratio__s2__minus,blur,ELI721,EL72,0.6666666666666667,0.0,6e678e7a96db6a2d2f0a235ee29a9bc733207a2be7a3e84c63ef895213509a05,c344453c279bcd1e207793f77e1be9a565689e0507bc5781fbbaa0a35a35eeb4,641.0581469535828,0.46493764966726303,6,6,0.0,0.12895833333333334,0.0,0,"[[23,17,21,33],[59,18,21,33],[94,16,9,32],[130,16,22,32],[168,15,21,34],[206,17,20,33]]"
train_003637_blur_ELI721,scoring__blocking_gap_ratio__s2__plus,blur,ELI721,EL72,0.6666666666666667,0.0,af3ed2f7489b34e2bd281ca4ca7ac1f7a229a007c46358dbafa144c5408f3e79,7e36f0fd142117ddd7e1ff7c7c0ecc5acefc141f26dd753cae3d9f393788747c,622.6176051422954,1.4389771968126297,6,6,0.0,0.12895833333333334,0.0,0,"[[23,17,21,33],[59,18,21,33],[94,16,9,32],[130,16,22,32],[168,15,21,34],[206,17,20,33]]"
train_003637_blur_ELI721,scoring__blocking_gap_ratio__s4__minus,blur,ELI721,EL72,0.6666666666666667,0.0,4bae5785993975da19ceb00cff9af4f9782a8d3fcd8d5bc8e3291710e17ac549,13cf4648977b6f0b9783efb855992fac378fd1029ff2120877a5cb406a01d211,681.0570387169719,0.44268649071455,6,6,0.0,0.12895833333333334,0.0,0,"[[23,17,21,33],[59,18,21,33],[94,16,9,32],[130,16,22,32],[168,15,21,34],[206,17,20,33]]"
train_003637_blur_ELI721,scoring__blocking_gap_ratio__s4__plus,blur,ELI721,EL72,0.6666666666666667,0.0,5028ff4af4aacfeb304effd54f76bf52599ae52c917efae1b4f18615828f99ff,d047f2c27ffc3fe71035748de4a927665d2ad1b51eaf7cd014b002a7e065b5d1,559.1217372566462,0.4526246339082718,6,6,0.0,0.12895833333333334,0.0,0,"[[23,17,21,33],[59,18,21,33],[94,16,9,32],[130,16,22,32],[168,15,21,34],[206,17,20,33]]"
train_003637_blur_ELI721,scoring__rho_max__s1__minus,blur,ELI721,EL72,0.6666666666666667,0.0,6433442e2bbb8522e6c2397bc52842754db543dd50f3fbb7d31f6c65d415a51f,96aa46ea97c7c469c817ae4740140ef376e44df62fcd94b0654d790d520625d1,770.149233750999,0.4700878635048866,6,6,0.0,0.12895833333333334,0.0,0,"[[23,17,21,33],[59,18,21,33],[94,16,9,32],[130,16,22,32],[168,15,21,34],[206,17,20,33]]"
train_003637_blur_ELI721,scoring__rho_max__s1__plus,blur,ELI721,EL72,0.6666666666666667,0.0,8bec83ea7a61c228e9f0d5112293f612e1559b5682837e33bce41ef4370a6fc9,f3c871366bcc1c1f9c0c674a8865917efaeee5b1c67d6836ee5834c3a3fece46,654.3996771797538,0.46022888273000717,6,6,0.0,0.12895833333333334,0.0,0,"[[23,17,21,33],[59,18,21,33],[94,16,9,32],[130,16,22,32],[168,15,21,34],[206,17,20,33]]"
train_003637_blur_ELI721,scoring__rho_max__s2__minus,blur,ELI721,EL72,0.6666666666666667,0.0,16406a05826b1c1e9f349157a66c4709d35d629b2c4be7f66057e1d1e7f859f7,73f7f10ef5bd6589ce2f71da70558616add94c7fa9a712311599d3b0744ce419,588.1897993385792,0.4637856036424637,6,6,0.0,0.12895833333333334,0.0,0,"[[23,17,21,33],[59,18,21,33],[94,16,9,32],[130,16,22,32],[168,15,21,34],[206,17,20,33]]"
train_003637_blur_ELI721,scoring__rho_max__s2__plus,blur,ELI721,EL72,0.6666666666666667,0.0,44c0cc51ecceffc27e43b5687acf6064f2393560532c587411c2d76d083e5bca,43ca523cd3341ef720d23d92d952320f9769d7a31ed8129c698dffe9c230c724,577.7690121904016,0.4602493718266487,6,6,0.0,0.12895833333333334,0.0,0,"[[23,17,21,33],[59,18,21,33],[94,16,9,32],[130,16,22,32],[168,15,21,34],[206,17,20,33]]"
train_003637_blur_ELI721,scoring__rho_max__s4__minus,blur,ELI721,EL72,0.6666666666666667,0.0,aa63b3202268c68db8d312af6ba6e741805106d10c562b750fb596b2bb80569e,39d6372b1f330f3b256a59c9f8efc9da2baf74a139e65acc1b4687d58d992521,616.5590658783913,0.45167282223701477,6,6,0.0,0.12895833333333334,0.0,0,"[[23,17,21,33],[59,18,21,33],[94,16,9,32],[130,16,22,32],[168,15,21,34],[206,17,20,33]]"
train_003637_blur_ELI721,scoring__rho_max__s4__plus,blur,ELI721,EL72,0.6666666666666667,0.0,1050023537dc420a77417b7a0ea207eef53048f925e6fb1492f4e0afd8a7b84b,3dd6fa4d155f2348ff9fdc098c8fb2e3b20830c4a43b5411662ae2ffd72f4630,632.9676313325763,0.45746471732854843,6,6,0.0,0.12895833333333334,0.0,0,"[[23,17,21,33],[59,18,21,33],[94,16,9,32],[130,16,22,32],[168,15,21,34],[206,17,20,33]]"
train_003637_blur_ELI721,scoring__w_overlap__s1__minus,blur,ELI721,EL72,0.6666666666666667,0.0,d83578136a7d1a8b473fd13ff36f7e46c230f542cb1942de1d76eb1964fedc3d,8e4f85ef033b9a0ca9a4b47f5d3f719295723147f830af7827092684b0ea8f10,617.5894550979137,0.4455018788576126,6,6,0.0,0.12895833333333334,0.0,0,"[[23,17,21,33],[59,18,21,33],[94,16,9,32],[130,16,22,32],[168,15,21,34],[206,17,20,33]]"
train_003637_blur_ELI721,scoring__w_overlap__s1__plus,blur,ELI721,EL72,0.6666666666666667,0.0,f4e854ac24699d807c81945d357d945b10d68cac952565678248aeadecaf069c,17da29537a5cc3b14e5632a206ff4da5a0435958a788912a2b542f1e62ee4c56,656.6243544220924,0.44566206634044647,6,6,0.0,0.12895833333333334,0.0,0,"[[23,17,21,33],[59,18,21,33],[94,16,9,32],[130,16,22,32],[168,15,21,34],[206,17,20,33]]"
train_003637_blur_ELI721,scoring__w_overlap__s2__minus,blur,ELI721,EL72,0.6666666666666667,0.0,1799cd765ec1b8a24aeb341361573c2efe7b33d17cfe36e24915cfc883ec0879,fd2bd3751beb0b4992f61cabf9e70fff9797fef10fb53ec09f2e3e2517b2eaa7,672.7729039266706,0.44216495007276535,6,6,0.0,0.12895833333333334,0.0,0,"[[23,17,21,33],[59,18,21,33],[94,16,9,32],[130,16,22,32],[168,15,21,34],[206,17,20,33]]"
train_003637_blur_ELI721,scoring__w_overlap__s2__plus,blur,ELI721,EL72,0.6666666666666667,0.0,ee2498cbfc6b0f410a925299c2de035aa11317e4574de5cb7680f73735d0a2d6,6c3ea88700f85dc86d80bf75d09a70c33aca904f924996dd4db0d09181aa6c0c,724.3875674903393,0.4707789048552513,6,6,0.0,0.12895833333333334,0.0,0,"[[23,17,21,33],[59,18,21,33],[94,16,9,32],[130,16,22,32],[168,15,21,34],[206,17,20,33]]"
train_003637_blur_ELI721,scoring__w_overlap__s4__minus,blur,ELI721,EL72,0.6666666666666667,0.0,3dae453cb4c496117bb3921324a23712123849a333b6723de22d47e8b6d47da1,36b4587d6faf085fbf93e724f6f4afc197ad723d55d7b15f98787c6d83212db4,586.7900885641575,0.44843554496765137,6,6,0.0,0.12895833333333334,0.0,0,"[[23,17,21,33],[59,18,21,33],[94,16,9,32],[130,16,22,32],[168,15,21,34],[206,17,20,33]]"
train_003637_blur_ELI721,scoring__w_overlap__s4__plus,blur,ELI721,EL72,0.6666666666666667,0.0,4fc6f6217e636ead26d4d7c1d72a826303f8b65b5f55cd2529f5fed383c435d1,9019ec97f4f22f6577b85c799a2f4037d903ee0427b831a6ebdf72fc6fa4a1b5,698.9170527085662,0.48262160271406174,6,6,0.0,0.12895833333333334,0.0,0,"[[23,17,21,33],[59,18,21,33],[94,16,9,32],[130,16,22,32],[168,15,21,34],[206,17,20,33]]"
train_003637_blur_ELI721,scoring__w_prior__s1__minus,blur,ELI721,EL72,0.6666666666666667,0.0,119dde9dd0f40f2c94654bcdad7fdcbdca991b9c66a118493c9455365c162c68,c83562d672a4a943770c1107ff8e5582d33bdccad59dc6f03eedff738d1ff54b,615.7296793535352,0.452323816716671,6,6,0.0,0.12895833333333334,0.0,0,"[[23,17,21,33],[59,18,21,33],[94,16,9,32],[130,16,22,32],[168,15,21,34],[206,17,20,33]]"
train_003637_blur_ELI721,scoring__w_prior__s1__plus,blur,ELI721,EL72,0.6666666666666667,0.0,80ef8a505d3503f8ae8dfb9e650a0fe6c6bced62a41288d4d0b9e30e706e93e4,0ea20a7da2ed911087e0fcadc9f09f3b46302f841e55aa4ffec61b93818d87b8,702.986029908061,0.470208004117012,6,6,0.0,0.12895833333333334,0.0,0,"[[23,17,21,33],[59,18,21,33],[94,16,9,32],[130,16,22,32],[168,15,21,34],[206,17,20,33]]"
train_003637_blur_ELI721,scoring__w_prior__s2__minus,blur,ELI721,EL72,0.6666666666666667,0.0,c2c1f2d580284844699f4af25bce7f9873c617ca60e589bacdb37abb252ab532,da7c0d98dac86e8d53936ca8c95deba33eec5fd9b071e98ae61af66bdabff5b7,666.5843902155757,0.44990982860326767,6,6,0.0,0.12895833333333334,0.0,0,"[[23,17,21,33],[59,18,21,33],[94,16,9,32],[130,16,22,32],[168,15,21,34],[206,17,20,33]]"
train_003637_blur_ELI721,scoring__w_prior__s2__plus,blur,ELI721,EL72,0.6666666666666667,0.0,8aae4e48c0a23edc296faaeaaf0728a417cd7dfafd9a1d295b42c98a23f82994,f33ed55e39e3e21ca0ef39ed3f1a83cb79d677cb7875bb7482673fc4671f901c,568.4084296226501,0.49541424959897995,6,6,0.0,0.12895833333333334,0.0,0,"[[23,17,21,33],[59,18,21,33],[94,16,9,32],[130,16,22,32],[168,15,21,34],[206,17,20,33]]"
train_003637_blur_ELI721,scoring__w_prior__s4__minus,blur,ELI721,EL72,0.6666666666666667,0.0,ffd6efdd21fa9d9f6583b81c4ff04fa6e9fddeb3dda02ec62316c747c1ef50ed,1b97cc1a9831b52985ab69f98aa7889304ec32ad3d63a4eeb85362225fd21767,714.8916441947222,0.505044125020504,6,6,0.0,0.12895833333333334,0.0,0,"[[23,17,21,33],[59,18,21,33],[94,16,9,32],[130,16,22,32],[168,15,21,34],[206,17,20,33]]"
train_003637_blur_ELI721,scoring__w_prior__s4__plus,blur,ELI721,EL72,0.6666666666666667,0.0,1704f46ee61ee9e6820c2ea12fea28039801000b70954f2736d61c25d2f7fef5,cd8b7c2c5144d84fec9c7fe88ef6a91ff581e2deda7b6a8ed336b1a69ff7370b,679.0232611820102,0.5268855020403862,6,6,0.0,0.12895833333333334,0.0,0,"[[23,17,21,33],[59,18,21,33],[94,16,9,32],[130,16,22,32],[168,15,21,34],[206,17,20,33]]"
