block_index,condition,controller,sample_id,state,gt,pred,plate_accuracy,char_accuracy,dseg,dbox,U,total_ms,search_ms,semantic_trace_hash
0,clean,B0,train_000054_clean_BSB214,rsplit=1.600000;wprior=2.000000;gblock=0.050000,BSB214,BSB214,1.0,1.0,0,,0.0,570.8773769438267,0.46210456639528275,d51baf0f9fd3a7a87a0b60b0dda59c1c96fbb018437522527111ba8730acff4c
0,clean,B0,train_002709_clean_JVI451,rsplit=1.600000;wprior=2.000000;gblock=0.050000,JVI451,JV451,0.0,0.8333333333333334,0,,0.028942652329749102,565.1802569627762,0.5573732778429985,a7ef51ac3e628cabdc147ea4fa33e7bf44e3da40cbb7485d8078fae93b01fa6c
0,clean,B0,train_001539_clean_SQU307,rsplit=1.600000;wprior=2.000000;gblock=0.050000,SQU307,SQU307,1.0,1.0,0,,0.0,567.9382411763072,0.47849491238594055,738914c9e7cf5466ce147a624c217dd213f0137dce77f1617d64643d1e7d2416
0,clean,B0,train_000414_clean_IJH799,rsplit=1.600000;wprior=2.000000;gblock=0.050000,IJH799,IJH799,1.0,1.0,0,,0.001797385620915034,585.9208675101399,0.45326631516218185,7582c68da4d843eb718502ac700525f06383829d4c161dd174115cfcd62d5a21
0,clean,B0,train_001890_clean_MBG025,rsplit=1.600000;wprior=2.000000;gblock=0.050000,MBG025,MBG025,1.0,1.0,0,,0.0,556.7524898797274,1.325063407421112,a6d2a2621a5aabeff613b5b3257a7bad5b3ba8e463439cec49d70c689b725f61
0,clean,B0,train_000279_clean_RCE692,rsplit=1.600000;wprior=2.000000;gblock=0.050000,RCE692,RCE692,1.0,1.0,0,,0.0,583.0818517133594,0.48983655869960785,f828b19c5aa2c95c8ffa7eee82b86b42c487d2e9cb8a605a443a555dc167f8aa
0,clean,B0,train_000504_clean_ETG557,rsplit=1.600000;wprior=2.000000;gblock=0.050000,ETG557,ETG557,1.0,1.0,0,,0.0,564.118261449039,0.481409952044487,c02c6add3eb3d987e2e4c546eb4b404ca410998bb512a8eea0b47bc4667e0017
0,clean,B0,train_003546_clean_AWC215,rsplit=1.600000;wprior=2.000000;gblock=0.050000,AWC215,AWC215,1.0,1.0,0,,0.0,576.7013635486364,14.213312417268753,3d73c70cc9860456c623475ec38b85cd2794a9174ae55c0c5928a1904b8453ba
0,clean,B0,test_004464_clean_COP609,rsplit=1.600000;wprior=2.000000;gblock=0.050000,COP609,C0609,0.0,0.6666666666666667,0,,0.027777777777777776,564.9273106828332,0.48102904111146927,fd8d1878523894811e12d4b325d8f56c710c44ff46fabaa7f1d57c9cdf64e1ab
0,clean,B0,train_002601_clean_XDC158,rsplit=1.600000;wprior=2.000000;gblock=0.050000,XDC158,XDC158,1.0,1.0,0,,0.0,579.3110951781273,0.49426406621932983,41a75e24e9c2920822ed4c1b34db909515458e3db26a4f3dff9ba6354ed2e7ce
0,clean,B0,train_001638_clean_ASE800,rsplit=1.600000;wprior=2.000000;gblock=0.050000,ASE800,ASE800,1.0,1.0,0,,0.0,561.0800292342901,0.48217084258794785,88532bb7c0fd65687afd59131e7a96a83a22e16f961179373b79fc17e101956d
0,clean,B0,train_001242_clean_WAH855,rsplit=1.600000;wprior=2.000000;gblock=0.050000,WAH855,WAH855,1.0,1.0,0,,0.0,586.3667307421565,14.028863981366158,801ccbc8f95c39d944153b087cad637a619a50f611f6f5523f71acfab109d034
0,clean,B0,train_000216_clean_OXS674,rsplit=1.600000;wprior=2.000000;gblock=0.050000,OXS674,4S74,0.0,0.5,0,,0.05555555555555555,550.5968378856778,0.4612524062395096,4e87d88f797d29279bd0d01758fe20f934ef5bc208f6c600eaa6e4b9548a4ff6
0,clean,B0,train_001359_clean_MCO851,rsplit=1.600000;wprior=2.000000;gblock=0.050000,MCO851,MC851,0.0,0.8333333333333334,0,,0.027777777777777776,562.1037250384688,0.46775396913290024,4ea83f5366858d593b3ec6c6e0a8f7a71931767d449d688024cb6955a5c2c65f
0,clean,B0,test_004023_clean_JPB861,rsplit=1.600000;wprior=2.000000;gblock=0.050000,JPB861,JPB861,1.0,1.0,0,,0.0,569.4133089855313,0.4756990820169449,cb09b7cc13c5dc5b4d0f3bccbed7b3210033e9e24bc8740674d73f3640ba0bf9
0,clean,B1,train_000054_clean_BSB214,rsplit=1.600000;wprior=2.000000;gblock=0.050000,BSB214,BSB214,1.0,1.0,0,,0.0,570.8773769438267,0.46210456639528275,d51baf0f9fd3a7a87a0b60b0dda59c1c96fbb018437522527111ba8730acff4c
0,clean,B1,train_002709_clean_JVI451,rsplit=1.600000;wprior=2.000000;gblock=0.050000,JVI451,JV451,0.0,0.8333333333333334,0,,0.028942652329749102,565.1802569627762,0.5573732778429985,a7ef51ac3e628cabdc147ea4fa33e7bf44e3da40cbb7485d8078fae93b01fa6c
0,clean,B1,train_001539_clean_SQU307,rsplit=1.600000;wprior=2.000000;gblock=0.050000,SQU307,SQU307,1.0,1.0,0,,0.0,567.9382411763072,0.47849491238594055,738914c9e7cf5466ce147a624c217dd213f0137dce77f1617d64643d1e7d2416
0,clean,B1,train_000414_clean_IJH799,rsplit=1.600000;wprior=2.000000;gblock=0.050000,IJH799,IJH799,1.0,1.0,0,,0.001797385620915034,585.9208675101399,0.45326631516218185,7582c68da4d843eb718502ac700525f06383829d4c161dd174115cfcd62d5a21
0,clean,B1,train_001890_clean_MBG025,rsplit=1.600000;wprior=2.000000;gblock=0.050000,MBG025,MBG025,1.0,1.0,0,,0.0,556.7524898797274,1.325063407421112,a6d2a2621a5aabeff613b5b3257a7bad5b3ba8e463439cec49d70c689b725f61
0,clean,B1,train_000279_clean_RCE692,rsplit=1.600000;wprior=2.000000;gblock=0.050000,RCE692,RCE692,1.0,1.0,0,,0.0,583.0818517133594,0.48983655869960785,f828b19c5aa2c95c8ffa7eee82b86b42c487d2e9cb8a605a443a555dc167f8aa
0,clean,B1,train_000504_clean_ETG557,rsplit=1.600000;wprior=2.000000;gblock=0.050000,ETG557,ETG557,1.0,1.0,0,,0.0,564.118261449039,0.481409952044487,c02c6add3eb3d987e2e4c546eb4b404ca410998bb512a8eea0b47bc4667e0017
0,clean,B1,train_003546_clean_AWC215,rsplit=1.600000;wprior=2.000000;gblock=0.050000,AWC215,AWC215,1.0,1.0,0,,0.0,576.7013635486364,14.213312417268753,3d73c70cc9860456c623475ec38b85cd2794a9174ae55c0c5928a1904b8453ba
0,clean,B1,test_004464_clean_COP609,rsplit=1.600000;wprior=2.000000;gblock=0.050000,COP609,C0609,0.0,0.6666666666666667,0,,0.027777777777777776,564.9273106828332,0.48102904111146927,fd8d1878523894811e12d4b325d8f56c710c44ff46fabaa7f1d57c9cdf64e1ab
0,clean,B1,train_002601_clean_XDC158,rsplit=1.600000;wprior=2.000000;gblock=0.050000,XDC158,XDC158,1.0,1.0,0,,0.0,579.3110951781273,0.49426406621932983,41a75e24e9c2920822ed4c1b34db909515458e3db26a4f3dff9ba6354ed2e7ce
0,clean,B1,train_001638_clean_ASE800,rsplit=1.600000;wprior=2.000000;gblock=0.050000,ASE800,ASE800,1.0,1.0,0,,0.0,561.0800292342901,0.48217084258794785,88532bb7c0fd65687afd59131e7a96a83a22e16f961179373b79fc17e101956d
0,clean,B1,train_001242_clean_WAH855,rsplit=1.600000;wprior=2.000000;gblock=0.050000,WAH855,WAH855,1.0,1.0,0,,0.0,586.3667307421565,14.028863981366158,801ccbc8f95c39d944153b087cad637a619a50f611f6f5523f71acfab109d034
0,clean,B1,train_000216_clean_OXS674,rsplit=1.600000;wprior=2.000000;gblock=0.050000,OXS674,4S74,0.0,0.5,0,,0.05555555555555555,550.5968378856778,0.4612524062395096,4e87d88f797d29279bd0d01758fe20f934ef5bc208f6c600eaa6e4b9548a4ff6
0,clean,B1,train_001359_clean_MCO851,rsplit=1.600000;wprior=2.000000;gblock=0.050000,MCO851,MC851,0.0,0.8333333333333334,0,,0.027777777777777776,562.1037250384688,0.46775396913290024,4ea83f5366858d593b3ec6c6e0a8f7a71931767d449d688024cb6955a5c2c65f
0,clean,B1,test_004023_clean_JPB861,rsplit=1.600000;wprior=2.000000;gblock=0.050000,JPB861,JPB861,1.0,1.0,0,,0.0,569.4133089855313,0.4756990820169449,cb09b7cc13c5dc5b4d0f3bccbed7b3210033e9e24bc8740674d73f3640ba0bf9
0,clean,B2,train_000054_clean_BSB214,rsplit=1.600000;wprior=2.000000;gblock=0.050000,BSB214,BSB214,1.0,1.0,0,,0.0,570.8773769438267,0.46210456639528275,d51baf0f9fd3a7a87a0b60b0dda59c1c96fbb018437522527111ba8730acff4c
0,clean,B2,train_002709_clean_JVI451,rsplit=1.600000;wprior=2.000000;gblock=0.050000,JVI451,JV451,0.0,0.8333333333333334,0,,0.028942652329749102,565.1802569627762,0.5573732778429985,a7ef51ac3e628cabdc147ea4fa33e7bf44e3da40cbb7485d8078fae93b01fa6c
0,clean,B2,train_001539_clean_SQU307,rsplit=1.600000;wprior=2.000000;gblock=0.050000,SQU307,SQU307,1.0,1.0,0,,0.0,567.9382411763072,0.47849491238594055,738914c9e7cf5466ce147a624c217dd213f0137dce77f1617d64643d1e7d2416
0,clean,B2,train_000414_clean_IJH799,rsplit=1.600000;wprior=2.000000;gblock=0.050000,IJH799,IJH799,1.0,1.0,0,,0.001797385620915034,585.9208675101399,0.45326631516218185,7582c68da4d843eb718502ac700525f06383829d4c161dd174115cfcd62d5a21
0,clean,B2,train_001890_clean_MBG025,rsplit=1.600000;wprior=2.000000;gblock=0.050000,MBG025,MBG025,1.0,1.0,0,,0.0,556.7524898797274,1.325063407421112,a6d2a2621a5aabeff613b5b3257a7bad5b3ba8e463439cec49d70c689b725f61
0,clean,B2,train_000279_clean_RCE692,rsplit=1.600000;wprior=2.000000;gblock=0.050000,RCE692,RCE692,1.0,1.0,0,,0.0,583.0818517133594,0.48983655869960785,f828b19c5aa2c95c8ffa7eee82b86b42c487d2e9cb8a605a443a555dc167f8aa
0,clean,B2,train_000504_clean_ETG557,rsplit=1.600000;wprior=2.000000;gblock=0.050000,ETG557,ETG557,1.0,1.0,0,,0.0,564.118261449039,0.481409952044487,c02c6add3eb3d987e2e4c546eb4b404ca410998bb512a8eea0b47bc4667e0017
0,clean,B2,train_003546_clean_AWC215,rsplit=1.600000;wprior=2.000000;gblock=0.050000,AWC215,AWC215,1.0,1.0,0,,0.0,576.7013635486364,14.213312417268753,3d73c70cc9860456c623475ec38b85cd2794a9174ae55c0c5928a1904b8453ba
0,clean,B2,test_004464_clean_COP609,rsplit=1.600000;wprior=2.000000;gblock=0.050000,COP609,C0609,0.0,0.6666666666666667,0,,0.027777777777777776,564.9273106828332,0.48102904111146927,fd8d1878523894811e12d4b325d8f56c710c44ff46fabaa7f1d57c9cdf64e1ab
0,clean,B2,train_002601_clean_XDC158,rsplit=1.600000;wprior=2.000000;gblock=0.050000,XDC158,XDC158,1.0,1.0,0,,0.0,579.3110951781273,0.49426406621932983,41a75e24e9c2920822ed4c1b34db909515458e3db26a4f3dff9ba6354ed2e7ce
0,clean,B2,train_001638_clean_ASE800,rsplit=1.600000;wprior=2.000000;gblock=0.050000,ASE800,ASE800,1.0,1.0,0,,0.0,561.0800292342901,0.48217084258794785,88532bb7c0fd65687afd59131e7a96a83a22e16f961179373b79fc17e101956d
0,clean,B2,train_001242_clean_WAH855,rsplit=1.600000;wprior=2.000000;gblock=0.050000,WAH855,WAH855,1.0,1.0,0,,0.0,586.3667307421565,14.028863981366158,801ccbc8f95c39d944153b087cad637a619a50f611f6f5523f71acfab109d034
0,clean,B2,train_000216_clean_OXS674,rsplit=1.600000;wprior=2.000000;gblock=0.050000,OXS674,4S74,0.0,0.5,0,,0.05555555555555555,550.5968378856778,0.4612524062395096,4e87d88f797d29279bd0d01758fe20f934ef5bc208f6c600eaa6e4b9548a4ff6
0,clean,B2,train_001359_clean_MCO851,rsplit=1.600000;wprior=2.000000;gblock=0.050000,MCO851,MC851,0.0,0.8333333333333334,0,,0.027777777777777776,562.1037250384688,0.46775396913290024,4ea83f5366858d593b3ec6c6e0a8f7a71931767d449d688024cb6955a5c2c65f
0,clean,B2,test_004023_clean_JPB861,rsplit=1.600000;wprior=2.000000;gblock=0.050000,JPB861,JPB861,1.0,1.0,0,,0.0,569.4133089855313,0.4756990820169449,cb09b7cc13c5dc5b4d0f3bccbed7b3210033e9e24bc8740674d73f3640ba0bf9
0,clean,B3,train_000054_clean_BSB214,rsplit=1.600000;wprior=2.000000;gblock=0.050000,BSB214,BSB214,1.0,1.0,0,,0.0,570.8773769438267,0.46210456639528275,d51baf0f9fd3a7a87a0b60b0dda59c1c96fbb018437522527111ba8730acff4c
0,clean,B3,train_002709_clean_JVI451,rsplit=1.600000;wprior=2.000000;gblock=0.050000,JVI451,JV451,0.0,0.8333333333333334,0,,0.028942652329749102,565.1802569627762,0.5573732778429985,a7ef51ac3e628cabdc147ea4fa33e7bf44e3da40cbb7485d8078fae93b01fa6c
0,clean,B3,train_001539_clean_SQU307,rsplit=1.600000;wprior=2.000000;gblock=0.050000,SQU307,SQU307,1.0,1.0,0,,0.0,567.9382411763072,0.47849491238594055,738914c9e7cf5466ce147a624c217dd213f0137dce77f1617d64643d1e7d2416
0,clean,B3,train_000414_clean_IJH799,rsplit=1.600000;wprior=2.000000;gblock=0.050000,IJH799,IJH799,1.0,1.0,0,,0.001797385620915034,585.9208675101399,0.45326631516218185,7582c68da4d843eb718502ac700525f06383829d4c161dd174115cfcd62d5a21
0,clean,B3,train_001890_clean_MBG025,rsplit=1.600000;wprior=2.000000;gblock=0.050000,MBG025,MBG025,1.0,1.0,0,,0.0,556.7524898797274,1.325063407421112,a6d2a2621a5aabeff613b5b3257a7bad5b3ba8e463439cec49d70c689b725f61
0,clean,B3,train_000279_clean_RCE692,rsplit=1.600000;wprior=2.000000;gblock=0.050000,RCE692,RCE692,1.0,1.0,0,,0.0,583.0818517133594,0.48983655869960785,f828b19c5aa2c95c8ffa7eee82b86b42c487d2e9cb8a605a443a555dc167f8aa
0,clean,B3,train_000504_clean_ETG557,rsplit=1.600000;wprior=2.000000;gblock=0.050000,ETG557,ETG557,1.0,1.0,0,,0.0,564.118261449039,0.481409952044487,c02c6add3eb3d987e2e4c546eb4b404ca410998bb512a8eea0b47bc4667e0017
0,clean,B3,train_003546_clean_AWC215,rsplit=1.600000;wprior=2.000000;gblock=0.050000,AWC215,AWC215,1.0,1.0,0,,0.0,576.7013635486364,14.213312417268753,3d73c70cc9860456c623475ec38b85cd2794a9174ae55c0c5928a1904b8453ba
0,clean,B3,test_004464_clean_COP609,rsplit=1.600000;wprior=2.000000;gblock=0.050000,COP609,C0609,0.0,0.6666666666666667,0,,0.027777777777777776,564.9273106828332,0.48102904111146927,fd8d1878523894811e12d4b325d8f56c710c44ff46fabaa7f1d57c9cdf64e1ab
0,clean,B3,train_002601_clean_XDC158,rsplit=1.600000;wprior=2.000000;gblock=0.050000,XDC158,XDC158,1.0,1.0,0,,0.0,579.3110951781273,0.49426406621932983,41a75e24e9c2920822ed4c1b34db909515458e3db26a4f3dff9ba6354ed2e7ce
0,clean,B3,train_001638_clean_ASE800,rsplit=1.600000;wprior=2.000000;gblock=0.050000,ASE800,ASE800,1.0,1.0,0,,0.0,561.0800292342901,0.48217084258794785,88532bb7c0fd65687afd59131e7a96a83a22e16f961179373b79fc17e101956d
0,clean,B3,train_001242_clean_WAH855,rsplit=1.600000;wprior=2.000000;gblock=0.050000,WAH855,WAH855,1.0,1.0,0,,0.0,586.3667307421565,14.028863981366158,801ccbc8f95c39d944153b087cad637a619a50f611f6f5523f71acfab109d034
0,clean,B3,train_000216_clean_OXS674,rsplit=1.600000;wprior=2.000000;gblock=0.050000,OXS674,4S74,0.0,0.5,0,,0.05555555555555555,550.5968378856778,0.4612524062395096,4e87d88f797d29279bd0d01758fe20f934ef5bc208f6c600eaa6e4b9548a4ff6
0,clean,B3,train_001359_clean_MCO851,rsplit=1.600000;wprior=2.000000;gblock=0.050000,MCO851,MC851,0.0,0.8333333333333334,0,,0.027777777777777776,562.1037250384688,0.46775396913290024,4ea83f5366858d593b3ec6c6e0a8f7a71931767d449d688024cb6955a5c2c65f
0,clean,B3,test_004023_clean_JPB861,rsplit=1.600000;wprior=2.000000;gblock=0.050000,JPB861,JPB861,1.0,1.0,0,,0.0,569.4133089855313,0.4756990820169449,cb09b7cc13c5dc5b4d0f3bccbed7b3210033e9e24bc8740674d73f3640ba0bf9
0,clean,B3-I,train_000054_clean_BSB214,rsplit=1.600000;wprior=2.000000;gblock=0.050000,BSB214,BSB214,1.0,1.0,0,,0.0,570.8773769438267,0.46210456639528275,d51baf0f9fd3a7a87a0b60b0dda59c1c96fbb018437522527111ba8730acff4c
0,clean,B3-I,train_002709_clean_JVI451,rsplit=1.600000;wprior=2.000000;gblock=0.050000,JVI451,JV451,0.0,0.8333333333333334,0,,0.028942652329749102,565.1802569627762,0.5573732778429985,a7ef51ac3e628cabdc147ea4fa33e7bf44e3da40cbb7485d8078fae93b01fa6c
0,clean,B3-I,train_001539_clean_SQU307,rsplit=1.600000;wprior=2.000000;gblock=0.050000,SQU307,SQU307,1.0,1.0,0,,0.0,567.9382411763072,0.47849491238594055,738914c9e7cf5466ce147a624c217dd213f0137dce77f1617d64643d1e7d2416
0,clean,B3-I,train_000414_clean_IJH799,rsplit=1.600000;wprior=2.000000;gblock=0.050000,IJH799,IJH799,1.0,1.0,0,,0.001797385620915034,585.9208675101399,0.45326631516218185,7582c68da4d843eb718502ac700525f06383829d4c161dd174115cfcd62d5a21
0,clean,B3-I,train_001890_clean_MBG025,rsplit=1.600000;wprior=2.000000;gblock=0.050000,MBG025,MBG025,1.0,1.0,0,,0.0,556.7524898797274,1.325063407421112,a6d2a2621a5aabeff613b5b3257a7bad5b3ba8e463439cec49d70c689b725f61
0,clean,B3-I,train_000279_clean_RCE692,rsplit=1.600000;wprior=2.000000;gblock=0.050000,RCE692,RCE692,1.0,1.0,0,,0.0,583.0818517133594,0.48983655869960785,f828b19c5aa2c95c8ffa7eee82b86b42c487d2e9cb8a605a443a555dc167f8aa
0,clean,B3-I,train_000504_clean_ETG557,rsplit=1.600000;wprior=2.000000;gblock=0.050000,ETG557,ETG557,1.0,1.0,0,,0.0,564.118261449039,0.481409952044487,c02c6add3eb3d987e2e4c546eb4b404ca410998bb512a8eea0b47bc4667e0017
0,clean,B3-I,train_003546_clean_AWC215,rsplit=1.600000;wprior=2.000000;gblock=0.050000,AWC215,AWC215,1.0,1.0,0,,0.0,576.7013635486364,14.213312417268753,3d73c70cc9860456c623475ec38b85cd2794a9174ae55c0c5928a1904b8453ba
0,clean,B3-I,test_004464_clean_COP609,rsplit=1.600000;wprior=2.000000;gblock=0.050000,COP609,C0609,0.0,0.6666666666666667,0,,0.027777777777777776,564.9273106828332,0.48102904111146927,fd8d1878523894811e12d4b325d8f56c710c44ff46fabaa7f1d57c9cdf64e1ab
0,clean,B3-I,train_002601_clean_XDC158,rsplit=1.600000;wprior=2.000000;gblock=0.050000,XDC158,XDC158,1.0,1.0,0,,0.0,579.3110951781273,0.49426406621932983,41a75e24e9c2920822ed4c1b34db909515458e3db26a4f3dff9ba6354ed2e7ce
0,clean,B3-I,train_001638_clean_ASE800,rsplit=1.600000;wprior=2.000000;gblock=0.050000,ASE800,ASE800,1.0,1.0,0,,0.0,561.0800292342901,0.48217084258794785,88532bb7c0fd65687afd59131e7a96a83a22e16f961179373b79fc17e101956d
0,clean,B3-I,train_001242_clean_WAH855,rsplit=1.600000;wprior=2.000000;gblock=0.050000,WAH855,WAH855,1.0,1.0,0,,0.0,586.3667307421565,14.028863981366158,801ccbc8f95c39d944153b087cad637a619a50f611f6f5523f71acfab109d034
0,clean,B3-I,train_000216_clean_OXS674,rsplit=1.600000;wprior=2.000000;gblock=0.050000,OXS674,4S74,0.0,0.5,0,,0.05555555555555555,550.5968378856778,0.4612524062395096,4e87d88f797d29279bd0d01758fe20f934ef5bc208f6c600eaa6e4b9548a4ff6
0,clean,B3-I,train_001359_clean_MCO851,rsplit=1.600000;wprior=2.000000;gblock=0.050000,MCO851,MC851,0.0,0.8333333333333334,0,,0.027777777777777776,562.1037250384688,0.46775396913290024,4ea83f5366858d593b3ec6c6e0a8f7a71931767d449d688024cb6955a5c2c65f
0,clean,B3-I,test_004023_clean_JPB861,rsplit=1.600000;wprior=2.000000;gblock=0.050000,JPB861,JPB861,1.0,1.0,0,,0.0,569.4133089855313,0.4756990820169449,cb09b7cc13c5dc5b4d0f3bccbed7b3210033e9e24bc8740674d73f3640ba0bf9
0,clean,B3-R0,train_000054_clean_BSB214,rsplit=1.600000;wprior=2.000000;gblock=0.050000,BSB214,BSB214,1.0,1.0,0,,0.0,570.8773769438267,0.46210456639528275,d51baf0f9fd3a7a87a0b60b0dda59c1c96fbb018437522527111ba8730acff4c
0,clean,B3-R0,train_002709_clean_JVI451,rsplit=1.600000;wprior=2.000000;gblock=0.050000,JVI451,JV451,0.0,0.8333333333333334,0,,0.028942652329749102,565.1802569627762,0.5573732778429985,a7ef51ac3e628cabdc147ea4fa33e7bf44e3da40cbb7485d8078fae93b01fa6c
0,clean,B3-R0,train_001539_clean_SQU307,rsplit=1.600000;wprior=2.000000;gblock=0.050000,SQU307,SQU307,1.0,1.0,0,,0.0,567.9382411763072,0.47849491238594055,738914c9e7cf5466ce147a624c217dd213f0137dce77f1617d64643d1e7d2416
0,clean,B3-R0,train_000414_clean_IJH799,rsplit=1.600000;wprior=2.000000;gblock=0.050000,IJH799,IJH799,1.0,1.0,0,,0.001797385620915034,585.9208675101399,0.45326631516218185,7582c68da4d843eb718502ac700525f06383829d4c161dd174115cfcd62d5a21
0,clean,B3-R0,train_001890_clean_MBG025,rsplit=1.600000;wprior=2.000000;gblock=0.050000,MBG025,MBG025,1.0,1.0,0,,0.0,556.7524898797274,1.325063407421112,a6d2a2621a5aabeff613b5b3257a7bad5b3ba8e463439cec49d70c689b725f61
0,clean,B3-R0,train_000279_clean_RCE692,rsplit=1.600000;wprior=2.000000;gblock=0.050000,RCE692,RCE692,1.0,1.0,0,,0.0,583.0818517133594,0.48983655869960785,f828b19c5aa2c95c8ffa7eee82b86b42c487d2e9cb8a605a443a555dc167f8aa
0,clean,B3-R0,train_000504_clean_ETG557,rsplit=1.600000;wprior=2.000000;gblock=0.050000,ETG557,ETG557,1.0,1.0,0,,0.0,564.118261449039,0.481409952044487,c02c6add3eb3d987e2e4c546eb4b404ca410998bb512a8eea0b47bc4667e0017
0,clean,B3-R0,train_003546_clean_AWC215,rsplit=1.600000;wprior=2.000000;gblock=0.050000,AWC215,AWC215,1.0,1.0,0,,0.0,576.7013635486364,14.213312417268753,3d73c70cc9860456c623475ec38b85cd2794a9174ae55c0c5928a1904b8453ba
0,clean,B3-R0,test_004464_clean_COP609,rsplit=1.600000;wprior=2.000000;gblock=0.050000,COP609,C0609,0.0,0.6666666666666667,0,,0.027777777777777776,564.9273106828332,0.48102904111146927,fd8d1878523894811e12d4b325d8f56c710c44ff46fabaa7f1d57c9cdf64e1ab
0,clean,B3-R0,train_002601_clean_XDC158,rsplit=1.600000;wprior=2.000000;gblock=0.050000,XDC158,XDC158,1.0,1.0,0,,0.0,579.3110951781273,0.49426406621932983,41a75e24e9c2920822ed4c1b34db909515458e3db26a4f3dff9ba6354ed2e7ce
0,clean,B3-R0,train_001638_clean_ASE800,rsplit=1.600000;wprior=2.000000;gblock=0.050000,ASE800,ASE800,1.0,1.0,0,,0.0,561.0800292342901,0.48217084258794785,88532bb7c0fd65687afd59131e7a96a83a22e16f961179373b79fc17e101956d
0,clean,B3-R0,train_001242_clean_WAH855,rsplit=1.600000;wprior=2.000000;gblock=0.050000,WAH855,WAH855,1.0,1.0,0,,0.0,586.3667307421565,14.028863981366158,801ccbc8f95c39d944153b087cad637a619a50f611f6f5523f71acfab109d034
0,clean,B3-R0,train_000216_clean_OXS674,rsplit=1.600000;wprior=2.000000;gblock=0.050000,OXS674,4S74,0.0,0.5,0,,0.05555555555555555,550.5968378856778,0.4612524062395096,4e87d88f797d29279bd0d01758fe20f934ef5bc208f6c600eaa6e4b9548a4ff6
0,clean,B3-R0,train_001359_clean_MCO851,rsplit=1.600000;wprior=2.000000;gblock=0.050000,MCO851,MC851,0.0,0.8333333333333334,0,,0.027777777777777776,562.1037250384688,0.46775396913290024,4ea83f5366858d593b3ec6c6e0a8f7a71931767d449d688024cb6955a5c2c65f
0,clean,B3-R0,test_004023_clean_JPB861,rsplit=1.600000;wprior=2.000000;gblock=0.050000,JPB861,JPB861,1.0,1.0,0,,0.0,569.4133089855313,0.4756990820169449,cb09b7cc13c5dc5b4d0f3bccbed7b3210033e9e24bc8740674d73f3640ba0bf9
1,blur,B0,test_004006_blur_AFW124,rsplit=1.600000;wprior=2.000000;gblock=0.050000,AFW124,AFW124,1.0,1.0,0,,0.0,560.8205609023571,15.598940663039684,6dc0fc5a917f62130b29330a0637636af83387467a74b0b9fe923ae9b890fa5d
1,blur,B0,train_000631_blur_GNZ582,rsplit=1.600000;wprior=2.000000;gblock=0.050000,GNZ582,GZ582,0.0,0.8333333333333334,0,,0.027777777777777776,547.3380303010345,0.4907678812742233,4a0841d47c12eaed714425f62056c4973da55e69fa25f7090d2dd8020c9a4010
1,blur,B0,train_003340_blur_TAH759,rsplit=1.600000;wprior=2.000000;gblock=0.050000,TAH759,TA79,0.0,0.6666666666666667,0,,0.05555555555555555,545.6292815506458,0.38136076182127,79ce49bb2adc5a07c2e3fd02eff1aaa653f91461257188bb8ac510d1f9ae8c3c
1,blur,B0,train_000685_blur_VBZ355,rsplit=1.600000;wprior=2.000000;gblock=0.050000,VBZ355,VBZ355,1.0,1.0,0,,0.0,558.2057908177376,0.4658317193388939,d4d6d3b353c60945ed04fb3f77c2b7adb7720dba4404da4b618e753584bdb9a3
1,blur,B0,train_003178_blur_QVO575,rsplit=1.600000;wprior=2.000000;gblock=0.050000,QVO575,QV575,0.0,0.8333333333333334,0,,0.027777777777777776,564.6037422120571,0.47005899250507355,b9d123acf5bf382f73e374e07ed31b7364f346ec217b2a14e29303da55a77693
1,blur,B0,train_000235_blur_CSN838,rsplit=1.600000;wprior=2.000000;gblock=0.050000,CSN838,CSN838,1.0,1.0,0,,0.0,546.2325820699334,0.36706309765577316,df47efcc8642bba707052e29b7b3de4dc1c0b41317fbfca551165cd1c76abcb6
1,blur,B0,test_004195_blur_VJB228,rsplit=1.600000;wprior=2.000000;gblock=0.050000,VJB228,VJB228,1.0,1.0,0,,0.0,560.2570967748761,0.5091223865747452,cb0b9e365f70082affd22db4e4a28b81daea64e02509c7e00dce77f89c96ecb1
1,blur,B0,train_003232_blur_PFW702,rsplit=1.600000;wprior=2.000000;gblock=0.050000,PFW702,FW72,0.0,0.6666666666666667,0,,0.05555555555555555,586.0545430332422,19.496798515319824,9a1ee8949802f304b1ca4022e7009816ac5a09a0404750490ffd4484b0997b2f
1,blur,B0,train_002692_blur_ZWY365,rsplit=1.600000;wprior=2.000000;gblock=0.050000,ZWY365,ZWY365,1.0,1.0,0,,0.0,619.9465673416853,13.918154872953892,c68835dd45154f6d87cf05304bc5408e7d22721a050ab932afbf953b48ab34e9
1,blur,B0,train_002206_blur_BOA579,rsplit=1.600000;wprior=2.000000;gblock=0.050000,BOA579,BA579,0.0,0.8333333333333334,0,,0.027777777777777776,600.5735117942095,0.48558786511421204,e9f67c0d5d38b327327ab9cd695ff92e2391f98894ffc5c332525c866384abe0
1,blur,B0,train_000883_blur_VWC307,rsplit=1.600000;wprior=2.000000;gblock=0.050000,VWC307,VWC37,0.0,0.8333333333333334,0,,0.027777777777777776,594.2954672500491,13.46280425786972,64aede74b16734858697867db5b08c4f9dca5b622fe0859b599a86808ed6639a
1,blur,B0,test_004618_blur_YQW529,rsplit=1.600000;wprior=2.000000;gblock=0.050000,YQW529,YW529,0.0,0.8333333333333334,0,,0.027777777777777776,650.173363275826,25.068859569728374,2d290b428f35164689fc50957082baf26ab4f088b769e73dd7024a7a11456b77
1,blur,B0,train_000730_blur_MJA475,rsplit=1.600000;wprior=2.000000;gblock=0.050000,MJA475,MJA475,1.0,1.0,0,,0.0,560.7239622622728,0.46189315617084503,22998cd71b5ce4a3d086aaf979f672663f9eb6375cff33298067c1031780c59a
1,blur,B0,train_002377_blur_BLN639,rsplit=1.600000;wprior=2.000000;gblock=0.050000,BLN639,BL639,0.0,0.8333333333333334,0,,0.027777777777777776,560.0661737844348,0.4613921046257019,ed8d7addcfbfbedbb7f25b3578a19e3b7c8cfd23a4759f53dcf421c6efadb150
1,blur,B0,test_004699_blur_QLE137,rsplit=1.600000;wprior=2.000000;gblock=0.050000,QLE137,LE137,0.0,0.8333333333333334,0,,0.027777777777777776,552.9131358489394,0.45359786599874496,a37bfc305a4a4f11a2dea3e047310c41bbca2bdded53fb88236194afee3a40e4
1,blur,B1,test_004006_blur_AFW124,rsplit=1.600000;wprior=2.000000;gblock=0.050000,AFW124,AFW124,1.0,1.0,0,,0.0,560.8205609023571,15.598940663039684,6dc0fc5a917f62130b29330a0637636af83387467a74b0b9fe923ae9b890fa5d
1,blur,B1,train_000631_blur_GNZ582,rsplit=1.600000;wprior=2.000000;gblock=0.050000,GNZ582,GZ582,0.0,0.8333333333333334,0,,0.027777777777777776,547.3380303010345,0.4907678812742233,4a0841d47c12eaed714425f62056c4973da55e69fa25f7090d2dd8020c9a4010
1,blur,B1,train_003340_blur_TAH759,rsplit=1.600000;wprior=2.000000;gblock=0.050000,TAH759,TA79,0.0,0.6666666666666667,0,,0.05555555555555555,545.6292815506458,0.38136076182127,79ce49bb2adc5a07c2e3fd02eff1aaa653f91461257188bb8ac510d1f9ae8c3c
1,blur,B1,train_000685_blur_VBZ355,rsplit=1.600000;wprior=2.000000;gblock=0.050000,VBZ355,VBZ355,1.0,1.0,0,,0.0,558.2057908177376,0.4658317193388939,d4d6d3b353c60945ed04fb3f77c2b7adb7720dba4404da4b618e753584bdb9a3
1,blur,B1,train_003178_blur_QVO575,rsplit=1.600000;wprior=2.000000;gblock=0.050000,QVO575,QV575,0.0,0.8333333333333334,0,,0.027777777777777776,564.6037422120571,0.47005899250507355,b9d123acf5bf382f73e374e07ed31b7364f346ec217b2a14e29303da55a77693
1,blur,B1,train_000235_blur_CSN838,rsplit=1.600000;wprior=2.000000;gblock=0.050000,CSN838,CSN838,1.0,1.0,0,,0.0,546.2325820699334,0.36706309765577316,df47efcc8642bba707052e29b7b3de4dc1c0b41317fbfca551165cd1c76abcb6
1,blur,B1,test_004195_blur_VJB228,rsplit=1.600000;wprior=2.000000;gblock=0.050000,VJB228,VJB228,1.0,1.0,0,,0.0,560.2570967748761,0.5091223865747452,cb0b9e365f70082affd22db4e4a28b81daea64e02509c7e00dce77f89c96ecb1
1,blur,B1,train_003232_blur_PFW702,rsplit=1.600000;wprior=2.000000;gblock=0.050000,PFW702,FW72,0.0,0.6666666666666667,0,,0.05555555555555555,586.0545430332422,19.496798515319824,9a1ee8949802f304b1ca4022e7009816ac5a09a0404750490ffd4484b0997b2f
1,blur,B1,train_002692_blur_ZWY365,rsplit=1.600000;wprior=2.000000;gblock=0.050000,ZWY365,ZWY365,1.0,1.0,0,,0.0,619.9465673416853,13.918154872953892,c68835dd45154f6d87cf05304bc5408e7d22721a050ab932afbf953b48ab34e9
1,blur,B1,train_002206_blur_BOA579,rsplit=1.600000;wprior=2.000000;gblock=0.050000,BOA579,BA579,0.0,0.8333333333333334,0,,0.027777777777777776,600.5735117942095,0.48558786511421204,e9f67c0d5d38b327327ab9cd695ff92e2391f98894ffc5c332525c866384abe0
1,blur,B1,train_000883_blur_VWC307,rsplit=1.600000;wprior=2.000000;gblock=0.050000,VWC307,VWC37,0.0,0.8333333333333334,0,,0.027777777777777776,594.2954672500491,13.46280425786972,64aede74b16734858697867db5b08c4f9dca5b622fe0859b599a86808ed6639a
1,blur,B1,test_004618_blur_YQW529,rsplit=1.600000;wprior=2.000000;gblock=0.050000,YQW529,YW529,0.0,0.8333333333333334,0,,0.027777777777777776,650.173363275826,25.068859569728374,2d290b428f35164689fc50957082baf26ab4f088b769e73dd7024a7a11456b77
1,blur,B1,train_000730_blur_MJA475,rsplit=1.600000;wprior=2.000000;gblock=0.050000,MJA475,MJA475,1.0,1.0,0,,0.0,560.7239622622728,0.46189315617084503,22998cd71b5ce4a3d086aaf979f672663f9eb6375cff33298067c1031780c59a
1,blur,B1,train_002377_blur_BLN639,rsplit=1.600000;wprior=2.000000;gblock=0.050000,BLN639,BL639,0.0,0.8333333333333334,0,,0.027777777777777776,560.0661737844348,0.4613921046257019,ed8d7addcfbfbedbb7f25b3578a19e3b7c8cfd23a4759f53dcf421c6efadb150
1,blur,B1,test_004699_blur_QLE137,rsplit=1.600000;wprior=2.000000;gblock=0.050000,QLE137,LE137,0.0,0.8333333333333334,0,,0.027777777777777776,552.9131358489394,0.45359786599874496,a37bfc305a4a4f11a2dea3e047310c41bbca2bdded53fb88236194afee3a40e4
1,blur,B2,test_004006_blur_AFW124,rsplit=1.600000;wprior=2.000000;gblock=0.050000,AFW124,AFW124,1.0,1.0,0,,0.0,560.8205609023571,15.598940663039684,6dc0fc5a917f62130b29330a0637636af83387467a74b0b9fe923ae9b890fa5d
1,blur,B2,train_000631_blur_GNZ582,rsplit=1.600000;wprior=2.000000;gblock=0.050000,GNZ582,GZ582,0.0,0.8333333333333334,0,,0.027777777777777776,547.3380303010345,0.4907678812742233,4a0841d47c12eaed714425f62056c4973da55e69fa25f7090d2dd8020c9a4010
1,blur,B2,train_003340_blur_TAH759,rsplit=1.600000;wprior=2.000000;gblock=0.050000,TAH759,TA79,0.0,0.6666666666666667,0,,0.05555555555555555,545.6292815506458,0.38136076182127,79ce49bb2adc5a07c2e3fd02eff1aaa653f91461257188bb8ac510d1f9ae8c3c
1,blur,B2,train_000685_blur_VBZ355,rsplit=1.600000;wprior=2.000000;gblock=0.050000,VBZ355,VBZ355,1.0,1.0,0,,0.0,558.2057908177376,0.4658317193388939,d4d6d3b353c60945ed04fb3f77c2b7adb7720dba4404da4b618e753584bdb9a3
1,blur,B2,train_003178_blur_QVO575,rsplit=1.600000;wprior=2.000000;gblock=0.050000,QVO575,QV575,0.0,0.8333333333333334,0,,0.027777777777777776,564.6037422120571,0.47005899250507355,b9d123acf5bf382f73e374e07ed31b7364f346ec217b2a14e29303da55a77693
1,blur,B2,train_000235_blur_CSN838,rsplit=1.600000;wprior=2.000000;gblock=0.050000,CSN838,CSN838,1.0,1.0,0,,0.0,546.2325820699334,0.36706309765577316,df47efcc8642bba707052e29b7b3de4dc1c0b41317fbfca551165cd1c76abcb6
1,blur,B2,test_004195_blur_VJB228,rsplit=1.600000;wprior=2.000000;gblock=0.050000,VJB228,VJB228,1.0,1.0,0,,0.0,560.2570967748761,0.5091223865747452,cb0b9e365f70082affd22db4e4a28b81daea64e02509c7e00dce77f89c96ecb1
1,blur,B2,train_003232_blur_PFW702,rsplit=1.600000;wprior=2.000000;gblock=0.050000,PFW702,FW72,0.0,0.6666666666666667,0,,0.05555555555555555,586.0545430332422,19.496798515319824,9a1ee8949802f304b1ca4022e7009816ac5a09a0404750490ffd4484b0997b2f
1,blur,B2,train_002692_blur_ZWY365,rsplit=1.600000;wprior=2.000000;gblock=0.050000,ZWY365,ZWY365,1.0,1.0,0,,0.0,619.9465673416853,13.918154872953892,c68835dd45154f6d87cf05304bc5408e7d22721a050ab932afbf953b48ab34e9
1,blur,B2,train_002206_blur_BOA579,rsplit=1.600000;wprior=2.000000;gblock=0.050000,BOA579,BA579,0.0,0.8333333333333334,0,,0.027777777777777776,600.5735117942095,0.48558786511421204,e9f67c0d5d38b327327ab9cd695ff92e2391f98894ffc5c332525c866384abe0
1,blur,B2,train_000883_blur_VWC307,rsplit=1.600000;wprior=2.000000;gblock=0.050000,VWC307,VWC37,0.0,0.8333333333333334,0,,0.027777777777777776,594.2954672500491,13.46280425786972,64aede74b16734858697867db5b08c4f9dca5b622fe0859b599a86808ed6639a
1,blur,B2,test_004618_blur_YQW529,rsplit=1.600000;wprior=2.000000;gblock=0.050000,YQW529,YW529,0.0,0.8333333333333334,0,,0.027777777777777776,650.173363275826,25.068859569728374,2d290b428f35164689fc50957082baf26ab4f088b769e73dd7024a7a11456b77
1,blur,B2,train_000730_blur_MJA475,rsplit=1.600000;wprior=2.000000;gblock=0.050000,MJA475,MJA475,1.0,1.0,0,,0.0,560.7239622622728,0.46189315617084503,22998cd71b5ce4a3d086aaf979f672663f9eb6375cff33298067c1031780c59a
1,blur,B2,train_002377_blur_BLN639,rsplit=1.600000;wprior=2.000000;gblock=0.050000,BLN639,BL639,0.0,0.8333333333333334,0,,0.027777777777777776,560.0661737844348,0.4613921046257019,ed8d7addcfbfbedbb7f25b3578a19e3b7c8cfd23a4759f53dcf421c6efadb150
1,blur,B2,test_004699_blur_QLE137,rsplit=1.600000;wprior=2.000000;gblock=0.050000,QLE137,LE137,0.0,0.8333333333333334,0,,0.027777777777777776,552.9131358489394,0.45359786599874496,a37bfc305a4a4f11a2dea3e047310c41bbca2bdded53fb88236194afee3a40e4
1,blur,B3,test_004006_blur_AFW124,rsplit=1.600000;wprior=2.000000;gblock=0.050000,AFW124,AFW124,1.0,1.0,0,,0.0,560.8205609023571,15.598940663039684,6dc0fc5a917f62130b29330a0637636af83387467a74b0b9fe923ae9b890fa5d
1,blur,B3,train_000631_blur_GNZ582,rsplit=1.600000;wprior=2.000000;gblock=0.050000,GNZ582,GZ582,0.0,0.8333333333333334,0,,0.027777777777777776,547.3380303010345,0.4907678812742233,4a0841d47c12eaed714425f62056c4973da55e69fa25f7090d2dd8020c9a4010
1,blur,B3,train_003340_blur_TAH759,rsplit=1.600000;wprior=2.000000;gblock=0.050000,TAH759,TA79,0.0,0.6666666666666667,0,,0.05555555555555555,545.6292815506458,0.38136076182127,79ce49bb2adc5a07c2e3fd02eff1aaa653f91461257188bb8ac510d1f9ae8c3c
1,blur,B3,train_000685_blur_VBZ355,rsplit=1.600000;wprior=2.000000;gblock=0.050000,VBZ355,VBZ355,1.0,1.0,0,,0.0,558.2057908177376,0.4658317193388939,d4d6d3b353c60945ed04fb3f77c2b7adb7720dba4404da4b618e753584bdb9a3
1,blur,B3,train_003178_blur_QVO575,rsplit=1.600000;wprior=2.000000;gblock=0.050000,QVO575,QV575,0.0,0.8333333333333334,0,,0.027777777777777776,564.6037422120571,0.47005899250507355,b9d123acf5bf382f73e374e07ed31b7364f346ec217b2a14e29303da55a77693
1,blur,B3,train_000235_blur_CSN838,rsplit=1.600000;wprior=2.000000;gblock=0.050000,CSN838,CSN838,1.0,1.0,0,,0.0,546.2325820699334,0.36706309765577316,df47efcc8642bba707052e29b7b3de4dc1c0b41317fbfca551165cd1c76abcb6
1,blur,B3,test_004195_blur_VJB228,rsplit=1.600000;wprior=2.000000;gblock=0.050000,VJB228,VJB228,1.0,1.0,0,,0.0,560.2570967748761,0.5091223865747452,cb0b9e365f70082affd22db4e4a28b81daea64e02509c7e00dce77f89c96ecb1
1,blur,B3,train_003232_blur_PFW702,rsplit=1.600000;wprior=2.000000;gblock=0.050000,PFW702,FW72,0.0,0.6666666666666667,0,,0.05555555555555555,586.0545430332422,19.496798515319824,9a1ee8949802f304b1ca4022e7009816ac5a09a0404750490ffd4484b0997b2f
1,blur,B3,train_002692_blur_ZWY365,rsplit=1.600000;wprior=2.000000;gblock=0.050000,ZWY365,ZWY365,1.0,1.0,0,,0.0,619.9465673416853,13.918154872953892,c68835dd45154f6d87cf05304bc5408e7d22721a050ab932afbf953b48ab34e9
1,blur,B3,train_002206_blur_BOA579,rsplit=1.600000;wprior=2.000000;gblock=0.050000,BOA579,BA579,0.0,0.8333333333333334,0,,0.027777777777777776,600.5735117942095,0.48558786511421204,e9f67c0d5d38b327327ab9cd695ff92e2391f98894ffc5c332525c866384abe0
1,blur,B3,train_000883_blur_VWC307,rsplit=1.600000;wprior=2.000000;gblock=0.050000,VWC307,VWC37,0.0,0.8333333333333334,0,,0.027777777777777776,594.2954672500491,13.46280425786972,64aede74b16734858697867db5b08c4f9dca5b622fe0859b599a86808ed6639a
1,blur,B3,test_004618_blur_YQW529,rsplit=1.600000;wprior=2.000000;gblock=0.050000,YQW529,YW529,0.0,0.8333333333333334,0,,0.027777777777777776,650.173363275826,25.068859569728374,2d290b428f35164689fc50957082baf26ab4f088b769e73dd7024a7a11456b77
1,blur,B3,train_000730_blur_MJA475,rsplit=1.600000;wprior=2.000000;gblock=0.050000,MJA475,MJA475,1.0,1.0,0,,0.0,560.7239622622728,0.46189315617084503,22998cd71b5ce4a3d086aaf979f672663f9eb6375cff33298067c1031780c59a
1,blur,B3,train_002377_blur_BLN639,rsplit=1.600000;wprior=2.000000;gblock=0.050000,BLN639,BL639,0.0,0.8333333333333334,0,,0.027777777777777776,560.0661737844348,0.4613921046257019,ed8d7addcfbfbedbb7f25b3578a19e3b7c8cfd23a4759f53dcf421c6efadb150
1,blur,B3,test_004699_blur_QLE137,rsplit=1.600000;wprior=2.000000;gblock=0.050000,QLE137,LE137,0.0,0.8333333333333334,0,,0.027777777777777776,552.9131358489394,0.45359786599874496,a37bfc305a4a4f11a2dea3e047310c41bbca2bdded53fb88236194afee3a40e4
1,blur,B3-I,test_004006_blur_AFW124,rsplit=1.600000;wprior=2.000000;gblock=0.050000,AFW124,AFW124,1.0,1.0,0,,0.0,560.8205609023571,15.598940663039684,6dc0fc5a917f62130b29330a0637636af83387467a74b0b9fe923ae9b890fa5d
1,blur,B3-I,train_000631_blur_GNZ582,rsplit=1.600000;wprior=2.000000;gblock=0.050000,GNZ582,GZ582,0.0,0.8333333333333334,0,,0.027777777777777776,547.3380303010345,0.4907678812742233,4a0841d47c12eaed714425f62056c4973da55e69fa25f7090d2dd8020c9a4010
1,blur,B3-I,train_003340_blur_TAH759,rsplit=1.600000;wprior=2.000000;gblock=0.050000,TAH759,TA79,0.0,0.6666666666666667,0,,0.05555555555555555,545.6292815506458,0.38136076182127,79ce49bb2adc5a07c2e3fd02eff1aaa653f91461257188bb8ac510d1f9ae8c3c
1,blur,B3-I,train_000685_blur_VBZ355,rsplit=1.600000;wprior=2.000000;gblock=0.050000,VBZ355,VBZ355,1.0,1.0,0,,0.0,558.2057908177376,0.4658317193388939,d4d6d3b353c60945ed04fb3f77c2b7adb7720dba4404da4b618e753584bdb9a3
1,blur,B3-I,train_003178_blur_QVO575,rsplit=1.600000;wprior=2.000000;gblock=0.050000,QVO575,QV575,0.0,0.8333333333333334,0,,0.027777777777777776,564.6037422120571,0.47005899250507355,b9d123acf5bf382f73e374e07ed31b7364f346ec217b2a14e29303da55a77693
1,blur,B3-I,train_000235_blur_CSN838,rsplit=1.600000;wprior=2.000000;gblock=0.050000,CSN838,CSN838,1.0,1.0,0,,0.0,546.2325820699334,0.36706309765577316,df47efcc8642bba707052e29b7b3de4dc1c0b41317fbfca551165cd1c76abcb6
1,blur,B3-I,test_004195_blur_VJB228,rsplit=1.600000;wprior=2.000000;gblock=0.050000,VJB228,VJB228,1.0,1.0,0,,0.0,560.2570967748761,0.5091223865747452,cb0b9e365f70082affd22db4e4a28b81daea64e02509c7e00dce77f89c96ecb1
1,blur,B3-I,train_003232_blur_PFW702,rsplit=1.600000;wprior=2.000000;gblock=0.050000,PFW702,FW72,0.0,0.6666666666666667,0,,0.05555555555555555,586.0545430332422,19.496798515319824,9a1ee8949802f304b1ca4022e7009816ac5a09a0404750490ffd4484b0997b2f
1,blur,B3-I,train_002692_blur_ZWY365,rsplit=1.600000;wprior=2.000000;gblock=0.050000,ZWY365,ZWY365,1.0,1.0,0,,0.0,619.9465673416853,13.918154872953892,c68835dd45154f6d87cf05304bc5408e7d22721a050ab932afbf953b48ab34e9
1,blur,B3-I,train_002206_blur_BOA579,rsplit=1.600000;wprior=2.000000;gblock=0.050000,BOA579,BA579,0.0,0.8333333333333334,0,,0.027777777777777776,600.5735117942095,0.48558786511421204,e9f67c0d5d38b327327ab9cd695ff92e2391f98894ffc5c332525c866384abe0
1,blur,B3-I,train_000883_blur_VWC307,rsplit=1.600000;wprior=2.000000;gblock=0.050000,VWC307,VWC37,0.0,0.8333333333333334,0,,0.027777777777777776,594.2954672500491,13.46280425786972,64aede74b16734858697867db5b08c4f9dca5b622fe0859b599a86808ed6639a
1,blur,B3-I,test_004618_blur_YQW529,rsplit=1.600000;wprior=2.000000;gblock=0.050000,YQW529,YW529,0.0,0.8333333333333334,0,,0.027777777777777776,650.173363275826,25.068859569728374,2d290b428f35164689fc50957082baf26ab4f088b769e73dd7024a7a11456b77
1,blur,B3-I,train_000730_blur_MJA475,rsplit=1.600000;wprior=2.000000;gblock=0.050000,MJA475,MJA475,1.0,1.0,0,,0.0,560.7239622622728,0.46189315617084503,22998cd71b5ce4a3d086aaf979f672663f9eb6375cff33298067c1031780c59a
1,blur,B3-I,train_002377_blur_BLN639,rsplit=1.600000;wprior=2.000000;gblock=0.050000,BLN639,BL639,0.0,0.8333333333333334,0,,0.027777777777777776,560.0661737844348,0.4613921046257019,ed8d7addcfbfbedbb7f25b3578a19e3b7c8cfd23a4759f53dcf421c6efadb150
1,blur,B3-I,test_004699_blur_QLE137,rsplit=1.600000;wprior=2.000000;gblock=0.050000,QLE137,LE137,0.0,0.8333333333333334,0,,0.027777777777777776,552.9131358489394,0.45359786599874496,a37bfc305a4a4f11a2dea3e047310c41bbca2bdded53fb88236194afee3a40e4
1,blur,B3-R0,test_004006_blur_AFW124,rsplit=1.600000;wprior=2.000000;gblock=0.050000,AFW124,AFW124,1.0,1.0,0,,0.0,560.8205609023571,15.598940663039684,6dc0fc5a917f62130b29330a0637636af83387467a74b0b9fe923ae9b890fa5d
1,blur,B3-R0,train_000631_blur_GNZ582,rsplit=1.600000;wprior=2.000000;gblock=0.050000,GNZ582,GZ582,0.0,0.8333333333333334,0,,0.027777777777777776,547.3380303010345,0.4907678812742233,4a0841d47c12eaed714425f62056c4973da55e69fa25f7090d2dd8020c9a4010
1,blur,B3-R0,train_003340_blur_TAH759,rsplit=1.600000;wprior=2.000000;gblock=0.050000,TAH759,TA79,0.0,0.6666666666666667,0,,0.05555555555555555,545.6292815506458,0.38136076182127,79ce49bb2adc5a07c2e3fd02eff1aaa653f91461257188bb8ac510d1f9ae8c3c
1,blur,B3-R0,train_000685_blur_VBZ355,rsplit=1.600000;wprior=2.000000;gblock=0.050000,VBZ355,VBZ355,1.0,1.0,0,,0.0,558.2057908177376,0.4658317193388939,d4d6d3b353c60945ed04fb3f77c2b7adb7720dba4404da4b618e753584bdb9a3
1,blur,B3-R0,train_003178_blur_QVO575,rsplit=1.600000;wprior=2.000000;gblock=0.050000,QVO575,QV575,0.0,0.8333333333333334,0,,0.027777777777777776,564.6037422120571,0.47005899250507355,b9d123acf5bf382f73e374e07ed31b7364f346ec217b2a14e29303da55a77693
1,blur,B3-R0,train_000235_blur_CSN838,rsplit=1.600000;wprior=2.000000;gblock=0.050000,CSN838,CSN838,1.0,1.0,0,,0.0,546.2325820699334,0.36706309765577316,df47efcc8642bba707052e29b7b3de4dc1c0b41317fbfca551165cd1c76abcb6
1,blur,B3-R0,test_004195_blur_VJB228,rsplit=1.600000;wprior=2.000000;gblock=0.050000,VJB228,VJB228,1.0,1.0,0,,0.0,560.2570967748761,0.5091223865747452,cb0b9e365f70082affd22db4e4a28b81daea64e02509c7e00dce77f89c96ecb1
1,blur,B3-R0,train_003232_blur_PFW702,rsplit=1.600000;wprior=2.000000;gblock=0.050000,PFW702,FW72,0.0,0.6666666666666667,0,,0.05555555555555555,586.0545430332422,19.496798515319824,9a1ee8949802f304b1ca4022e7009816ac5a09a0404750490ffd4484b0997b2f
1,blur,B3-R0,train_002692_blur_ZWY365,rsplit=1.600000;wprior=2.000000;gblock=0.050000,ZWY365,ZWY365,1.0,1.0,0,,0.0,619.9465673416853,13.918154872953892,c68835dd45154f6d87cf05304bc5408e7d22721a050ab932afbf953b48ab34e9
1,blur,B3-R0,train_002206_blur_BOA579,rsplit=1.600000;wprior=2.000000;gblock=0.050000,BOA579,BA579,0.0,0.8333333333333334,0,,0.027777777777777776,600.5735117942095,0.48558786511421204,e9f67c0d5d38b327327ab9cd695ff92e2391f98894ffc5c332525c866384abe0
1,blur,B3-R0,train_000883_blur_VWC307,rsplit=1.600000;wprior=2.000000;gblock=0.050000,VWC307,VWC37,0.0,0.8333333333333334,0,,0.027777777777777776,594.2954672500491,13.46280425786972,64aede74b16734858697867db5b08c4f9dca5b622fe0859b599a86808ed6639a
1,blur,B3-R0,test_004618_blur_YQW529,rsplit=1.600000;wprior=2.000000;gblock=0.050000,YQW529,YW529,0.0,0.8333333333333334,0,,0.027777777777777776,650.173363275826,25.068859569728374,2d290b428f35164689fc50957082baf26ab4f088b769e73dd7024a7a11456b77
1,blur,B3-R0,train_000730_blur_MJA475,rsplit=1.600000;wprior=2.000000;gblock=0.050000,MJA475,MJA475,1.0,1.0,0,,0.0,560.7239622622728,0.46189315617084503,22998cd71b5ce4a3d086aaf979f672663f9eb6375cff33298067c1031780c59a
1,blur,B3-R0,train_002377_blur_BLN639,rsplit=1.600000;wprior=2.000000;gblock=0.050000,BLN639,BL639,0.0,0.8333333333333334,0,,0.027777777777777776,560.0661737844348,0.4613921046257019,ed8d7addcfbfbedbb7f25b3578a19e3b7c8cfd23a4759f53dcf421c6efadb150
1,blur,B3-R0,test_004699_blur_QLE137,rsplit=1.600000;wprior=2.000000;gblock=0.050000,QLE137,LE137,0.0,0.8333333333333334,0,,0.027777777777777776,552.9131358489394,0.45359786599874496,a37bfc305a4a4f11a2dea3e047310c41bbca2bdded53fb88236194afee3a40e4
2,clean,B0,test_004824_clean_SWI530,rsplit=1.600000;wprior=2.000000;gblock=0.050000,SWI530,SW530,0.0,0.8333333333333334,0,,0.02962962962962963,575.7525218650699,15.59702679514885,2f6311260ec77b366e7e19d6d786faf945e8c849b9105a7bfcfa913a5d882976
2,clean,B0,test_004707_clean_RQC104,rsplit=1.600000;wprior=2.000000;gblock=0.050000,RQC104,RC104,0.0,0.8333333333333334,0,,0.027777777777777776,564.959635026753,0.4602000117301941,77bec2b69ec04e27eab98f5d962f5565f35342e69db63320a1e889a1407d22be
2,clean,B0,test_004158_clean_LUQ330,rsplit=1.600000;wprior=2.000000;gblock=0.050000,LUQ330,LU330,0.0,0.8333333333333334,0,,0.027777777777777776,560.1331731304526,0.5798265337944031,3f4fa80b82dba65302d301fad343330c1fb9b6526dcb1e970dfd4147cbf2d8a2
2,clean,B0,train_003825_clean_FKC672,rsplit=1.600000;wprior=2.000000;gblock=0.050000,FKC672,FKC672,1.0,1.0,0,,0.0,549.7015975415707,0.5729831755161285,246b65bb13512b78f17d68ba860b69a7e2d3425f60d8b6f772e41c210c9ef31b
2,clean,B0,train_001341_clean_PPI813,rsplit=1.600000;wprior=2.000000;gblock=0.050000,PPI813,DD813,0.0,0.5,0,,0.028942652329749102,574.271802790463,0.4530157893896103,1410a250d6b015a9e46eeace5b3d685fcf95995827d8948abd923cbbc28953ef
2,clean,B0,train_000045_clean_YSX028,rsplit=1.600000;wprior=2.000000;gblock=0.050000,YSX028,YSX28,0.0,0.8333333333333334,0,,0.027777777777777776,582.1908926591277,0.48131030052900314,a95a5c79792b7aea72660f68fecf479cd4259fe0e161fcdbd9233a1ca1827e0f
2,clean,B0,train_000810_clean_YGC312,rsplit=1.600000;wprior=2.000000;gblock=0.050000,YGC312,YGC312,1.0,1.0,0,,0.0,572.7609172463417,0.47685112804174423,97c25675c2b386bdddcf417ed5f9dcc31c7af542434f243a0bf4d458ccdae5bf
2,clean,B0,train_000792_clean_THK701,rsplit=1.600000;wprior=2.000000;gblock=0.050000,THK701,THK701,1.0,1.0,0,,0.0,548.229156062007,0.4845866933465004,54d202595126c4bd17898662ade2ad72bb786195db82a962471be856291f6115
2,clean,B0,test_004878_clean_GLE092,rsplit=1.600000;wprior=2.000000;gblock=0.050000,GLE092,GLE092,1.0,1.0,0,,0.0,586.7592645809054,0.6093913689255714,52ca699f0cfa5f82fc6b2924959f3b6f4982680a3b95db189f40154950d5a970
2,clean,B0,test_004284_clean_TWJ615,rsplit=1.600000;wprior=2.000000;gblock=0.050000,TWJ615,TWJ615,1.0,1.0,0,,0.0,558.7622113525867,12.299555353820324,7098584ee2b66e3fac25dad5c2da1ff6db4498ab1c715d14e5351382fda1e1a8
2,clean,B0,test_004500_clean_TSP601,rsplit=1.600000;wprior=2.000000;gblock=0.050000,TSP601,TSP01,0.0,0.8333333333333334,0,,0.027777777777777776,558.8393267244101,0.47322362661361694,e6ff9d6478bf43eb2cb00adbcb5769900a04aa83ac0d5592ba7d0950525a92be
2,clean,B0,train_000018_clean_ZVH518,rsplit=1.600000;wprior=2.000000;gblock=0.050000,ZVH518,ZVH518,1.0,1.0,0,,0.0,556.412510573864,0.4819110035896301,14e539ef0898be365d30f76e0131c6668f4b311b1b0d7fa9fa1f4c59fb3f209d
2,clean,B0,train_002322_clean_UKG098,rsplit=1.600000;wprior=2.000000;gblock=0.050000,UKG098,UKG098,1.0,1.0,0,,0.0,557.8031996265054,0.4670731723308563,69e18b6699d2c43be39cc063402d5b4cc8809e5b27ad94733b7840f0f050434d
2,clean,B0,test_004383_clean_NBK902,rsplit=1.600000;wprior=2.000000;gblock=0.050000,NBK902,NBK902,1.0,1.0,0,,0.0,545.1322542503476,0.4800669848918915,f625b3423a205ef1b0b09b1892d842b0f9ce650b60c9292b4825a52ab9c6d403
2,clean,B0,train_001926_clean_ZWQ291,rsplit=1.600000;wprior=2.000000;gblock=0.050000,ZWQ291,ZW291,0.0,0.8333333333333334,0,,0.027777777777777776,580.551159568131,15.662500634789467,b1866c96b2468c92d1c258f87bc4849f308027ca009ab812d2a62e62e16c8228
2,clean,B1,test_004824_clean_SWI530,rsplit=1.600000;wprior=2.000000;gblock=0.050000,SWI530,SW530,0.0,0.8333333333333334,0,,0.02962962962962963,575.7525218650699,15.59702679514885,2f6311260ec77b366e7e19d6d786faf945e8c849b9105a7bfcfa913a5d882976
2,clean,B1,test_004707_clean_RQC104,rsplit=1.600000;wprior=2.000000;gblock=0.050000,RQC104,RC104,0.0,0.8333333333333334,0,,0.027777777777777776,564.959635026753,0.4602000117301941,77bec2b69ec04e27eab98f5d962f5565f35342e69db63320a1e889a1407d22be
2,clean,B1,test_004158_clean_LUQ330,rsplit=1.600000;wprior=2.000000;gblock=0.050000,LUQ330,LU330,0.0,0.8333333333333334,0,,0.027777777777777776,560.1331731304526,0.5798265337944031,3f4fa80b82dba65302d301fad343330c1fb9b6526dcb1e970dfd4147cbf2d8a2
2,clean,B1,train_003825_clean_FKC672,rsplit=1.600000;wprior=2.000000;gblock=0.050000,FKC672,FKC672,1.0,1.0,0,,0.0,549.7015975415707,0.5729831755161285,246b65bb13512b78f17d68ba860b69a7e2d3425f60d8b6f772e41c210c9ef31b
2,clean,B1,train_001341_clean_PPI813,rsplit=1.600000;wprior=2.000000;gblock=0.050000,PPI813,DD813,0.0,0.5,0,,0.028942652329749102,574.271802790463,0.4530157893896103,1410a250d6b015a9e46eeace5b3d685fcf95995827d8948abd923cbbc28953ef
2,clean,B1,train_000045_clean_YSX028,rsplit=1.600000;wprior=2.000000;gblock=0.050000,YSX028,YSX28,0.0,0.8333333333333334,0,,0.027777777777777776,582.1908926591277,0.48131030052900314,a95a5c79792b7aea72660f68fecf479cd4259fe0e161fcdbd9233a1ca1827e0f
2,clean,B1,train_000810_clean_YGC312,rsplit=1.600000;wprior=2.000000;gblock=0.050000,YGC312,YGC312,1.0,1.0,0,,0.0,572.7609172463417,0.47685112804174423,97c25675c2b386bdddcf417ed5f9dcc31c7af542434f243a0bf4d458ccdae5bf
2,clean,B1,train_000792_clean_THK701,rsplit=1.600000;wprior=2.000000;gblock=0.050000,THK701,THK701,1.0,1.0,0,,0.0,548.229156062007,0.4845866933465004,54d202595126c4bd17898662ade2ad72bb786195db82a962471be856291f6115
2,clean,B1,test_004878_clean_GLE092,rsplit=1.600000;wprior=2.000000;gblock=0.050000,GLE092,GLE092,1.0,1.0,0,,0.0,586.7592645809054,0.6093913689255714,52ca699f0cfa5f82fc6b2924959f3b6f4982680a3b95db189f40154950d5a970
2,clean,B1,test_004284_clean_TWJ615,rsplit=1.600000;wprior=2.000000;gblock=0.050000,TWJ615,TWJ615,1.0,1.0,0,,0.0,558.7622113525867,12.299555353820324,7098584ee2b66e3fac25dad5c2da1ff6db4498ab1c715d14e5351382fda1e1a8
2,clean,B1,test_004500_clean_TSP601,rsplit=1.600000;wprior=2.000000;gblock=0.050000,TSP601,TSP01,0.0,0.8333333333333334,0,,0.027777777777777776,558.8393267244101,0.47322362661361694,e6ff9d6478bf43eb2cb00adbcb5769900a04aa83ac0d5592ba7d0950525a92be
2,clean,B1,train_000018_clean_ZVH518,rsplit=1.600000;wprior=2.000000;gblock=0.050000,ZVH518,ZVH518,1.0,1.0,0,,0.0,556.412510573864,0.4819110035896301,14e539ef0898be365d30f76e0131c6668f4b311b1b0d7fa9fa1f4c59fb3f209d
2,clean,B1,train_002322_clean_UKG098,rsplit=1.600000;wprior=2.000000;gblock=0.050000,UKG098,UKG098,1.0,1.0,0,,0.0,557.8031996265054,0.4670731723308563,69e18b6699d2c43be39cc063402d5b4cc8809e5b27ad94733b7840f0f050434d
2,clean,B1,test_004383_clean_NBK902,rsplit=1.600000;wprior=2.000000;gblock=0.050000,NBK902,NBK902,1.0,1.0,0,,0.0,545.1322542503476,0.4800669848918915,f625b3423a205ef1b0b09b1892d842b0f9ce650b60c9292b4825a52ab9c6d403
2,clean,B1,train_001926_clean_ZWQ291,rsplit=1.600000;wprior=2.000000;gblock=0.050000,ZWQ291,ZW291,0.0,0.8333333333333334,0,,0.027777777777777776,580.551159568131,15.662500634789467,b1866c96b2468c92d1c258f87bc4849f308027ca009ab812d2a62e62e16c8228
2,clean,B2,test_004824_clean_SWI530,rsplit=1.600000;wprior=2.000000;gblock=0.050000,SWI530,SW530,0.0,0.8333333333333334,0,,0.02962962962962963,575.7525218650699,15.59702679514885,2f6311260ec77b366e7e19d6d786faf945e8c849b9105a7bfcfa913a5d882976
2,clean,B2,test_004707_clean_RQC104,rsplit=1.600000;wprior=2.000000;gblock=0.050000,RQC104,RC104,0.0,0.8333333333333334,0,,0.027777777777777776,564.959635026753,0.4602000117301941,77bec2b69ec04e27eab98f5d962f5565f35342e69db63320a1e889a1407d22be
2,clean,B2,test_004158_clean_LUQ330,rsplit=1.600000;wprior=2.000000;gblock=0.050000,LUQ330,LU330,0.0,0.8333333333333334,0,,0.027777777777777776,560.1331731304526,0.5798265337944031,3f4fa80b82dba65302d301fad343330c1fb9b6526dcb1e970dfd4147cbf2d8a2
2,clean,B2,train_003825_clean_FKC672,rsplit=1.600000;wprior=2.000000;gblock=0.050000,FKC672,FKC672,1.0,1.0,0,,0.0,549.7015975415707,0.5729831755161285,246b65bb13512b78f17d68ba860b69a7e2d3425f60d8b6f772e41c210c9ef31b
2,clean,B2,train_001341_clean_PPI813,rsplit=1.600000;wprior=2.000000;gblock=0.050000,PPI813,DD813,0.0,0.5,0,,0.028942652329749102,574.271802790463,0.4530157893896103,1410a250d6b015a9e46eeace5b3d685fcf95995827d8948abd923cbbc28953ef
2,clean,B2,train_000045_clean_YSX028,rsplit=1.600000;wprior=2.000000;gblock=0.050000,YSX028,YSX28,0.0,0.8333333333333334,0,,0.027777777777777776,582.1908926591277,0.48131030052900314,a95a5c79792b7aea72660f68fecf479cd4259fe0e161fcdbd9233a1ca1827e0f
2,clean,B2,train_000810_clean_YGC312,rsplit=1.600000;wprior=2.000000;gblock=0.050000,YGC312,YGC312,1.0,1.0,0,,0.0,572.7609172463417,0.47685112804174423,97c25675c2b386bdddcf417ed5f9dcc31c7af542434f243a0bf4d458ccdae5bf
2,clean,B2,train_000792_clean_THK701,rsplit=1.600000;wprior=2.000000;gblock=0.050000,THK701,THK701,1.0,1.0,0,,0.0,548.229156062007,0.4845866933465004,54d202595126c4bd17898662ade2ad72bb786195db82a962471be856291f6115
2,clean,B2,test_004878_clean_GLE092,rsplit=1.600000;wprior=2.000000;gblock=0.050000,GLE092,GLE092,1.0,1.0,0,,0.0,586.7592645809054,0.6093913689255714,52ca699f0cfa5f82fc6b2924959f3b6f4982680a3b95db189f40154950d5a970
2,clean,B2,test_004284_clean_TWJ615,rsplit=1.600000;wprior=2.000000;gblock=0.050000,TWJ615,TWJ615,1.0,1.0,0,,0.0,558.7622113525867,12.299555353820324,7098584ee2b66e3fac25dad5c2da1ff6db4498ab1c715d14e5351382fda1e1a8
2,clean,B2,test_004500_clean_TSP601,rsplit=1.600000;wprior=2.000000;gblock=0.050000,TSP601,TSP01,0.0,0.8333333333333334,0,,0.027777777777777776,558.8393267244101,0.47322362661361694,e6ff9d6478bf43eb2cb00adbcb5769900a04aa83ac0d5592ba7d0950525a92be
2,clean,B2,train_000018_clean_ZVH518,rsplit=1.600000;wprior=2.000000;gblock=0.050000,ZVH518,ZVH518,1.0,1.0,0,,0.0,556.412510573864,0.4819110035896301,14e539ef0898be365d30f76e0131c6668f4b311b1b0d7fa9fa1f4c59fb3f209d
2,clean,B2,train_002322_clean_UKG098,rsplit=1.600000;wprior=2.000000;gblock=0.050000,UKG098,UKG098,1.0,1.0,0,,0.0,557.8031996265054,0.4670731723308563,69e18b6699d2c43be39cc063402d5b4cc8809e5b27ad94733b7840f0f050434d
2,clean,B2,test_004383_clean_NBK902,rsplit=1.600000;wprior=2.000000;gblock=0.050000,NBK902,NBK902,1.0,1.0,0,,0.0,545.1322542503476,0.4800669848918915,f625b3423a205ef1b0b09b1892d842b0f9ce650b60c9292b4825a52ab9c6d403
2,clean,B2,train_001926_clean_ZWQ291,rsplit=1.600000;wprior=2.000000;gblock=0.050000,ZWQ291,ZW291,0.0,0.8333333333333334,0,,0.027777777777777776,580.551159568131,15.662500634789467,b1866c96b2468c92d1c258f87bc4849f308027ca009ab812d2a62e62e16c8228
2,clean,B3,test_004824_clean_SWI530,rsplit=1.600000;wprior=2.000000;gblock=0.050000,SWI530,SW530,0.0,0.8333333333333334,0,,0.02962962962962963,575.7525218650699,15.59702679514885,2f6311260ec77b366e7e19d6d786faf945e8c849b9105a7bfcfa913a5d882976
2,clean,B3,test_004707_clean_RQC104,rsplit=1.600000;wprior=2.000000;gblock=0.050000,RQC104,RC104,0.0,0.8333333333333334,0,,0.027777777777777776,564.959635026753,0.4602000117301941,77bec2b69ec04e27eab98f5d962f5565f35342e69db63320a1e889a1407d22be
2,clean,B3,test_004158_clean_LUQ330,rsplit=1.600000;wprior=2.000000;gblock=0.050000,LUQ330,LU330,0.0,0.8333333333333334,0,,0.027777777777777776,560.1331731304526,0.5798265337944031,3f4fa80b82dba65302d301fad343330c1fb9b6526dcb1e970dfd4147cbf2d8a2
2,clean,B3,train_003825_clean_FKC672,rsplit=1.600000;wprior=2.000000;gblock=0.050000,FKC672,FKC672,1.0,1.0,0,,0.0,549.7015975415707,0.5729831755161285,246b65bb13512b78f17d68ba860b69a7e2d3425f60d8b6f772e41c210c9ef31b
2,clean,B3,train_001341_clean_PPI813,rsplit=1.600000;wprior=2.000000;gblock=0.050000,PPI813,DD813,0.0,0.5,0,,0.028942652329749102,574.271802790463,0.4530157893896103,1410a250d6b015a9e46eeace5b3d685fcf95995827d8948abd923cbbc28953ef
2,clean,B3,train_000045_clean_YSX028,rsplit=1.600000;wprior=2.000000;gblock=0.050000,YSX028,YSX28,0.0,0.8333333333333334,0,,0.027777777777777776,582.1908926591277,0.48131030052900314,a95a5c79792b7aea72660f68fecf479cd4259fe0e161fcdbd9233a1ca1827e0f
2,clean,B3,train_000810_clean_YGC312,rsplit=1.600000;wprior=2.000000;gblock=0.050000,YGC312,YGC312,1.0,1.0,0,,0.0,572.7609172463417,0.47685112804174423,97c25675c2b386bdddcf417ed5f9dcc31c7af542434f243a0bf4d458ccdae5bf
2,clean,B3,train_000792_clean_THK701,rsplit=1.600000;wprior=2.000000;gblock=0.050000,THK701,THK701,1.0,1.0,0,,0.0,548.229156062007,0.4845866933465004,54d202595126c4bd17898662ade2ad72bb786195db82a962471be856291f6115
2,clean,B3,test_004878_clean_GLE092,rsplit=1.600000;wprior=2.000000;gblock=0.050000,GLE092,GLE092,1.0,1.0,0,,0.0,586.7592645809054,0.6093913689255714,52ca699f0cfa5f82fc6b2924959f3b6f4982680a3b95db189f40154950d5a970
2,clean,B3,test_004284_clean_TWJ615,rsplit=1.600000;wprior=2.000000;gblock=0.050000,TWJ615,TWJ615,1.0,1.0,0,,0.0,558.7622113525867,12.299555353820324,7098584ee2b66e3fac25dad5c2da1ff6db4498ab1c715d14e5351382fda1e1a8
2,clean,B3,test_004500_clean_TSP601,rsplit=1.600000;wprior=2.000000;gblock=0.050000,TSP601,TSP01,0.0,0.8333333333333334,0,,0.027777777777777776,558.8393267244101,0.47322362661361694,e6ff9d6478bf43eb2cb00adbcb5769900a04aa83ac0d5592ba7d0950525a92be
2,clean,B3,train_000018_clean_ZVH518,rsplit=1.600000;wprior=2.000000;gblock=0.050000,ZVH518,ZVH518,1.0,1.0,0,,0.0,556.412510573864,0.4819110035896301,14e539ef0898be365d30f76e0131c6668f4b311b1b0d7fa9fa1f4c59fb3f209d
2,clean,B3,train_002322_clean_UKG098,rsplit=1.600000;wprior=2.000000;gblock=0.050000,UKG098,UKG098,1.0,1.0,0,,0.0,557.8031996265054,0.4670731723308563,69e18b6699d2c43be39cc063402d5b4cc8809e5b27ad94733b7840f0f050434d
2,clean,B3,test_004383_clean_NBK902,rsplit=1.600000;wprior=2.000000;gblock=0.050000,NBK902,NBK902,1.0,1.0,0,,0.0,545.1322542503476,0.4800669848918915,f625b3423a205ef1b0b09b1892d842b0f9ce650b60c9292b4825a52ab9c6d403
2,clean,B3,train_001926_clean_ZWQ291,rsplit=1.600000;wprior=2.000000;gblock=0.050000,ZWQ291,ZW291,0.0,0.8333333333333334,0,,0.027777777777777776,580.551159568131,15.662500634789467,b1866c96b2468c92d1c258f87bc4849f308027ca009ab812d2a62e62e16c8228
2,clean,B3-I,test_004824_clean_SWI530,rsplit=1.600000;wprior=2.000000;gblock=0.050000,SWI530,SW530,0.0,0.8333333333333334,0,,0.02962962962962963,575.7525218650699,15.59702679514885,2f6311260ec77b366e7e19d6d786faf945e8c849b9105a7bfcfa913a5d882976
2,clean,B3-I,test_004707_clean_RQC104,rsplit=1.600000;wprior=2.000000;gblock=0.050000,RQC104,RC104,0.0,0.8333333333333334,0,,0.027777777777777776,564.959635026753,0.4602000117301941,77bec2b69ec04e27eab98f5d962f5565f35342e69db63320a1e889a1407d22be
2,clean,B3-I,test_004158_clean_LUQ330,rsplit=1.600000;wprior=2.000000;gblock=0.050000,LUQ330,LU330,0.0,0.8333333333333334,0,,0.027777777777777776,560.1331731304526,0.5798265337944031,3f4fa80b82dba65302d301fad343330c1fb9b6526dcb1e970dfd4147cbf2d8a2
2,clean,B3-I,train_003825_clean_FKC672,rsplit=1.600000;wprior=2.000000;gblock=0.050000,FKC672,FKC672,1.0,1.0,0,,0.0,549.7015975415707,0.5729831755161285,246b65bb13512b78f17d68ba860b69a7e2d3425f60d8b6f772e41c210c9ef31b
2,clean,B3-I,train_001341_clean_PPI813,rsplit=1.600000;wprior=2.000000;gblock=0.050000,PPI813,DD813,0.0,0.5,0,,0.028942652329749102,574.271802790463,0.4530157893896103,1410a250d6b015a9e46eeace5b3d685fcf95995827d8948abd923cbbc28953ef
2,clean,B3-I,train_000045_clean_YSX028,rsplit=1.600000;wprior=2.000000;gblock=0.050000,YSX028,YSX28,0.0,0.8333333333333334,0,,0.027777777777777776,582.1908926591277,0.48131030052900314,a95a5c79792b7aea72660f68fecf479cd4259fe0e161fcdbd9233a1ca1827e0f
2,clean,B3-I,train_000810_clean_YGC312,rsplit=1.600000;wprior=2.000000;gblock=0.050000,YGC312,YGC312,1.0,1.0,0,,0.0,572.7609172463417,0.47685112804174423,97c25675c2b386bdddcf417ed5f9dcc31c7af542434f243a0bf4d458ccdae5bf
2,clean,B3-I,train_000792_clean_THK701,rsplit=1.600000;wprior=2.000000;gblock=0.050000,THK701,THK701,1.0,1.0,0,,0.0,548.229156062007,0.4845866933465004,54d202595126c4bd17898662ade2ad72bb786195db82a962471be856291f6115
2,clean,B3-I,test_004878_clean_GLE092,rsplit=1.600000;wprior=2.000000;gblock=0.050000,GLE092,GLE092,1.0,1.0,0,,0.0,586.7592645809054,0.6093913689255714,52ca699f0cfa5f82fc6b2924959f3b6f4982680a3b95db189f40154950d5a970
2,clean,B3-I,test_004284_clean_TWJ615,rsplit=1.600000;wprior=2.000000;gblock=0.050000,TWJ615,TWJ615,1.0,1.0,0,,0.0,558.7622113525867,12.299555353820324,7098584ee2b66e3fac25dad5c2da1ff6db4498ab1c715d14e5351382fda1e1a8
2,clean,B3-I,test_004500_clean_TSP601,rsplit=1.600000;wprior=2.000000;gblock=0.050000,TSP601,TSP01,0.0,0.8333333333333334,0,,0.027777777777777776,558.8393267244101,0.47322362661361694,e6ff9d6478bf43eb2cb00adbcb5769900a04aa83ac0d5592ba7d0950525a92be
2,clean,B3-I,train_000018_clean_ZVH518,rsplit=1.600000;wprior=2.000000;gblock=0.050000,ZVH518,ZVH518,1.0,1.0,0,,0.0,556.412510573864,0.4819110035896301,14e539ef0898be365d30f76e0131c6668f4b311b1b0d7fa9fa1f4c59fb3f209d
2,clean,B3-I,train_002322_clean_UKG098,rsplit=1.600000;wprior=2.000000;gblock=0.050000,UKG098,UKG098,1.0,1.0,0,,0.0,557.8031996265054,0.4670731723308563,69e18b6699d2c43be39cc063402d5b4cc8809e5b27ad94733b7840f0f050434d
2,clean,B3-I,test_004383_clean_NBK902,rsplit=1.600000;wprior=2.000000;gblock=0.050000,NBK902,NBK902,1.0,1.0,0,,0.0,545.1322542503476,0.4800669848918915,f625b3423a205ef1b0b09b1892d842b0f9ce650b60c9292b4825a52ab9c6d403
2,clean,B3-I,train_001926_clean_ZWQ291,rsplit=1.600000;wprior=2.000000;gblock=0.050000,ZWQ291,ZW291,0.0,0.8333333333333334,0,,0.027777777777777776,580.551159568131,15.662500634789467,b1866c96b2468c92d1c258f87bc4849f308027ca009ab812d2a62e62e16c8228
2,clean,B3-R0,test_004824_clean_SWI530,rsplit=1.600000;wprior=2.000000;gblock=0.050000,SWI530,SW530,0.0,0.8333333333333334,0,,0.02962962962962963,575.7525218650699,15.59702679514885,2f6311260ec77b366e7e19d6d786faf945e8c849b9105a7bfcfa913a5d882976
2,clean,B3-R0,test_004707_clean_RQC104,rsplit=1.600000;wprior=2.000000;gblock=0.050000,RQC104,RC104,0.0,0.8333333333333334,0,,0.027777777777777776,564.959635026753,0.4602000117301941,77bec2b69ec04e27eab98f5d962f5565f35342e69db63320a1e889a1407d22be
2,clean,B3-R0,test_004158_clean_LUQ330,rsplit=1.600000;wprior=2.000000;gblock=0.050000,LUQ330,LU330,0.0,0.8333333333333334,0,,0.027777777777777776,560.1331731304526,0.5798265337944031,3f4fa80b82dba65302d301fad343330c1fb9b6526dcb1e970dfd4147cbf2d8a2
2,clean,B3-R0,train_003825_clean_FKC672,rsplit=1.600000;wprior=2.000000;gblock=0.050000,FKC672,FKC672,1.0,1.0,0,,0.0,549.7015975415707,0.5729831755161285,246b65bb13512b78f17d68ba860b69a7e2d3425f60d8b6f772e41c210c9ef31b
2,clean,B3-R0,train_001341_clean_PPI813,rsplit=1.600000;wprior=2.000000;gblock=0.050000,PPI813,DD813,0.0,0.5,0,,0.028942652329749102,574.271802790463,0.4530157893896103,1410a250d6b015a9e46eeace5b3d685fcf95995827d8948abd923cbbc28953ef
2,clean,B3-R0,train_000045_clean_YSX028,rsplit=1.600000;wprior=2.000000;gblock=0.050000,YSX028,YSX28,0.0,0.8333333333333334,0,,0.027777777777777776,582.1908926591277,0.48131030052900314,a95a5c79792b7aea72660f68fecf479cd4259fe0e161fcdbd9233a1ca1827e0f
2,clean,B3-R0,train_000810_clean_YGC312,rsplit=1.600000;wprior=2.000000;gblock=0.050000,YGC312,YGC312,1.0,1.0,0,,0.0,572.7609172463417,0.47685112804174423,97c25675c2b386bdddcf417ed5f9dcc31c7af542434f243a0bf4d458ccdae5bf
2,clean,B3-R0,train_000792_clean_THK701,rsplit=1.600000;wprior=2.000000;gblock=0.050000,THK701,THK701,1.0,1.0,0,,0.0,548.229156062007,0.4845866933465004,54d202595126c4bd17898662ade2ad72bb786195db82a962471be856291f6115
2,clean,B3-R0,test_004878_clean_GLE092,rsplit=1.600000;wprior=2.000000;gblock=0.050000,GLE092,GLE092,1.0,1.0,0,,0.0,586.7592645809054,0.6093913689255714,52ca699f0cfa5f82fc6b2924959f3b6f4982680a3b95db189f40154950d5a970
2,clean,B3-R0,test_004284_clean_TWJ615,rsplit=1.600000;wprior=2.000000;gblock=0.050000,TWJ615,TWJ615,1.0,1.0,0,,0.0,558.7622113525867,12.299555353820324,7098584ee2b66e3fac25dad5c2da1ff6db4498ab1c715d14e5351382fda1e1a8
2,clean,B3-R0,test_004500_clean_TSP601,rsplit=1.600000;wprior=2.000000;gblock=0.050000,TSP601,TSP01,0.0,0.8333333333333334,0,,0.027777777777777776,558.8393267244101,0.47322362661361694,e6ff9d6478bf43eb2cb00adbcb5769900a04aa83ac0d5592ba7d0950525a92be
2,clean,B3-R0,train_000018_clean_ZVH518,rsplit=1.600000;wprior=2.000000;gblock=0.050000,ZVH518,ZVH518,1.0,1.0,0,,0.0,556.412510573864,0.4819110035896301,14e539ef0898be365d30f76e0131c6668f4b311b1b0d7fa9fa1f4c59fb3f209d
2,clean,B3-R0,train_002322_clean_UKG098,rsplit=1.600000;wprior=2.000000;gblock=0.050000,UKG098,UKG098,1.0,1.0,0,,0.0,557.8031996265054,0.4670731723308563,69e18b6699d2c43be39cc063402d5b4cc8809e5b27ad94733b7840f0f050434d
2,clean,B3-R0,test_004383_clean_NBK902,rsplit=1.600000;wprior=2.000000;gblock=0.050000,NBK902,NBK902,1.0,1.0,0,,0.0,545.1322542503476,0.4800669848918915,f625b3423a205ef1b0b09b1892d842b0f9ce650b60c9292b4825a52ab9c6d403
2,clean,B3-R0,train_001926_clean_ZWQ291,rsplit=1.600000;wprior=2.000000;gblock=0.050000,ZWQ291,ZW291,0.0,0.8333333333333334,0,,0.027777777777777776,580.551159568131,15.662500634789467,b1866c96b2468c92d1c258f87bc4849f308027ca009ab812d2a62e62e16c8228
3,glare,B0,train_003827_glare_ZAO478,rsplit=1.600000;wprior=2.000000;gblock=0.050000,ZAO478,ZA478,0.0,0.8333333333333334,0,,0.027777777777777776,565.3464579954743,0.6086202338337898,f48b19ae7d7129a1ef8f05946d798e4130c9ca378588210e36a4b94249fde852
3,glare,B0,train_001946_glare_JWI936,rsplit=1.600000;wprior=2.000000;gblock=0.050000,JWI936,JW936,0.0,0.8333333333333334,0,,0.028240740740740736,580.2546450868249,18.136237747967243,ce0469ac32a11650b6c182b8a842ca19e6593b833cafa346be1adb9c63509e33
3,glare,B0,train_001856_glare_VAP277,rsplit=1.600000;wprior=2.000000;gblock=0.050000,VAP277,VAD277,0.0,0.8333333333333334,0,,0.0,561.6296324878931,0.46326499432325363,2a8c6c23220f87efe18d51063c4df27ee9634ad739230185469512dfea982a32
3,glare,B0,train_003863_glare_JWI606,rsplit=1.600000;wprior=2.000000;gblock=0.050000,JWI606,JW66,0.0,0.6666666666666667,0,,0.057183908045977005,597.7076664566994,17.942088656127453,37d534bb1d0fe45d62f0eb9379a71529038ad1d41b6449b3dd4daba6a5afbc4a
3,glare,B0,train_001091_glare_DXI434,rsplit=1.600000;wprior=2.000000;gblock=0.050000,DXI434,DX434,0.0,0.8333333333333334,0,,0.030555555555555555,557.57150426507,0.4741968587040901,d20223d1091b3c985f1e0a33873b5236f9fbbb75ac2f32ac42d7731942856be7
3,glare,B0,train_000668_glare_FMI489,rsplit=1.600000;wprior=2.000000;gblock=0.050000,FMI489,FM489,0.0,0.8333333333333334,0,,0.029406130268199233,586.1354181542993,0.4685157909989357,a9de6a8f05e522a743228622414435355b9bf6fc1d44813f3a49dd00cb652745
3,glare,B0,train_003944_glare_ZEE277,rsplit=1.600000;wprior=2.000000;gblock=0.050000,ZEE277,ZEE277,1.0,1.0,0,,0.0,554.1686927899718,0.47860387712717056,21320bb4b04972f4861886c39ef211aee8f842c3d0bcffb9a56d1489fb9c8eeb
3,glare,B0,train_000452_glare_WED943,rsplit=1.600000;wprior=2.000000;gblock=0.050000,WED943,WED943,1.0,1.0,0,,0.0,581.91601280123,15.556380152702332,f2465e355ffd489efc689dd4f637764652836969374cf43dc2a2516b3ec3836f
3,glare,B0,train_001829_glare_DCX222,rsplit=1.600000;wprior=2.000000;gblock=0.050000,DCX222,DC4222,0.0,0.8333333333333334,0,,0.0,610.1961517706513,0.4362538456916809,1b50aa76b15f52be4225f90f8f01777cb18f4669144495e59c03950ffab8a3be
3,glare,B0,train_003206_glare_NAI363,rsplit=1.600000;wprior=2.000000;gblock=0.050000,NAI363,NA363,0.0,0.8333333333333334,0,,0.027777777777777776,580.3664540871978,0.5715014412999153,fe2ff1ad7b293f731cd9d86459ade65bd56a27ae14ea3c1e89e8633f6180e40e
3,glare,B0,train_003071_glare_QOS357,rsplit=1.600000;wprior=2.000000;gblock=0.050000,QOS357,QS357,0.0,0.8333333333333334,0,,0.027777777777777776,560.8254419639707,0.45093148946762085,438082252c40ab17510e3833e301f1c354edf33a190c6045b8b7e90ebd33094c
3,glare,B0,test_004907_glare_EPO482,rsplit=1.600000;wprior=2.000000;gblock=0.050000,EPO482,ED482,0.0,0.6666666666666667,0,,0.027777777777777776,558.3100095391273,0.46957656741142273,be764947f7c8b03faafab01adc749fc3d51d0c841a99071bb4a26fed2b85e3bb
3,glare,B0,train_002477_glare_QGL414,rsplit=1.600000;wprior=2.000000;gblock=0.050000,QGL414,GL414,0.0,0.8333333333333334,0,,0.027777777777777776,556.0313435271382,0.4859892651438713,a1eb917162546db886d5ae5dd18cb8189da1407849a3643e028cf7a933072e7c
3,glare,B0,train_003080_glare_AAG734,rsplit=1.600000;wprior=2.000000;gblock=0.050000,AAG734,AAG734,1.0,1.0,0,,0.0,550.8852368220687,0.48088934272527695,451c564d4632b5e732c537446e2adb7b473615c85d4d221ecc18812676b64063
3,glare,B0,train_002432_glare_KGS942,rsplit=1.600000;wprior=2.000000;gblock=0.050000,KGS942,KGS942,1.0,1.0,0,,0.0,547.5939195603132,0.4776725545525551,5ac881a9f99b32115dc9e5a411dba752a764f3f796bdeeaa5a9304f9ad2743f3
3,glare,B1,train_003827_glare_ZAO478,rsplit=1.600000;wprior=2.000000;gblock=0.050000,ZAO478,ZA478,0.0,0.8333333333333334,0,,0.027777777777777776,565.3464579954743,0.6086202338337898,f48b19ae7d7129a1ef8f05946d798e4130c9ca378588210e36a4b94249fde852
3,glare,B1,train_001946_glare_JWI936,rsplit=1.600000;wprior=2.000000;gblock=0.050000,JWI936,JW936,0.0,0.8333333333333334,0,,0.028240740740740736,580.2546450868249,18.136237747967243,ce0469ac32a11650b6c182b8a842ca19e6593b833cafa346be1adb9c63509e33
3,glare,B1,train_001856_glare_VAP277,rsplit=1.600000;wprior=2.000000;gblock=0.050000,VAP277,VAD277,0.0,0.8333333333333334,0,,0.0,561.6296324878931,0.46326499432325363,2a8c6c23220f87efe18d51063c4df27ee9634ad739230185469512dfea982a32
3,glare,B1,train_003863_glare_JWI606,rsplit=1.600000;wprior=2.000000;gblock=0.050000,JWI606,JW66,0.0,0.6666666666666667,0,,0.057183908045977005,597.7076664566994,17.942088656127453,37d534bb1d0fe45d62f0eb9379a71529038ad1d41b6449b3dd4daba6a5afbc4a
3,glare,B1,train_001091_glare_DXI434,rsplit=1.600000;wprior=2.000000;gblock=0.050000,DXI434,DX434,0.0,0.8333333333333334,0,,0.030555555555555555,557.57150426507,0.4741968587040901,d20223d1091b3c985f1e0a33873b5236f9fbbb75ac2f32ac42d7731942856be7
3,glare,B1,train_000668_glare_FMI489,rsplit=1.600000;wprior=2.000000;gblock=0.050000,FMI489,FM489,0.0,0.8333333333333334,0,,0.029406130268199233,586.1354181542993,0.4685157909989357,a9de6a8f05e522a743228622414435355b9bf6fc1d44813f3a49dd00cb652745
3,glare,B1,train_003944_glare_ZEE277,rsplit=1.600000;wprior=2.000000;gblock=0.050000,ZEE277,ZEE277,1.0,1.0,0,,0.0,554.1686927899718,0.47860387712717056,21320bb4b04972f4861886c39ef211aee8f842c3d0bcffb9a56d1489fb9c8eeb
3,glare,B1,train_000452_glare_WED943,rsplit=1.600000;wprior=2.000000;gblock=0.050000,WED943,WED943,1.0,1.0,0,,0.0,581.91601280123,15.556380152702332,f2465e355ffd489efc689dd4f637764652836969374cf43dc2a2516b3ec3836f
3,glare,B1,train_001829_glare_DCX222,rsplit=1.600000;wprior=2.000000;gblock=0.050000,DCX222,DC4222,0.0,0.8333333333333334,0,,0.0,610.1961517706513,0.4362538456916809,1b50aa76b15f52be4225f90f8f01777cb18f4669144495e59c03950ffab8a3be
3,glare,B1,train_003206_glare_NAI363,rsplit=1.600000;wprior=2.000000;gblock=0.050000,NAI363,NA363,0.0,0.8333333333333334,0,,0.027777777777777776,580.3664540871978,0.5715014412999153,fe2ff1ad7b293f731cd9d86459ade65bd56a27ae14ea3c1e89e8633f6180e40e
3,glare,B1,train_003071_glare_QOS357,rsplit=1.600000;wprior=2.000000;gblock=0.050000,QOS357,QS357,0.0,0.8333333333333334,0,,0.027777777777777776,560.8254419639707,0.45093148946762085,438082252c40ab17510e3833e301f1c354edf33a190c6045b8b7e90ebd33094c
3,glare,B1,test_004907_glare_EPO482,rsplit=1.600000;wprior=2.000000;gblock=0.050000,EPO482,ED482,0.0,0.6666666666666667,0,,0.027777777777777776,558.3100095391273,0.46957656741142273,be764947f7c8b03faafab01adc749fc3d51d0c841a99071bb4a26fed2b85e3bb
3,glare,B1,train_002477_glare_QGL414,rsplit=1.600000;wprior=2.000000;gblock=0.050000,QGL414,GL414,0.0,0.8333333333333334,0,,0.027777777777777776,556.0313435271382,0.4859892651438713,a1eb917162546db886d5ae5dd18cb8189da1407849a3643e028cf7a933072e7c
3,glare,B1,train_003080_glare_AAG734,rsplit=1.600000;wprior=2.000000;gblock=0.050000,AAG734,AAG734,1.0,1.0,0,,0.0,550.8852368220687,0.48088934272527695,451c564d4632b5e732c537446e2adb7b473615c85d4d221ecc18812676b64063
3,glare,B1,train_002432_glare_KGS942,rsplit=1.600000;wprior=2.000000;gblock=0.050000,KGS942,KGS942,1.0,1.0,0,,0.0,547.5939195603132,0.4776725545525551,5ac881a9f99b32115dc9e5a411dba752a764f3f796bdeeaa5a9304f9ad2743f3
3,glare,B2,train_003827_glare_ZAO478,rsplit=1.600000;wprior=2.000000;gblock=0.050000,ZAO478,ZA478,0.0,0.8333333333333334,0,,0.027777777777777776,565.3464579954743,0.6086202338337898,f48b19ae7d7129a1ef8f05946d798e4130c9ca378588210e36a4b94249fde852
3,glare,B2,train_001946_glare_JWI936,rsplit=1.600000;wprior=2.000000;gblock=0.050000,JWI936,JW936,0.0,0.8333333333333334,0,,0.028240740740740736,580.2546450868249,18.136237747967243,ce0469ac32a11650b6c182b8a842ca19e6593b833cafa346be1adb9c63509e33
3,glare,B2,train_001856_glare_VAP277,rsplit=1.600000;wprior=2.000000;gblock=0.050000,VAP277,VAD277,0.0,0.8333333333333334,0,,0.0,561.6296324878931,0.46326499432325363,2a8c6c23220f87efe18d51063c4df27ee9634ad739230185469512dfea982a32
3,glare,B2,train_003863_glare_JWI606,rsplit=1.600000;wprior=2.000000;gblock=0.050000,JWI606,JW66,0.0,0.6666666666666667,0,,0.057183908045977005,597.7076664566994,17.942088656127453,37d534bb1d0fe45d62f0eb9379a71529038ad1d41b6449b3dd4daba6a5afbc4a
3,glare,B2,train_001091_glare_DXI434,rsplit=1.600000;wprior=2.000000;gblock=0.050000,DXI434,DX434,0.0,0.8333333333333334,0,,0.030555555555555555,557.57150426507,0.4741968587040901,d20223d1091b3c985f1e0a33873b5236f9fbbb75ac2f32ac42d7731942856be7
3,glare,B2,train_000668_glare_FMI489,rsplit=1.600000;wprior=2.000000;gblock=0.050000,FMI489,FM489,0.0,0.8333333333333334,0,,0.029406130268199233,586.1354181542993,0.4685157909989357,a9de6a8f05e522a743228622414435355b9bf6fc1d44813f3a49dd00cb652745
3,glare,B2,train_003944_glare_ZEE277,rsplit=1.600000;wprior=2.000000;gblock=0.050000,ZEE277,ZEE277,1.0,1.0,0,,0.0,554.1686927899718,0.47860387712717056,21320bb4b04972f4861886c39ef211aee8f842c3d0bcffb9a56d1489fb9c8eeb
3,glare,B2,train_000452_glare_WED943,rsplit=1.600000;wprior=2.000000;gblock=0.050000,WED943,WED943,1.0,1.0,0,,0.0,581.91601280123,15.556380152702332,f2465e355ffd489efc689dd4f637764652836969374cf43dc2a2516b3ec3836f
3,glare,B2,train_001829_glare_DCX222,rsplit=1.600000;wprior=2.000000;gblock=0.050000,DCX222,DC4222,0.0,0.8333333333333334,0,,0.0,610.1961517706513,0.4362538456916809,1b50aa76b15f52be4225f90f8f01777cb18f4669144495e59c03950ffab8a3be
3,glare,B2,train_003206_glare_NAI363,rsplit=1.600000;wprior=2.000000;gblock=0.050000,NAI363,NA363,0.0,0.8333333333333334,0,,0.027777777777777776,580.3664540871978,0.5715014412999153,fe2ff1ad7b293f731cd9d86459ade65bd56a27ae14ea3c1e89e8633f6180e40e
3,glare,B2,train_003071_glare_QOS357,rsplit=1.600000;wprior=2.000000;gblock=0.050000,QOS357,QS357,0.0,0.8333333333333334,0,,0.027777777777777776,560.8254419639707,0.45093148946762085,438082252c40ab17510e3833e301f1c354edf33a190c6045b8b7e90ebd33094c
3,glare,B2,test_004907_glare_EPO482,rsplit=1.600000;wprior=2.000000;gblock=0.050000,EPO482,ED482,0.0,0.6666666666666667,0,,0.027777777777777776,558.3100095391273,0.46957656741142273,be764947f7c8b03faafab01adc749fc3d51d0c841a99071bb4a26fed2b85e3bb
3,glare,B2,train_002477_glare_QGL414,rsplit=1.600000;wprior=2.000000;gblock=0.050000,QGL414,GL414,0.0,0.8333333333333334,0,,0.027777777777777776,556.0313435271382,0.4859892651438713,a1eb917162546db886d5ae5dd18cb8189da1407849a3643e028cf7a933072e7c
3,glare,B2,train_003080_glare_AAG734,rsplit=1.600000;wprior=2.000000;gblock=0.050000,AAG734,AAG734,1.0,1.0,0,,0.0,550.8852368220687,0.48088934272527695,451c564d4632b5e732c537446e2adb7b473615c85d4d221ecc18812676b64063
3,glare,B2,train_002432_glare_KGS942,rsplit=1.600000;wprior=2.000000;gblock=0.050000,KGS942,KGS942,1.0,1.0,0,,0.0,547.5939195603132,0.4776725545525551,5ac881a9f99b32115dc9e5a411dba752a764f3f796bdeeaa5a9304f9ad2743f3
3,glare,B3,train_003827_glare_ZAO478,rsplit=1.600000;wprior=2.000000;gblock=0.050000,ZAO478,ZA478,0.0,0.8333333333333334,0,,0.027777777777777776,565.3464579954743,0.6086202338337898,f48b19ae7d7129a1ef8f05946d798e4130c9ca378588210e36a4b94249fde852
3,glare,B3,train_001946_glare_JWI936,rsplit=1.600000;wprior=2.000000;gblock=0.050000,JWI936,JW936,0.0,0.8333333333333334,0,,0.028240740740740736,580.2546450868249,18.136237747967243,ce0469ac32a11650b6c182b8a842ca19e6593b833cafa346be1adb9c63509e33
3,glare,B3,train_001856_glare_VAP277,rsplit=1.600000;wprior=2.000000;gblock=0.050000,VAP277,VAD277,0.0,0.8333333333333334,0,,0.0,561.6296324878931,0.46326499432325363,2a8c6c23220f87efe18d51063c4df27ee9634ad739230185469512dfea982a32
3,glare,B3,train_003863_glare_JWI606,rsplit=1.600000;wprior=2.000000;gblock=0.050000,JWI606,JW66,0.0,0.6666666666666667,0,,0.057183908045977005,597.7076664566994,17.942088656127453,37d534bb1d0fe45d62f0eb9379a71529038ad1d41b6449b3dd4daba6a5afbc4a
3,glare,B3,train_001091_glare_DXI434,rsplit=1.600000;wprior=2.000000;gblock=0.050000,DXI434,DX434,0.0,0.8333333333333334,0,,0.030555555555555555,557.57150426507,0.4741968587040901,d20223d1091b3c985f1e0a33873b5236f9fbbb75ac2f32ac42d7731942856be7
3,glare,B3,train_000668_glare_FMI489,rsplit=1.600000;wprior=2.000000;gblock=0.050000,FMI489,FM489,0.0,0.8333333333333334,0,,0.029406130268199233,586.1354181542993,0.4685157909989357,a9de6a8f05e522a743228622414435355b9bf6fc1d44813f3a49dd00cb652745
3,glare,B3,train_003944_glare_ZEE277,rsplit=1.600000;wprior=2.000000;gblock=0.050000,ZEE277,ZEE277,1.0,1.0,0,,0.0,554.1686927899718,0.47860387712717056,21320bb4b04972f4861886c39ef211aee8f842c3d0bcffb9a56d1489fb9c8eeb
3,glare,B3,train_000452_glare_WED943,rsplit=1.600000;wprior=2.000000;gblock=0.050000,WED943,WED943,1.0,1.0,0,,0.0,581.91601280123,15.556380152702332,f2465e355ffd489efc689dd4f637764652836969374cf43dc2a2516b3ec3836f
3,glare,B3,train_001829_glare_DCX222,rsplit=1.600000;wprior=2.000000;gblock=0.050000,DCX222,DC4222,0.0,0.8333333333333334,0,,0.0,610.1961517706513,0.4362538456916809,1b50aa76b15f52be4225f90f8f01777cb18f4669144495e59c03950ffab8a3be
3,glare,B3,train_003206_glare_NAI363,rsplit=1.600000;wprior=2.000000;gblock=0.050000,NAI363,NA363,0.0,0.8333333333333334,0,,0.027777777777777776,580.3664540871978,0.5715014412999153,fe2ff1ad7b293f731cd9d86459ade65bd56a27ae14ea3c1e89e8633f6180e40e
3,glare,B3,train_003071_glare_QOS357,rsplit=1.600000;wprior=2.000000;gblock=0.050000,QOS357,QS357,0.0,0.8333333333333334,0,,0.027777777777777776,560.8254419639707,0.45093148946762085,438082252c40ab17510e3833e301f1c354edf33a190c6045b8b7e90ebd33094c
3,glare,B3,test_004907_glare_EPO482,rsplit=1.600000;wprior=2.000000;gblock=0.050000,EPO482,ED482,0.0,0.6666666666666667,0,,0.027777777777777776,558.3100095391273,0.46957656741142273,be764947f7c8b03faafab01adc749fc3d51d0c841a99071bb4a26fed2b85e3bb
3,glare,B3,train_002477_glare_QGL414,rsplit=1.600000;wprior=2.000000;gblock=0.050000,QGL414,GL414,0.0,0.8333333333333334,0,,0.027777777777777776,556.0313435271382,0.4859892651438713,a1eb917162546db886d5ae5dd18cb8189da1407849a3643e028cf7a933072e7c
3,glare,B3,train_003080_glare_AAG734,rsplit=1.600000;wprior=2.000000;gblock=0.050000,AAG734,AAG734,1.0,1.0,0,,0.0,550.8852368220687,0.48088934272527695,451c564d4632b5e732c537446e2adb7b473615c85d4d221ecc18812676b64063
3,glare,B3,train_002432_glare_KGS942,rsplit=1.600000;wprior=2.000000;gblock=0.050000,KGS942,KGS942,1.0,1.0,0,,0.0,547.5939195603132,0.4776725545525551,5ac881a9f99b32115dc9e5a411dba752a764f3f796bdeeaa5a9304f9ad2743f3
3,glare,B3-I,train_003827_glare_ZAO478,rsplit=1.600000;wprior=2.000000;gblock=0.050000,ZAO478,ZA478,0.0,0.8333333333333334,0,,0.027777777777777776,565.3464579954743,0.6086202338337898,f48b19ae7d7129a1ef8f05946d798e4130c9ca378588210e36a4b94249fde852
3,glare,B3-I,train_001946_glare_JWI936,rsplit=1.600000;wprior=2.000000;gblock=0.050000,JWI936,JW936,0.0,0.8333333333333334,0,,0.028240740740740736,580.2546450868249,18.136237747967243,ce0469ac32a11650b6c182b8a842ca19e6593b833cafa346be1adb9c63509e33
3,glare,B3-I,train_001856_glare_VAP277,rsplit=1.600000;wprior=2.000000;gblock=0.050000,VAP277,VAD277,0.0,0.8333333333333334,0,,0.0,561.6296324878931,0.46326499432325363,2a8c6c23220f87efe18d51063c4df27ee9634ad739230185469512dfea982a32
3,glare,B3-I,train_003863_glare_JWI606,rsplit=1.600000;wprior=2.000000;gblock=0.050000,JWI606,JW66,0.0,0.6666666666666667,0,,0.057183908045977005,597.7076664566994,17.942088656127453,37d534bb1d0fe45d62f0eb9379a71529038ad1d41b6449b3dd4daba6a5afbc4a
3,glare,B3-I,train_001091_glare_DXI434,rsplit=1.600000;wprior=2.000000;gblock=0.050000,DXI434,DX434,0.0,0.8333333333333334,0,,0.030555555555555555,557.57150426507,0.4741968587040901,d20223d1091b3c985f1e0a33873b5236f9fbbb75ac2f32ac42d7731942856be7
3,glare,B3-I,train_000668_glare_FMI489,rsplit=1.600000;wprior=2.000000;gblock=0.050000,FMI489,FM489,0.0,0.8333333333333334,0,,0.029406130268199233,586.1354181542993,0.4685157909989357,a9de6a8f05e522a743228622414435355b9bf6fc1d44813f3a49dd00cb652745
3,glare,B3-I,train_003944_glare_ZEE277,rsplit=1.600000;wprior=2.000000;gblock=0.050000,ZEE277,ZEE277,1.0,1.0,0,,0.0,554.1686927899718,0.47860387712717056,21320bb4b04972f4861886c39ef211aee8f842c3d0bcffb9a56d1489fb9c8eeb
3,glare,B3-I,train_000452_glare_WED943,rsplit=1.600000;wprior=2.000000;gblock=0.050000,WED943,WED943,1.0,1.0,0,,0.0,581.91601280123,15.556380152702332,f2465e355ffd489efc689dd4f637764652836969374cf43dc2a2516b3ec3836f
3,glare,B3-I,train_001829_glare_DCX222,rsplit=1.600000;wprior=2.000000;gblock=0.050000,DCX222,DC4222,0.0,0.8333333333333334,0,,0.0,610.1961517706513,0.4362538456916809,1b50aa76b15f52be4225f90f8f01777cb18f4669144495e59c03950ffab8a3be
3,glare,B3-I,train_003206_glare_NAI363,rsplit=1.600000;wprior=2.000000;gblock=0.050000,NAI363,NA363,0.0,0.8333333333333334,0,,0.027777777777777776,580.3664540871978,0.5715014412999153,fe2ff1ad7b293f731cd9d86459ade65bd56a27ae14ea3c1e89e8633f6180e40e
3,glare,B3-I,train_003071_glare_QOS357,rsplit=1.600000;wprior=2.000000;gblock=0.050000,QOS357,QS357,0.0,0.8333333333333334,0,,0.027777777777777776,560.8254419639707,0.45093148946762085,438082252c40ab17510e3833e301f1c354edf33a190c6045b8b7e90ebd33094c
3,glare,B3-I,test_004907_glare_EPO482,rsplit=1.600000;wprior=2.000000;gblock=0.050000,EPO482,ED482,0.0,0.6666666666666667,0,,0.027777777777777776,558.3100095391273,0.46957656741142273,be764947f7c8b03faafab01adc749fc3d51d0c841a99071bb4a26fed2b85e3bb
3,glare,B3-I,train_002477_glare_QGL414,rsplit=1.600000;wprior=2.000000;gblock=0.050000,QGL414,GL414,0.0,0.8333333333333334,0,,0.027777777777777776,556.0313435271382,0.4859892651438713,a1eb917162546db886d5ae5dd18cb8189da1407849a3643e028cf7a933072e7c
3,glare,B3-I,train_003080_glare_AAG734,rsplit=1.600000;wprior=2.000000;gblock=0.050000,AAG734,AAG734,1.0,1.0,0,,0.0,550.8852368220687,0.48088934272527695,451c564d4632b5e732c537446e2adb7b473615c85d4d221ecc18812676b64063
3,glare,B3-I,train_002432_glare_KGS942,rsplit=1.600000;wprior=2.000000;gblock=0.050000,KGS942,KGS942,1.0,1.0,0,,0.0,547.5939195603132,0.4776725545525551,5ac881a9f99b32115dc9e5a411dba752a764f3f796bdeeaa5a9304f9ad2743f3
3,glare,B3-R0,train_003827_glare_ZAO478,rsplit=1.600000;wprior=2.000000;gblock=0.050000,ZAO478,ZA478,0.0,0.8333333333333334,0,,0.027777777777777776,565.3464579954743,0.6086202338337898,f48b19ae7d7129a1ef8f05946d798e4130c9ca378588210e36a4b94249fde852
3,glare,B3-R0,train_001946_glare_JWI936,rsplit=1.600000;wprior=2.000000;gblock=0.050000,JWI936,JW936,0.0,0.8333333333333334,0,,0.028240740740740736,580.2546450868249,18.136237747967243,ce0469ac32a11650b6c182b8a842ca19e6593b833cafa346be1adb9c63509e33
3,glare,B3-R0,train_001856_glare_VAP277,rsplit=1.600000;wprior=2.000000;gblock=0.050000,VAP277,VAD277,0.0,0.8333333333333334,0,,0.0,561.6296324878931,0.46326499432325363,2a8c6c23220f87efe18d51063c4df27ee9634ad739230185469512dfea982a32
3,glare,B3-R0,train_003863_glare_JWI606,rsplit=1.600000;wprior=2.000000;gblock=0.050000,JWI606,JW66,0.0,0.6666666666666667,0,,0.057183908045977005,597.7076664566994,17.942088656127453,37d534bb1d0fe45d62f0eb9379a71529038ad1d41b6449b3dd4daba6a5afbc4a
3,glare,B3-R0,train_001091_glare_DXI434,rsplit=1.600000;wprior=2.000000;gblock=0.050000,DXI434,DX434,0.0,0.8333333333333334,0,,0.030555555555555555,557.57150426507,0.4741968587040901,d20223d1091b3c985f1e0a33873b5236f9fbbb75ac2f32ac42d7731942856be7
3,glare,B3-R0,train_000668_glare_FMI489,rsplit=1.600000;wprior=2.000000;gblock=0.050000,FMI489,FM489,0.0,0.8333333333333334,0,,0.029406130268199233,586.1354181542993,0.4685157909989357,a9de6a8f05e522a743228622414435355b9bf6fc1d44813f3a49dd00cb652745
3,glare,B3-R0,train_003944_glare_ZEE277,rsplit=1.600000;wprior=2.000000;gblock=0.050000,ZEE277,ZEE277,1.0,1.0,0,,0.0,554.1686927899718,0.47860387712717056,21320bb4b04972f4861886c39ef211aee8f842c3d0bcffb9a56d1489fb9c8eeb
3,glare,B3-R0,train_000452_glare_WED943,rsplit=1.600000;wprior=2.000000;gblock=0.050000,WED943,WED943,1.0,1.0,0,,0.0,581.91601280123,15.556380152702332,f2465e355ffd489efc689dd4f637764652836969374cf43dc2a2516b3ec3836f
3,glare,B3-R0,train_001829_glare_DCX222,rsplit=1.600000;wprior=2.000000;gblock=0.050000,DCX222,DC4222,0.0,0.8333333333333334,0,,0.0,610.1961517706513,0.4362538456916809,1b50aa76b15f52be4225f90f8f01777cb18f4669144495e59c03950ffab8a3be
3,glare,B3-R0,train_003206_glare_NAI363,rsplit=1.600000;wprior=2.000000;gblock=0.050000,NAI363,NA363,0.0,0.8333333333333334,0,,0.027777777777777776,580.3664540871978,0.5715014412999153,fe2ff1ad7b293f731cd9d86459ade65bd56a27ae14ea3c1e89e8633f6180e40e
3,glare,B3-R0,train_003071_glare_QOS357,rsplit=1.600000;wprior=2.000000;gblock=0.050000,QOS357,QS357,0.0,0.8333333333333334,0,,0.027777777777777776,560.8254419639707,0.45093148946762085,438082252c40ab17510e3833e301f1c354edf33a190c6045b8b7e90ebd33094c
3,glare,B3-R0,test_004907_glare_EPO482,rsplit=1.600000;wprior=2.000000;gblock=0.050000,EPO482,ED482,0.0,0.6666666666666667,0,,0.027777777777777776,558.3100095391273,0.46957656741142273,be764947f7c8b03faafab01adc749fc3d51d0c841a99071bb4a26fed2b85e3bb
3,glare,B3-R0,train_002477_glare_QGL414,rsplit=1.600000;wprior=2.000000;gblock=0.050000,QGL414,GL414,0.0,0.8333333333333334,0,,0.027777777777777776,556.0313435271382,0.4859892651438713,a1eb917162546db886d5ae5dd18cb8189da1407849a3643e028cf7a933072e7c
3,glare,B3-R0,train_003080_glare_AAG734,rsplit=1.600000;wprior=2.000000;gblock=0.050000,AAG734,AAG734,1.0,1.0,0,,0.0,550.8852368220687,0.48088934272527695,451c564d4632b5e732c537446e2adb7b473615c85d4d221ecc18812676b64063
3,glare,B3-R0,train_002432_glare_KGS942,rsplit=1.600000;wprior=2.000000;gblock=0.050000,KGS942,KGS942,1.0,1.0,0,,0.0,547.5939195603132,0.4776725545525551,5ac881a9f99b32115dc9e5a411dba752a764f3f796bdeeaa5a9304f9ad2743f3
4,clean,B0,train_002043_clean_MLH029,rsplit=1.600000;wprior=2.000000;gblock=0.050000,MLH029,MLH029,1.0,1.0,0,,0.0,567.790768109262,0.5642352625727654,8dd8727db73d2ef1a758c672c2dc9da4773a22dd752f947ada2de190886efe1a
4,clean,B0,test_004131_clean_HHV655,rsplit=1.600000;wprior=2.000000;gblock=0.050000,HHV655,HHV655,1.0,1.0,0,,0.0,571.6167883947492,0.4779323935508728,65facda015184bedfb05d6591f6a9e957c0890d4a3684877d788627d2ab091f5
4,clean,B0,train_001656_clean_VOY794,rsplit=1.600000;wprior=2.000000;gblock=0.050000,VOY794,VY794,0.0,0.8333333333333334,0,,0.027777777777777776,580.4126719012856,0.5062464624643326,029a1be2c44687c2e4d0a97d4f2d80a2f8ab9c5d966088be14dd0963386a5df0
4,clean,B0,train_002007_clean_NPF565,rsplit=1.600000;wprior=2.000000;gblock=0.050000,NPF565,NDF565,0.0,0.8333333333333334,0,,0.0,574.9380039051175,0.5915872752666473,4f60ee729ae00feac3100d7200551af5ad746434f7f5a14cdfaf375e511cdcfd
4,clean,B0,train_001683_clean_OII016,rsplit=1.600000;wprior=2.000000;gblock=0.050000,OII016,016,0.0,0.5,0,,0.08611111111111112,558.352030813694,0.46039000153541565,dde2823cf12f72cca096aea438cfbd8c723b3a9d43816f0658551d3d0ccf8698
4,clean,B0,train_002394_clean_JND232,rsplit=1.600000;wprior=2.000000;gblock=0.050000,JND232,JND232,1.0,1.0,0,,0.0,584.4744676724076,0.6067557260394096,3a38efbc1d23693d23bd4e79aab0405cfe70805e6f9d4bf4e53c39457e1db9ef
4,clean,B0,train_000027_clean_LEJ097,rsplit=1.600000;wprior=2.000000;gblock=0.050000,LEJ097,LEJ097,1.0,1.0,0,,0.0,570.546355098486,0.553675927221775,99a66256dd0ac1675b634d4dbf0304df41e093114a4978f11a6098ee5f2d1d32
4,clean,B0,train_002313_clean_ONZ894,rsplit=1.600000;wprior=2.000000;gblock=0.050000,ONZ894,NZ894,0.0,0.8333333333333334,0,,0.027777777777777776,575.5005795508623,0.46529900282621384,fd1c3e739c80899962230f0ed7ddaaf5aaf276b478617c7d158bbd9c4d5f79ac
4,clean,B0,train_000261_clean_YYR743,rsplit=1.600000;wprior=2.000000;gblock=0.050000,YYR743,YYR743,1.0,1.0,0,,0.0,558.21293592453,0.48441532999277115,7c545994a58d16d4c7688abf4479e67f658c2a3556ac37040159134e2e1042b7
4,clean,B0,train_001125_clean_UJH224,rsplit=1.600000;wprior=2.000000;gblock=0.050000,UJH224,UJH224,1.0,1.0,0,,0.0,591.8251313269138,0.43662451207637787,c945f8727f6df6235e81370e3fb8a090d52288cef9581805bbfc399bd7805be8
4,clean,B0,train_001881_clean_LSA749,rsplit=1.600000;wprior=2.000000;gblock=0.050000,LSA749,LSA749,1.0,1.0,0,,0.0,577.9231255874038,0.4328973591327667,9cd02b0df8c543b9eb4d51ef32835b081825d5f156af59cc5ad7ebbbca4b0503
4,clean,B0,train_001773_clean_QHM011,rsplit=1.600000;wprior=2.000000;gblock=0.050000,QHM011,HM011,0.0,0.8333333333333334,0,,0.027777777777777776,548.7015312537551,0.45479927211999893,1d1ecf4582e895ce08d0f771fa8240dbb706461dd913707cd15432b61fe31e6f
4,clean,B0,test_004851_clean_WOZ973,rsplit=1.600000;wprior=2.000000;gblock=0.050000,WOZ973,WZ973,0.0,0.8333333333333334,0,,0.027777777777777776,570.2635115012527,10.592550039291382,b525ec8d3d5e345b4067a2e0823406be93ef7ef6e8156ce32c4a226df74b348c
4,clean,B0,train_002961_clean_UFX583,rsplit=1.600000;wprior=2.000000;gblock=0.050000,UFX583,UF4583,0.0,0.8333333333333334,0,,0.0,554.2195495218039,0.47861412167549133,c2148a4d947c37661e21cafcd67d0f7d188f1aee053703811e913d446a5dacff
4,clean,B0,train_000324_clean_KPX722,rsplit=1.600000;wprior=2.000000;gblock=0.050000,KPX722,KP4722,0.0,0.8333333333333334,0,,0.0,572.1798315644264,0.582951121032238,d5e0c4bc29150579438b8d92aaca8387b117191c3c5e850a82cc5afb0fc6c25a
4,clean,B1,train_002043_clean_MLH029,rsplit=1.600000;wprior=2.000000;gblock=0.050000,MLH029,MLH029,1.0,1.0,0,,0.0,567.790768109262,0.5642352625727654,8dd8727db73d2ef1a758c672c2dc9da4773a22dd752f947ada2de190886efe1a
4,clean,B1,test_004131_clean_HHV655,rsplit=1.600000;wprior=2.000000;gblock=0.050000,HHV655,HHV655,1.0,1.0,0,,0.0,571.6167883947492,0.4779323935508728,65facda015184bedfb05d6591f6a9e957c0890d4a3684877d788627d2ab091f5
4,clean,B1,train_001656_clean_VOY794,rsplit=1.600000;wprior=2.000000;gblock=0.050000,VOY794,VY794,0.0,0.8333333333333334,0,,0.027777777777777776,580.4126719012856,0.5062464624643326,029a1be2c44687c2e4d0a97d4f2d80a2f8ab9c5d966088be14dd0963386a5df0
4,clean,B1,train_002007_clean_NPF565,rsplit=1.600000;wprior=2.000000;gblock=0.050000,NPF565,NDF565,0.0,0.8333333333333334,0,,0.0,574.9380039051175,0.5915872752666473,4f60ee729ae00feac3100d7200551af5ad746434f7f5a14cdfaf375e511cdcfd
4,clean,B1,train_001683_clean_OII016,rsplit=1.600000;wprior=2.000000;gblock=0.050000,OII016,016,0.0,0.5,0,,0.08611111111111112,558.352030813694,0.46039000153541565,dde2823cf12f72cca096aea438cfbd8c723b3a9d43816f0658551d3d0ccf8698
4,clean,B1,train_002394_clean_JND232,rsplit=1.600000;wprior=2.000000;gblock=0.050000,JND232,JND232,1.0,1.0,0,,0.0,584.4744676724076,0.6067557260394096,3a38efbc1d23693d23bd4e79aab0405cfe70805e6f9d4bf4e53c39457e1db9ef
4,clean,B1,train_000027_clean_LEJ097,rsplit=1.600000;wprior=2.000000;gblock=0.050000,LEJ097,LEJ097,1.0,1.0,0,,0.0,570.546355098486,0.553675927221775,99a66256dd0ac1675b634d4dbf0304df41e093114a4978f11a6098ee5f2d1d32
4,clean,B1,train_002313_clean_ONZ894,rsplit=1.600000;wprior=2.000000;gblock=0.050000,ONZ894,NZ894,0.0,0.8333333333333334,0,,0.027777777777777776,575.5005795508623,0.46529900282621384,fd1c3e739c80899962230f0ed7ddaaf5aaf276b478617c7d158bbd9c4d5f79ac
4,clean,B1,train_000261_clean_YYR743,rsplit=1.600000;wprior=2.000000;gblock=0.050000,YYR743,YYR743,1.0,1.0,0,,0.0,558.21293592453,0.48441532999277115,7c545994a58d16d4c7688abf4479e67f658c2a3556ac37040159134e2e1042b7
4,clean,B1,train_001125_clean_UJH224,rsplit=1.600000;wprior=2.000000;gblock=0.050000,UJH224,UJH224,1.0,1.0,0,,0.0,591.8251313269138,0.43662451207637787,c945f8727f6df6235e81370e3fb8a090d52288cef9581805bbfc399bd7805be8
4,clean,B1,train_001881_clean_LSA749,rsplit=1.600000;wprior=2.000000;gblock=0.050000,LSA749,LSA749,1.0,1.0,0,,0.0,577.9231255874038,0.4328973591327667,9cd02b0df8c543b9eb4d51ef32835b081825d5f156af59cc5ad7ebbbca4b0503
4,clean,B1,train_001773_clean_QHM011,rsplit=1.600000;wprior=2.000000;gblock=0.050000,QHM011,HM011,0.0,0.8333333333333334,0,,0.027777777777777776,548.7015312537551,0.45479927211999893,1d1ecf4582e895ce08d0f771fa8240dbb706461dd913707cd15432b61fe31e6f
4,clean,B1,test_004851_clean_WOZ973,rsplit=1.600000;wprior=2.000000;gblock=0.050000,WOZ973,WZ973,0.0,0.8333333333333334,0,,0.027777777777777776,570.2635115012527,10.592550039291382,b525ec8d3d5e345b4067a2e0823406be93ef7ef6e8156ce32c4a226df74b348c
4,clean,B1,train_002961_clean_UFX583,rsplit=1.600000;wprior=2.000000;gblock=0.050000,UFX583,UF4583,0.0,0.8333333333333334,0,,0.0,554.2195495218039,0.47861412167549133,c2148a4d947c37661e21cafcd67d0f7d188f1aee053703811e913d446a5dacff
4,clean,B1,train_000324_clean_KPX722,rsplit=1.600000;wprior=2.000000;gblock=0.050000,KPX722,KP4722,0.0,0.8333333333333334,0,,0.0,572.1798315644264,0.582951121032238,d5e0c4bc29150579438b8d92aaca8387b117191c3c5e850a82cc5afb0fc6c25a
4,clean,B2,train_002043_clean_MLH029,rsplit=1.600000;wprior=2.000000;gblock=0.050000,MLH029,MLH029,1.0,1.0,0,,0.0,567.790768109262,0.5642352625727654,8dd8727db73d2ef1a758c672c2dc9da4773a22dd752f947ada2de190886efe1a
4,clean,B2,test_004131_clean_HHV655,rsplit=1.600000;wprior=2.000000;gblock=0.050000,HHV655,HHV655,1.0,1.0,0,,0.0,571.6167883947492,0.4779323935508728,65facda015184bedfb05d6591f6a9e957c0890d4a3684877d788627d2ab091f5
4,clean,B2,train_001656_clean_VOY794,rsplit=1.600000;wprior=2.000000;gblock=0.050000,VOY794,VY794,0.0,0.8333333333333334,0,,0.027777777777777776,580.4126719012856,0.5062464624643326,029a1be2c44687c2e4d0a97d4f2d80a2f8ab9c5d966088be14dd0963386a5df0
4,clean,B2,train_002007_clean_NPF565,rsplit=1.600000;wprior=2.000000;gblock=0.050000,NPF565,NDF565,0.0,0.8333333333333334,0,,0.0,574.9380039051175,0.5915872752666473,4f60ee729ae00feac3100d7200551af5ad746434f7f5a14cdfaf375e511cdcfd
4,clean,B2,train_001683_clean_OII016,rsplit=1.600000;wprior=2.000000;gblock=0.050000,OII016,016,0.0,0.5,0,,0.08611111111111112,558.352030813694,0.46039000153541565,dde2823cf12f72cca096aea438cfbd8c723b3a9d43816f0658551d3d0ccf8698
4,clean,B2,train_002394_clean_JND232,rsplit=1.600000;wprior=2.000000;gblock=0.050000,JND232,JND232,1.0,1.0,0,,0.0,584.4744676724076,0.6067557260394096,3a38efbc1d23693d23bd4e79aab0405cfe70805e6f9d4bf4e53c39457e1db9ef
4,clean,B2,train_000027_clean_LEJ097,rsplit=1.600000;wprior=2.000000;gblock=0.050000,LEJ097,LEJ097,1.0,1.0,0,,0.0,570.546355098486,0.553675927221775,99a66256dd0ac1675b634d4dbf0304df41e093114a4978f11a6098ee5f2d1d32
4,clean,B2,train_002313_clean_ONZ894,rsplit=1.600000;wprior=2.000000;gblock=0.050000,ONZ894,NZ894,0.0,0.8333333333333334,0,,0.027777777777777776,575.5005795508623,0.46529900282621384,fd1c3e739c80899962230f0ed7ddaaf5aaf276b478617c7d158bbd9c4d5f79ac
4,clean,B2,train_000261_clean_YYR743,rsplit=1.600000;wprior=2.000000;gblock=0.050000,YYR743,YYR743,1.0,1.0,0,,0.0,558.21293592453,0.48441532999277115,7c545994a58d16d4c7688abf4479e67f658c2a3556ac37040159134e2e1042b7
4,clean,B2,train_001125_clean_UJH224,rsplit=1.600000;wprior=2.000000;gblock=0.050000,UJH224,UJH224,1.0,1.0,0,,0.0,591.8251313269138,0.43662451207637787,c945f8727f6df6235e81370e3fb8a090d52288cef9581805bbfc399bd7805be8
4,clean,B2,train_001881_clean_LSA749,rsplit=1.600000;wprior=2.000000;gblock=0.050000,LSA749,LSA749,1.0,1.0,0,,0.0,577.9231255874038,0.4328973591327667,9cd02b0df8c543b9eb4d51ef32835b081825d5f156af59cc5ad7ebbbca4b0503
4,clean,B2,train_001773_clean_QHM011,rsplit=1.600000;wprior=2.000000;gblock=0.050000,QHM011,HM011,0.0,0.8333333333333334,0,,0.027777777777777776,548.7015312537551,0.45479927211999893,1d1ecf4582e895ce08d0f771fa8240dbb706461dd913707cd15432b61fe31e6f
4,clean,B2,test_004851_clean_WOZ973,rsplit=1.600000;wprior=2.000000;gblock=0.050000,WOZ973,WZ973,0.0,0.8333333333333334,0,,0.027777777777777776,570.2635115012527,10.592550039291382,b525ec8d3d5e345b4067a2e0823406be93ef7ef6e8156ce32c4a226df74b348c
4,clean,B2,train_002961_clean_UFX583,rsplit=1.600000;wprior=2.000000;gblock=0.050000,UFX583,UF4583,0.0,0.8333333333333334,0,,0.0,554.2195495218039,0.47861412167549133,c2148a4d947c37661e21cafcd67d0f7d188f1aee053703811e913d446a5dacff
4,clean,B2,train_000324_clean_KPX722,rsplit=1.600000;wprior=2.000000;gblock=0.050000,KPX722,KP4722,0.0,0.8333333333333334,0,,0.0,572.1798315644264,0.582951121032238,d5e0c4bc29150579438b8d92aaca8387b117191c3c5e850a82cc5afb0fc6c25a
4,clean,B3,train_002043_clean_MLH029,rsplit=1.600000;wprior=2.000000;gblock=0.050000,MLH029,MLH029,1.0,1.0,0,,0.0,567.790768109262,0.5642352625727654,8dd8727db73d2ef1a758c672c2dc9da4773a22dd752f947ada2de190886efe1a
4,clean,B3,test_004131_clean_HHV655,rsplit=1.600000;wprior=2.000000;gblock=0.050000,HHV655,HHV655,1.0,1.0,0,,0.0,571.6167883947492,0.4779323935508728,65facda015184bedfb05d6591f6a9e957c0890d4a3684877d788627d2ab091f5
4,clean,B3,train_001656_clean_VOY794,rsplit=1.600000;wprior=2.000000;gblock=0.050000,VOY794,VY794,0.0,0.8333333333333334,0,,0.027777777777777776,580.4126719012856,0.5062464624643326,029a1be2c44687c2e4d0a97d4f2d80a2f8ab9c5d966088be14dd0963386a5df0
4,clean,B3,train_002007_clean_NPF565,rsplit=1.600000;wprior=2.000000;gblock=0.050000,NPF565,NDF565,0.0,0.8333333333333334,0,,0.0,574.9380039051175,0.5915872752666473,4f60ee729ae00feac3100d7200551af5ad746434f7f5a14cdfaf375e511cdcfd
4,clean,B3,train_001683_clean_OII016,rsplit=1.600000;wprior=2.000000;gblock=0.050000,OII016,016,0.0,0.5,0,,0.08611111111111112,558.352030813694,0.46039000153541565,dde2823cf12f72cca096aea438cfbd8c723b3a9d43816f0658551d3d0ccf8698
4,clean,B3,train_002394_clean_JND232,rsplit=1.600000;wprior=2.000000;gblock=0.050000,JND232,JND232,1.0,1.0,0,,0.0,584.4744676724076,0.6067557260394096,3a38efbc1d23693d23bd4e79aab0405cfe70805e6f9d4bf4e53c39457e1db9ef
4,clean,B3,train_000027_clean_LEJ097,rsplit=1.600000;wprior=2.000000;gblock=0.050000,LEJ097,LEJ097,1.0,1.0,0,,0.0,570.546355098486,0.553675927221775,99a66256dd0ac1675b634d4dbf0304df41e093114a4978f11a6098ee5f2d1d32
4,clean,B3,train_002313_clean_ONZ894,rsplit=1.600000;wprior=2.000000;gblock=0.050000,ONZ894,NZ894,0.0,0.8333333333333334,0,,0.027777777777777776,575.5005795508623,0.46529900282621384,fd1c3e739c80899962230f0ed7ddaaf5aaf276b478617c7d158bbd9c4d5f79ac
4,clean,B3,train_000261_clean_YYR743,rsplit=1.600000;wprior=2.000000;gblock=0.050000,YYR743,YYR743,1.0,1.0,0,,0.0,558.21293592453,0.48441532999277115,7c545994a58d16d4c7688abf4479e67f658c2a3556ac37040159134e2e1042b7
4,clean,B3,train_001125_clean_UJH224,rsplit=1.600000;wprior=2.000000;gblock=0.050000,UJH224,UJH224,1.0,1.0,0,,0.0,591.8251313269138,0.43662451207637787,c945f8727f6df6235e81370e3fb8a090d52288cef9581805bbfc399bd7805be8
4,clean,B3,train_001881_clean_LSA749,rsplit=1.600000;wprior=2.000000;gblock=0.050000,LSA749,LSA749,1.0,1.0,0,,0.0,577.9231255874038,0.4328973591327667,9cd02b0df8c543b9eb4d51ef32835b081825d5f156af59cc5ad7ebbbca4b0503
4,clean,B3,train_001773_clean_QHM011,rsplit=1.600000;wprior=2.000000;gblock=0.050000,QHM011,HM011,0.0,0.8333333333333334,0,,0.027777777777777776,548.7015312537551,0.45479927211999893,1d1ecf4582e895ce08d0f771fa8240dbb706461dd913707cd15432b61fe31e6f
4,clean,B3,test_004851_clean_WOZ973,rsplit=1.600000;wprior=2.000000;gblock=0.050000,WOZ973,WZ973,0.0,0.8333333333333334,0,,0.027777777777777776,570.2635115012527,10.592550039291382,b525ec8d3d5e345b4067a2e0823406be93ef7ef6e8156ce32c4a226df74b348c
4,clean,B3,train_002961_clean_UFX583,rsplit=1.600000;wprior=2.000000;gblock=0.050000,UFX583,UF4583,0.0,0.8333333333333334,0,,0.0,554.2195495218039,0.47861412167549133,c2148a4d947c37661e21cafcd67d0f7d188f1aee053703811e913d446a5dacff
4,clean,B3,train_000324_clean_KPX722,rsplit=1.600000;wprior=2.000000;gblock=0.050000,KPX722,KP4722,0.0,0.8333333333333334,0,,0.0,572.1798315644264,0.582951121032238,d5e0c4bc29150579438b8d92aaca8387b117191c3c5e850a82cc5afb0fc6c25a
4,clean,B3-I,train_002043_clean_MLH029,rsplit=1.600000;wprior=2.000000;gblock=0.050000,MLH029,MLH029,1.0,1.0,0,,0.0,567.790768109262,0.5642352625727654,8dd8727db73d2ef1a758c672c2dc9da4773a22dd752f947ada2de190886efe1a
4,clean,B3-I,test_004131_clean_HHV655,rsplit=1.600000;wprior=2.000000;gblock=0.050000,HHV655,HHV655,1.0,1.0,0,,0.0,571.6167883947492,0.4779323935508728,65facda015184bedfb05d6591f6a9e957c0890d4a3684877d788627d2ab091f5
4,clean,B3-I,train_001656_clean_VOY794,rsplit=1.600000;wprior=2.000000;gblock=0.050000,VOY794,VY794,0.0,0.8333333333333334,0,,0.027777777777777776,580.4126719012856,0.5062464624643326,029a1be2c44687c2e4d0a97d4f2d80a2f8ab9c5d966088be14dd0963386a5df0
4,clean,B3-I,train_002007_clean_NPF565,rsplit=1.600000;wprior=2.000000;gblock=0.050000,NPF565,NDF565,0.0,0.8333333333333334,0,,0.0,574.9380039051175,0.5915872752666473,4f60ee729ae00feac3100d7200551af5ad746434f7f5a14cdfaf375e511cdcfd
4,clean,B3-I,train_001683_clean_OII016,rsplit=1.600000;wprior=2.000000;gblock=0.050000,OII016,016,0.0,0.5,0,,0.08611111111111112,558.352030813694,0.46039000153541565,dde2823cf12f72cca096aea438cfbd8c723b3a9d43816f0658551d3d0ccf8698
4,clean,B3-I,train_002394_clean_JND232,rsplit=1.600000;wprior=2.000000;gblock=0.050000,JND232,JND232,1.0,1.0,0,,0.0,584.4744676724076,0.6067557260394096,3a38efbc1d23693d23bd4e79aab0405cfe70805e6f9d4bf4e53c39457e1db9ef
4,clean,B3-I,train_000027_clean_LEJ097,rsplit=1.600000;wprior=2.000000;gblock=0.050000,LEJ097,LEJ097,1.0,1.0,0,,0.0,570.546355098486,0.553675927221775,99a66256dd0ac1675b634d4dbf0304df41e093114a4978f11a6098ee5f2d1d32
4,clean,B3-I,train_002313_clean_ONZ894,rsplit=1.600000;wprior=2.000000;gblock=0.050000,ONZ894,NZ894,0.0,0.8333333333333334,0,,0.027777777777777776,575.5005795508623,0.46529900282621384,fd1c3e739c80899962230f0ed7ddaaf5aaf276b478617c7d158bbd9c4d5f79ac
4,clean,B3-I,train_000261_clean_YYR743,rsplit=1.600000;wprior=2.000000;gblock=0.050000,YYR743,YYR743,1.0,1.0,0,,0.0,558.21293592453,0.48441532999277115,7c545994a58d16d4c7688abf4479e67f658c2a3556ac37040159134e2e1042b7
4,clean,B3-I,train_001125_clean_UJH224,rsplit=1.600000;wprior=2.000000;gblock=0.050000,UJH224,UJH224,1.0,1.0,0,,0.0,591.8251313269138,0.43662451207637787,c945f8727f6df6235e81370e3fb8a090d52288cef9581805bbfc399bd7805be8
4,clean,B3-I,train_001881_clean_LSA749,rsplit=1.600000;wprior=2.000000;gblock=0.050000,LSA749,LSA749,1.0,1.0,0,,0.0,577.9231255874038,0.4328973591327667,9cd02b0df8c543b9eb4d51ef32835b081825d5f156af59cc5ad7ebbbca4b0503
4,clean,B3-I,train_001773_clean_QHM011,rsplit=1.600000;wprior=2.000000;gblock=0.050000,QHM011,HM011,0.0,0.8333333333333334,0,,0.027777777777777776,548.7015312537551,0.45479927211999893,1d1ecf4582e895ce08d0f771fa8240dbb706461dd913707cd15432b61fe31e6f
4,clean,B3-I,test_004851_clean_WOZ973,rsplit=1.600000;wprior=2.000000;gblock=0.050000,WOZ973,WZ973,0.0,0.8333333333333334,0,,0.027777777777777776,570.2635115012527,10.592550039291382,b525ec8d3d5e345b4067a2e0823406be93ef7ef6e8156ce32c4a226df74b348c
4,clean,B3-I,train_002961_clean_UFX583,rsplit=1.600000;wprior=2.000000;gblock=0.050000,UFX583,UF4583,0.0,0.8333333333333334,0,,0.0,554.2195495218039,0.47861412167549133,c2148a4d947c37661e21cafcd67d0f7d188f1aee053703811e913d446a5dacff
4,clean,B3-I,train_000324_clean_KPX722,rsplit=1.600000;wprior=2.000000;gblock=0.050000,KPX722,KP4722,0.0,0.8333333333333334,0,,0.0,572.1798315644264,0.582951121032238,d5e0c4bc29150579438b8d92aaca8387b117191c3c5e850a82cc5afb0fc6c25a
4,clean,B3-R0,train_002043_clean_MLH029,rsplit=1.600000;wprior=2.000000;gblock=0.050000,MLH029,MLH029,1.0,1.0,0,,0.0,567.790768109262,0.5642352625727654,8dd8727db73d2ef1a758c672c2dc9da4773a22dd752f947ada2de190886efe1a
4,clean,B3-R0,test_004131_clean_HHV655,rsplit=1.600000;wprior=2.000000;gblock=0.050000,HHV655,HHV655,1.0,1.0,0,,0.0,571.6167883947492,0.4779323935508728,65facda015184bedfb05d6591f6a9e957c0890d4a3684877d788627d2ab091f5
4,clean,B3-R0,train_001656_clean_VOY794,rsplit=1.600000;wprior=2.000000;gblock=0.050000,VOY794,VY794,0.0,0.8333333333333334,0,,0.027777777777777776,580.4126719012856,0.5062464624643326,029a1be2c44687c2e4d0a97d4f2d80a2f8ab9c5d966088be14dd0963386a5df0
4,clean,B3-R0,train_002007_clean_NPF565,rsplit=1.600000;wprior=2.000000;gblock=0.050000,NPF565,NDF565,0.0,0.8333333333333334,0,,0.0,574.9380039051175,0.5915872752666473,4f60ee729ae00feac3100d7200551af5ad746434f7f5a14cdfaf375e511cdcfd
4,clean,B3-R0,train_001683_clean_OII016,rsplit=1.600000;wprior=2.000000;gblock=0.050000,OII016,016,0.0,0.5,0,,0.08611111111111112,558.352030813694,0.46039000153541565,dde2823cf12f72cca096aea438cfbd8c723b3a9d43816f0658551d3d0ccf8698
4,clean,B3-R0,train_002394_clean_JND232,rsplit=1.600000;wprior=2.000000;gblock=0.050000,JND232,JND232,1.0,1.0,0,,0.0,584.4744676724076,0.6067557260394096,3a38efbc1d23693d23bd4e79aab0405cfe70805e6f9d4bf4e53c39457e1db9ef
4,clean,B3-R0,train_000027_clean_LEJ097,rsplit=1.600000;wprior=2.000000;gblock=0.050000,LEJ097,LEJ097,1.0,1.0,0,,0.0,570.546355098486,0.553675927221775,99a66256dd0ac1675b634d4dbf0304df41e093114a4978f11a6098ee5f2d1d32
4,clean,B3-R0,train_002313_clean_ONZ894,rsplit=1.600000;wprior=2.000000;gblock=0.050000,ONZ894,NZ894,0.0,0.8333333333333334,0,,0.027777777777777776,575.5005795508623,0.46529900282621384,fd1c3e739c80899962230f0ed7ddaaf5aaf276b478617c7d158bbd9c4d5f79ac
4,clean,B3-R0,train_000261_clean_YYR743,rsplit=1.600000;wprior=2.000000;gblock=0.050000,YYR743,YYR743,1.0,1.0,0,,0.0,558.21293592453,0.48441532999277115,7c545994a58d16d4c7688abf4479e67f658c2a3556ac37040159134e2e1042b7
4,clean,B3-R0,train_001125_clean_UJH224,rsplit=1.600000;wprior=2.000000;gblock=0.050000,UJH224,UJH224,1.0,1.0,0,,0.0,591.8251313269138,0.43662451207637787,c945f8727f6df6235e81370e3fb8a090d52288cef9581805bbfc399bd7805be8
4,clean,B3-R0,train_001881_clean_LSA749,rsplit=1.600000;wprior=2.000000;gblock=0.050000,LSA749,LSA749,1.0,1.0,0,,0.0,577.9231255874038,0.4328973591327667,9cd02b0df8c543b9eb4d51ef32835b081825d5f156af59cc5ad7ebbbca4b0503
4,clean,B3-R0,train_001773_clean_QHM011,rsplit=1.600000;wprior=2.000000;gblock=0.050000,QHM011,HM011,0.0,0.8333333333333334,0,,0.027777777777777776,548.7015312537551,0.45479927211999893,1d1ecf4582e895ce08d0f771fa8240dbb706461dd913707cd15432b61fe31e6f
4,clean,B3-R0,test_004851_clean_WOZ973,rsplit=1.600000;wprior=2.000000;gblock=0.050000,WOZ973,WZ973,0.0,0.8333333333333334,0,,0.027777777777777776,570.2635115012527,10.592550039291382,b525ec8d3d5e345b4067a2e0823406be93ef7ef6e8156ce32c4a226df74b348c
4,clean,B3-R0,train_002961_clean_UFX583,rsplit=1.600000;wprior=2.000000;gblock=0.050000,UFX583,UF4583,0.0,0.8333333333333334,0,,0.0,554.2195495218039,0.47861412167549133,c2148a4d947c37661e21cafcd67d0f7d188f1aee053703811e913d446a5dacff
4,clean,B3-R0,train_000324_clean_KPX722,rsplit=1.600000;wprior=2.000000;gblock=0.050000,KPX722,KP4722,0.0,0.8333333333333334,0,,0.0,572.1798315644264,0.582951121032238,d5e0c4bc29150579438b8d92aaca8387b117191c3c5e850a82cc5afb0fc6c25a
5,threshold,B0,train_002147_threshold_CSG072,rsplit=1.600000;wprior=2.000000;gblock=0.050000,CSG072,CSG72,0.0,0.8333333333333334,0,,0.027777777777777776,554.099241271615,0.4692263901233673,d8c2d52b9718b7bc9b1246e5756ba15dc0dab2aa176fddf0ee9dced1fbfef3db
5,threshold,B0,train_002192_threshold_QOU363,rsplit=1.600000;wprior=2.000000;gblock=0.050000,QOU363,U363,0.0,0.6666666666666667,0,,0.05555555555555555,586.63091622293,0.4652198404073715,9b24f04bcfd1307d1c550e24d05ca4dfd857b1a6482fa86c21f06e8ecbe78a8d
5,threshold,B0,test_004307_threshold_KBG725,rsplit=1.600000;wprior=2.000000;gblock=0.050000,KBG725,4BG725,0.0,0.8333333333333334,0,,0.0,563.2786313071847,0.4843156784772873,c0894efbae4f0eced87e063ff4c1acf2802deb3c55a9bbf4bbf45a03501d7f8f
5,threshold,B0,train_002219_threshold_SII841,rsplit=1.600000;wprior=2.000000;gblock=0.050000,SII841,SII81,0.0,0.8333333333333334,0,,0.03137254901960784,558.2884000614285,0.4579853266477585,8ff46771340ddd3fb6dc9a86bd3fd34bff074c577141aef4da15789170b2dbb6
5,threshold,B0,train_003929_threshold_BEP077,rsplit=1.600000;wprior=2.000000;gblock=0.050000,BEP077,BED077,0.0,0.8333333333333334,0,,0.0,571.4394962415099,0.5156546831130981,4add788a5dc2deb04d096e6c6ac7e74d9d8aa173b08796d34d031bf8366ce3e4
5,threshold,B0,test_004613_threshold_WNP712,rsplit=1.600000;wprior=2.000000;gblock=0.050000,WNP712,WNP712,1.0,1.0,0,,0.0,583.6771512404084,16.05267822742462,61bf133d41f297d84d5b9e6273ccedb8f3b374df7a073aa2bfa72c9264f00dd4
5,threshold,B0,train_001508_threshold_XVL755,rsplit=1.600000;wprior=2.000000;gblock=0.050000,XVL755,XVL755,1.0,1.0,0,,0.0,571.7338183894753,0.49125775694847107,472417d2f6f7b2a91719a3584f85b83c0f9b25093559f2852225a922cb38f5c4
5,threshold,B0,train_001085_threshold_TRO920,rsplit=1.600000;wprior=2.000000;gblock=0.050000,TRO920,TR920,0.0,0.8333333333333334,0,,0.027777777777777776,575.9385069832206,0.49362238496541977,7660b3f413402665d4a82ee705e78560083d11fddb50c5a0800e6336a871f560
5,threshold,B0,train_002021_threshold_RNH948,rsplit=1.600000;wprior=2.000000;gblock=0.050000,RNH948,RNH948,1.0,1.0,0,,0.0,597.2269997000694,0.4675043746829033,8c18b324e5d1e330afbdcf2ad24a037057eb9fa8e7c706e628fb50448e1b75ca
5,threshold,B0,test_004235_threshold_XHK087,rsplit=1.600000;wprior=2.000000;gblock=0.050000,XHK087,4H4087,0.0,0.6666666666666667,0,,0.0,562.094341032207,0.9204987436532974,91f3e9dae0d03639badc3e038eb8575b1c569e30c25a988eb7c8edfdb5b1d588
5,threshold,B0,test_004388_threshold_EEB819,rsplit=1.600000;wprior=2.000000;gblock=0.050000,EEB819,EEB819,1.0,1.0,0,,0.0,555.2575699985027,0.46787410974502563,4e2c4091b161f8446191f1e6c25c1d82800320861f74b7dd58d24cd503b73222
5,threshold,B0,test_004604_threshold_WHR312,rsplit=1.600000;wprior=2.000000;gblock=0.050000,WHR312,WH312,0.0,0.8333333333333334,0,,0.027777777777777776,561.0090112313628,15.44108334928751,f3abb56d9e65e0b2a99a3abf5ba7757b0dde623f71501df8ff29b3a25569c376
5,threshold,B0,train_001724_threshold_WYP300,rsplit=1.600000;wprior=2.000000;gblock=0.050000,WYP300,WYP3,0.0,0.6666666666666667,0,,0.05555555555555555,564.3175644800067,15.458625741302967,d89bee6661ce47fe5a1fe82fbca4bcbbede77cbeef3ba496c9501bc51d6f281e
5,threshold,B0,train_000806_threshold_AGC439,rsplit=1.600000;wprior=2.000000;gblock=0.050000,AGC439,AGC439,1.0,1.0,0,,0.0,561.4718133583665,0.49764011055231094,74db9f6d9a2c0a399539ab48cbcf1dbd564df020242d5d73cb9f15788dcf9dd8
5,threshold,B0,train_001625_threshold_SEG899,rsplit=1.600000;wprior=2.000000;gblock=0.050000,SEG899,SEG899,1.0,1.0,0,,0.0,554.5625071972609,0.47981739044189453,94de5cb88f6e4043db49201befcd0a7f87095de84f0205d894fe7caece684121
5,threshold,B1,train_002147_threshold_CSG072,rsplit=1.600000;wprior=2.000000;gblock=0.050000,CSG072,CSG72,0.0,0.8333333333333334,0,,0.027777777777777776,554.099241271615,0.4692263901233673,d8c2d52b9718b7bc9b1246e5756ba15dc0dab2aa176fddf0ee9dced1fbfef3db
5,threshold,B1,train_002192_threshold_QOU363,rsplit=1.600000;wprior=2.000000;gblock=0.050000,QOU363,U363,0.0,0.6666666666666667,0,,0.05555555555555555,586.63091622293,0.4652198404073715,9b24f04bcfd1307d1c550e24d05ca4dfd857b1a6482fa86c21f06e8ecbe78a8d
5,threshold,B1,test_004307_threshold_KBG725,rsplit=1.600000;wprior=2.000000;gblock=0.050000,KBG725,4BG725,0.0,0.8333333333333334,0,,0.0,563.2786313071847,0.4843156784772873,c0894efbae4f0eced87e063ff4c1acf2802deb3c55a9bbf4bbf45a03501d7f8f
5,threshold,B1,train_002219_threshold_SII841,rsplit=1.600000;wprior=2.000000;gblock=0.050000,SII841,SII81,0.0,0.8333333333333334,0,,0.03137254901960784,558.2884000614285,0.4579853266477585,8ff46771340ddd3fb6dc9a86bd3fd34bff074c577141aef4da15789170b2dbb6
5,threshold,B1,train_003929_threshold_BEP077,rsplit=1.600000;wprior=2.000000;gblock=0.050000,BEP077,BED077,0.0,0.8333333333333334,0,,0.0,571.4394962415099,0.5156546831130981,4add788a5dc2deb04d096e6c6ac7e74d9d8aa173b08796d34d031bf8366ce3e4
5,threshold,B1,test_004613_threshold_WNP712,rsplit=1.600000;wprior=2.000000;gblock=0.050000,WNP712,WNP712,1.0,1.0,0,,0.0,583.6771512404084,16.05267822742462,61bf133d41f297d84d5b9e6273ccedb8f3b374df7a073aa2bfa72c9264f00dd4
5,threshold,B1,train_001508_threshold_XVL755,rsplit=1.600000;wprior=2.000000;gblock=0.050000,XVL755,XVL755,1.0,1.0,0,,0.0,571.7338183894753,0.49125775694847107,472417d2f6f7b2a91719a3584f85b83c0f9b25093559f2852225a922cb38f5c4
5,threshold,B1,train_001085_threshold_TRO920,rsplit=1.600000;wprior=2.000000;gblock=0.050000,TRO920,TR920,0.0,0.8333333333333334,0,,0.027777777777777776,575.9385069832206,0.49362238496541977,7660b3f413402665d4a82ee705e78560083d11fddb50c5a0800e6336a871f560
5,threshold,B1,train_002021_threshold_RNH948,rsplit=1.600000;wprior=2.000000;gblock=0.050000,RNH948,RNH948,1.0,1.0,0,,0.0,597.2269997000694,0.4675043746829033,8c18b324e5d1e330afbdcf2ad24a037057eb9fa8e7c706e628fb50448e1b75ca
5,threshold,B1,test_004235_threshold_XHK087,rsplit=1.600000;wprior=2.000000;gblock=0.050000,XHK087,4H4087,0.0,0.6666666666666667,0,,0.0,562.094341032207,0.9204987436532974,91f3e9dae0d03639badc3e038eb8575b1c569e30c25a988eb7c8edfdb5b1d588
5,threshold,B1,test_004388_threshold_EEB819,rsplit=1.600000;wprior=2.000000;gblock=0.050000,EEB819,EEB819,1.0,1.0,0,,0.0,555.2575699985027,0.46787410974502563,4e2c4091b161f8446191f1e6c25c1d82800320861f74b7dd58d24cd503b73222
5,threshold,B1,test_004604_threshold_WHR312,rsplit=1.600000;wprior=2.000000;gblock=0.050000,WHR312,WH312,0.0,0.8333333333333334,0,,0.027777777777777776,561.0090112313628,15.44108334928751,f3abb56d9e65e0b2a99a3abf5ba7757b0dde623f71501df8ff29b3a25569c376
5,threshold,B1,train_001724_threshold_WYP300,rsplit=1.600000;wprior=2.000000;gblock=0.050000,WYP300,WYP3,0.0,0.6666666666666667,0,,0.05555555555555555,564.3175644800067,15.458625741302967,d89bee6661ce47fe5a1fe82fbca4bcbbede77cbeef3ba496c9501bc51d6f281e
5,threshold,B1,train_000806_threshold_AGC439,rsplit=1.600000;wprior=2.000000;gblock=0.050000,AGC439,AGC439,1.0,1.0,0,,0.0,561.4718133583665,0.49764011055231094,74db9f6d9a2c0a399539ab48cbcf1dbd564df020242d5d73cb9f15788dcf9dd8
5,threshold,B1,train_001625_threshold_SEG899,rsplit=1.600000;wprior=2.000000;gblock=0.050000,SEG899,SEG899,1.0,1.0,0,,0.0,554.5625071972609,0.47981739044189453,94de5cb88f6e4043db49201befcd0a7f87095de84f0205d894fe7caece684121
5,threshold,B2,train_002147_threshold_CSG072,rsplit=1.600000;wprior=2.000000;gblock=0.050000,CSG072,CSG72,0.0,0.8333333333333334,0,,0.027777777777777776,554.099241271615,0.4692263901233673,d8c2d52b9718b7bc9b1246e5756ba15dc0dab2aa176fddf0ee9dced1fbfef3db
5,threshold,B2,train_002192_threshold_QOU363,rsplit=1.600000;wprior=2.000000;gblock=0.050000,QOU363,U363,0.0,0.6666666666666667,0,,0.05555555555555555,586.63091622293,0.4652198404073715,9b24f04bcfd1307d1c550e24d05ca4dfd857b1a6482fa86c21f06e8ecbe78a8d
5,threshold,B2,test_004307_threshold_KBG725,rsplit=1.600000;wprior=2.000000;gblock=0.050000,KBG725,4BG725,0.0,0.8333333333333334,0,,0.0,563.2786313071847,0.4843156784772873,c0894efbae4f0eced87e063ff4c1acf2802deb3c55a9bbf4bbf45a03501d7f8f
5,threshold,B2,train_002219_threshold_SII841,rsplit=1.600000;wprior=2.000000;gblock=0.050000,SII841,SII81,0.0,0.8333333333333334,0,,0.03137254901960784,558.2884000614285,0.4579853266477585,8ff46771340ddd3fb6dc9a86bd3fd34bff074c577141aef4da15789170b2dbb6
5,threshold,B2,train_003929_threshold_BEP077,rsplit=1.600000;wprior=2.000000;gblock=0.050000,BEP077,BED077,0.0,0.8333333333333334,0,,0.0,571.4394962415099,0.5156546831130981,4add788a5dc2deb04d096e6c6ac7e74d9d8aa173b08796d34d031bf8366ce3e4
5,threshold,B2,test_004613_threshold_WNP712,rsplit=1.600000;wprior=2.000000;gblock=0.050000,WNP712,WNP712,1.0,1.0,0,,0.0,583.6771512404084,16.05267822742462,61bf133d41f297d84d5b9e6273ccedb8f3b374df7a073aa2bfa72c9264f00dd4
5,threshold,B2,train_001508_threshold_XVL755,rsplit=1.600000;wprior=2.000000;gblock=0.050000,XVL755,XVL755,1.0,1.0,0,,0.0,571.7338183894753,0.49125775694847107,472417d2f6f7b2a91719a3584f85b83c0f9b25093559f2852225a922cb38f5c4
5,threshold,B2,train_001085_threshold_TRO920,rsplit=1.600000;wprior=2.000000;gblock=0.050000,TRO920,TR920,0.0,0.8333333333333334,0,,0.027777777777777776,575.9385069832206,0.49362238496541977,7660b3f413402665d4a82ee705e78560083d11fddb50c5a0800e6336a871f560
5,threshold,B2,train_002021_threshold_RNH948,rsplit=1.600000;wprior=2.000000;gblock=0.050000,RNH948,RNH948,1.0,1.0,0,,0.0,597.2269997000694,0.4675043746829033,8c18b324e5d1e330afbdcf2ad24a037057eb9fa8e7c706e628fb50448e1b75ca
5,threshold,B2,test_004235_threshold_XHK087,rsplit=1.600000;wprior=2.000000;gblock=0.050000,XHK087,4H4087,0.0,0.6666666666666667,0,,0.0,562.094341032207,0.9204987436532974,91f3e9dae0d03639badc3e038eb8575b1c569e30c25a988eb7c8edfdb5b1d588
5,threshold,B2,test_004388_threshold_EEB819,rsplit=1.600000;wprior=2.000000;gblock=0.050000,EEB819,EEB819,1.0,1.0,0,,0.0,555.2575699985027,0.46787410974502563,4e2c4091b161f8446191f1e6c25c1d82800320861f74b7dd58d24cd503b73222
5,threshold,B2,test_004604_threshold_WHR312,rsplit=1.600000;wprior=2.000000;gblock=0.050000,WHR312,WH312,0.0,0.8333333333333334,0,,0.027777777777777776,561.0090112313628,15.44108334928751,f3abb56d9e65e0b2a99a3abf5ba7757b0dde623f71501df8ff29b3a25569c376
5,threshold,B2,train_001724_threshold_WYP300,rsplit=1.600000;wprior=2.000000;gblock=0.050000,WYP300,WYP3,0.0,0.6666666666666667,0,,0.05555555555555555,564.3175644800067,15.458625741302967,d89bee6661ce47fe5a1fe82fbca4bcbbede77cbeef3ba496c9501bc51d6f281e
5,threshold,B2,train_000806_threshold_AGC439,rsplit=1.600000;wprior=2.000000;gblock=0.050000,AGC439,AGC439,1.0,1.0,0,,0.0,561.4718133583665,0.49764011055231094,74db9f6d9a2c0a399539ab48cbcf1dbd564df020242d5d73cb9f15788dcf9dd8
5,threshold,B2,train_001625_threshold_SEG899,rsplit=1.600000;wprior=2.000000;gblock=0.050000,SEG899,SEG899,1.0,1.0,0,,0.0,554.5625071972609,0.47981739044189453,94de5cb88f6e4043db49201befcd0a7f87095de84f0205d894fe7caece684121
5,threshold,B3,train_002147_threshold_CSG072,rsplit=1.600000;wprior=2.000000;gblock=0.050000,CSG072,CSG72,0.0,0.8333333333333334,0,,0.027777777777777776,554.099241271615,0.4692263901233673,d8c2d52b9718b7bc9b1246e5756ba15dc0dab2aa176fddf0ee9dced1fbfef3db
5,threshold,B3,train_002192_threshold_QOU363,rsplit=1.600000;wprior=2.000000;gblock=0.050000,QOU363,U363,0.0,0.6666666666666667,0,,0.05555555555555555,586.63091622293,0.4652198404073715,9b24f04bcfd1307d1c550e24d05ca4dfd857b1a6482fa86c21f06e8ecbe78a8d
5,threshold,B3,test_004307_threshold_KBG725,rsplit=1.600000;wprior=2.000000;gblock=0.050000,KBG725,4BG725,0.0,0.8333333333333334,0,,0.0,563.2786313071847,0.4843156784772873,c0894efbae4f0eced87e063ff4c1acf2802deb3c55a9bbf4bbf45a03501d7f8f
5,threshold,B3,train_002219_threshold_SII841,rsplit=1.600000;wprior=2.000000;gblock=0.050000,SII841,SII81,0.0,0.8333333333333334,0,,0.03137254901960784,558.2884000614285,0.4579853266477585,8ff46771340ddd3fb6dc9a86bd3fd34bff074c577141aef4da15789170b2dbb6
5,threshold,B3,train_003929_threshold_BEP077,rsplit=1.600000;wprior=2.000000;gblock=0.050000,BEP077,BED077,0.0,0.8333333333333334,0,,0.0,571.4394962415099,0.5156546831130981,4add788a5dc2deb04d096e6c6ac7e74d9d8aa173b08796d34d031bf8366ce3e4
5,threshold,B3,test_004613_threshold_WNP712,rsplit=1.600000;wprior=2.000000;gblock=0.050000,WNP712,WNP712,1.0,1.0,0,,0.0,583.6771512404084,16.05267822742462,61bf133d41f297d84d5b9e6273ccedb8f3b374df7a073aa2bfa72c9264f00dd4
5,threshold,B3,train_001508_threshold_XVL755,rsplit=1.600000;wprior=2.000000;gblock=0.050000,XVL755,XVL755,1.0,1.0,0,,0.0,571.7338183894753,0.49125775694847107,472417d2f6f7b2a91719a3584f85b83c0f9b25093559f2852225a922cb38f5c4
5,threshold,B3,train_001085_threshold_TRO920,rsplit=1.600000;wprior=2.000000;gblock=0.050000,TRO920,TR920,0.0,0.8333333333333334,0,,0.027777777777777776,575.9385069832206,0.49362238496541977,7660b3f413402665d4a82ee705e78560083d11fddb50c5a0800e6336a871f560
5,threshold,B3,train_002021_threshold_RNH948,rsplit=1.600000;wprior=2.000000;gblock=0.050000,RNH948,RNH948,1.0,1.0,0,,0.0,597.2269997000694,0.4675043746829033,8c18b324e5d1e330afbdcf2ad24a037057eb9fa8e7c706e628fb50448e1b75ca
5,threshold,B3,test_004235_threshold_XHK087,rsplit=1.600000;wprior=2.000000;gblock=0.050000,XHK087,4H4087,0.0,0.6666666666666667,0,,0.0,562.094341032207,0.9204987436532974,91f3e9dae0d03639badc3e038eb8575b1c569e30c25a988eb7c8edfdb5b1d588
5,threshold,B3,test_004388_threshold_EEB819,rsplit=1.600000;wprior=2.000000;gblock=0.050000,EEB819,EEB819,1.0,1.0,0,,0.0,555.2575699985027,0.46787410974502563,4e2c4091b161f8446191f1e6c25c1d82800320861f74b7dd58d24cd503b73222
5,threshold,B3,test_004604_threshold_WHR312,rsplit=1.600000;wprior=2.000000;gblock=0.050000,WHR312,WH312,0.0,0.8333333333333334,0,,0.027777777777777776,561.0090112313628,15.44108334928751,f3abb56d9e65e0b2a99a3abf5ba7757b0dde623f71501df8ff29b3a25569c376
5,threshold,B3,train_001724_threshold_WYP300,rsplit=1.600000;wprior=2.000000;gblock=0.050000,WYP300,WYP3,0.0,0.6666666666666667,0,,0.05555555555555555,564.3175644800067,15.458625741302967,d89bee6661ce47fe5a1fe82fbca4bcbbede77cbeef3ba496c9501bc51d6f281e
5,threshold,B3,train_000806_threshold_AGC439,rsplit=1.600000;wprior=2.000000;gblock=0.050000,AGC439,AGC439,1.0,1.0,0,,0.0,561.4718133583665,0.49764011055231094,74db9f6d9a2c0a399539ab48cbcf1dbd564df020242d5d73cb9f15788dcf9dd8
5,threshold,B3,train_001625_threshold_SEG899,rsplit=1.600000;wprior=2.000000;gblock=0.050000,SEG899,SEG899,1.0,1.0,0,,0.0,554.5625071972609,0.47981739044189453,94de5cb88f6e4043db49201befcd0a7f87095de84f0205d894fe7caece684121
5,threshold,B3-I,train_002147_threshold_CSG072,rsplit=1.600000;wprior=2.000000;gblock=0.050000,CSG072,CSG72,0.0,0.8333333333333334,0,,0.027777777777777776,554.099241271615,0.4692263901233673,d8c2d52b9718b7bc9b1246e5756ba15dc0dab2aa176fddf0ee9dced1fbfef3db
5,threshold,B3-I,train_002192_threshold_QOU363,rsplit=1.600000;wprior=2.000000;gblock=0.050000,QOU363,U363,0.0,0.6666666666666667,0,,0.05555555555555555,586.63091622293,0.4652198404073715,9b24f04bcfd1307d1c550e24d05ca4dfd857b1a6482fa86c21f06e8ecbe78a8d
5,threshold,B3-I,test_004307_threshold_KBG725,rsplit=1.600000;wprior=2.000000;gblock=0.050000,KBG725,4BG725,0.0,0.8333333333333334,0,,0.0,563.2786313071847,0.4843156784772873,c0894efbae4f0eced87e063ff4c1acf2802deb3c55a9bbf4bbf45a03501d7f8f
5,threshold,B3-I,train_002219_threshold_SII841,rsplit=1.600000;wprior=2.000000;gblock=0.050000,SII841,SII81,0.0,0.8333333333333334,0,,0.03137254901960784,558.2884000614285,0.4579853266477585,8ff46771340ddd3fb6dc9a86bd3fd34bff074c577141aef4da15789170b2dbb6
5,threshold,B3-I,train_003929_threshold_BEP077,rsplit=1.600000;wprior=2.000000;gblock=0.050000,BEP077,BED077,0.0,0.8333333333333334,0,,0.0,571.4394962415099,0.5156546831130981,4add788a5dc2deb04d096e6c6ac7e74d9d8aa173b08796d34d031bf8366ce3e4
5,threshold,B3-I,test_004613_threshold_WNP712,rsplit=1.600000;wprior=2.000000;gblock=0.050000,WNP712,WNP712,1.0,1.0,0,,0.0,583.6771512404084,16.05267822742462,61bf133d41f297d84d5b9e6273ccedb8f3b374df7a073aa2bfa72c9264f00dd4
5,threshold,B3-I,train_001508_threshold_XVL755,rsplit=1.600000;wprior=2.000000;gblock=0.050000,XVL755,XVL755,1.0,1.0,0,,0.0,571.7338183894753,0.49125775694847107,472417d2f6f7b2a91719a3584f85b83c0f9b25093559f2852225a922cb38f5c4
5,threshold,B3-I,train_001085_threshold_TRO920,rsplit=1.600000;wprior=2.000000;gblock=0.050000,TRO920,TR920,0.0,0.8333333333333334,0,,0.027777777777777776,575.9385069832206,0.49362238496541977,7660b3f413402665d4a82ee705e78560083d11fddb50c5a0800e6336a871f560
5,threshold,B3-I,train_002021_threshold_RNH948,rsplit=1.600000;wprior=2.000000;gblock=0.050000,RNH948,RNH948,1.0,1.0,0,,0.0,597.2269997000694,0.4675043746829033,8c18b324e5d1e330afbdcf2ad24a037057eb9fa8e7c706e628fb50448e1b75ca
5,threshold,B3-I,test_004235_threshold_XHK087,rsplit=1.600000;wprior=2.000000;gblock=0.050000,XHK087,4H4087,0.0,0.6666666666666667,0,,0.0,562.094341032207,0.9204987436532974,91f3e9dae0d03639badc3e038eb8575b1c569e30c25a988eb7c8edfdb5b1d588
5,threshold,B3-I,test_004388_threshold_EEB819,rsplit=1.600000;wprior=2.000000;gblock=0.050000,EEB819,EEB819,1.0,1.0,0,,0.0,555.2575699985027,0.46787410974502563,4e2c4091b161f8446191f1e6c25c1d82800320861f74b7dd58d24cd503b73222
5,threshold,B3-I,test_004604_threshold_WHR312,rsplit=1.600000;wprior=2.000000;gblock=0.050000,WHR312,WH312,0.0,0.8333333333333334,0,,0.027777777777777776,561.0090112313628,15.44108334928751,f3abb56d9e65e0b2a99a3abf5ba7757b0dde623f71501df8ff29b3a25569c376
5,threshold,B3-I,train_001724_threshold_WYP300,rsplit=1.600000;wprior=2.000000;gblock=0.050000,WYP300,WYP3,0.0,0.6666666666666667,0,,0.05555555555555555,564.3175644800067,15.458625741302967,d89bee6661ce47fe5a1fe82fbca4bcbbede77cbeef3ba496c9501bc51d6f281e
5,threshold,B3-I,train_000806_threshold_AGC439,rsplit=1.600000;wprior=2.000000;gblock=0.050000,AGC439,AGC439,1.0,1.0,0,,0.0,561.4718133583665,0.49764011055231094,74db9f6d9a2c0a399539ab48cbcf1dbd564df020242d5d73cb9f15788dcf9dd8
5,threshold,B3-I,train_001625_threshold_SEG899,rsplit=1.600000;wprior=2.000000;gblock=0.050000,SEG899,SEG899,1.0,1.0,0,,0.0,554.5625071972609,0.47981739044189453,94de5cb88f6e4043db49201befcd0a7f87095de84f0205d894fe7caece684121
5,threshold,B3-R0,train_002147_threshold_CSG072,rsplit=1.600000;wprior=2.000000;gblock=0.050000,CSG072,CSG72,0.0,0.8333333333333334,0,,0.027777777777777776,554.099241271615,0.4692263901233673,d8c2d52b9718b7bc9b1246e5756ba15dc0dab2aa176fddf0ee9dced1fbfef3db
5,threshold,B3-R0,train_002192_threshold_QOU363,rsplit=1.600000;wprior=2.000000;gblock=0.050000,QOU363,U363,0.0,0.6666666666666667,0,,0.05555555555555555,586.63091622293,0.4652198404073715,9b24f04bcfd1307d1c550e24d05ca4dfd857b1a6482fa86c21f06e8ecbe78a8d
5,threshold,B3-R0,test_004307_threshold_KBG725,rsplit=1.600000;wprior=2.000000;gblock=0.050000,KBG725,4BG725,0.0,0.8333333333333334,0,,0.0,563.2786313071847,0.4843156784772873,c0894efbae4f0eced87e063ff4c1acf2802deb3c55a9bbf4bbf45a03501d7f8f
5,threshold,B3-R0,train_002219_threshold_SII841,rsplit=1.600000;wprior=2.000000;gblock=0.050000,SII841,SII81,0.0,0.8333333333333334,0,,0.03137254901960784,558.2884000614285,0.4579853266477585,8ff46771340ddd3fb6dc9a86bd3fd34bff074c577141aef4da15789170b2dbb6
5,threshold,B3-R0,train_003929_threshold_BEP077,rsplit=1.600000;wprior=2.000000;gblock=0.050000,BEP077,BED077,0.0,0.8333333333333334,0,,0.0,571.4394962415099,0.5156546831130981,4add788a5dc2deb04d096e6c6ac7e74d9d8aa173b08796d34d031bf8366ce3e4
5,threshold,B3-R0,test_004613_threshold_WNP712,rsplit=1.600000;wprior=2.000000;gblock=0.050000,WNP712,WNP712,1.0,1.0,0,,0.0,583.6771512404084,16.05267822742462,61bf133d41f297d84d5b9e6273ccedb8f3b374df7a073aa2bfa72c9264f00dd4
5,threshold,B3-R0,train_001508_threshold_XVL755,rsplit=1.600000;wprior=2.000000;gblock=0.050000,XVL755,XVL755,1.0,1.0,0,,0.0,571.7338183894753,0.49125775694847107,472417d2f6f7b2a91719a3584f85b83c0f9b25093559f2852225a922cb38f5c4
5,threshold,B3-R0,train_001085_threshold_TRO920,rsplit=1.600000;wprior=2.000000;gblock=0.050000,TRO920,TR920,0.0,0.8333333333333334,0,,0.027777777777777776,575.9385069832206,0.49362238496541977,7660b3f413402665d4a82ee705e78560083d11fddb50c5a0800e6336a871f560
5,threshold,B3-R0,train_002021_threshold_RNH948,rsplit=1.600000;wprior=2.000000;gblock=0.050000,RNH948,RNH948,1.0,1.0,0,,0.0,597.2269997000694,0.4675043746829033,8c18b324e5d1e330afbdcf2ad24a037057eb9fa8e7c706e628fb50448e1b75ca
5,threshold,B3-R0,test_004235_threshold_XHK087,rsplit=1.600000;wprior=2.000000;gblock=0.050000,XHK087,4H4087,0.0,0.6666666666666667,0,,0.0,562.094341032207,0.9204987436532974,91f3e9dae0d03639badc3e038eb8575b1c569e30c25a988eb7c8edfdb5b1d588
5,threshold,B3-R0,test_004388_threshold_EEB819,rsplit=1.600000;wprior=2.000000;gblock=0.050000,EEB819,EEB819,1.0,1.0,0,,0.0,555.2575699985027,0.46787410974502563,4e2c4091b161f8446191f1e6c25c1d82800320861f74b7dd58d24cd503b73222
5,threshold,B3-R0,test_004604_threshold_WHR312,rsplit=1.600000;wprior=2.000000;gblock=0.050000,WHR312,WH312,0.0,0.8333333333333334,0,,0.027777777777777776,561.0090112313628,15.44108334928751,f3abb56d9e65e0b2a99a3abf5ba7757b0dde623f71501df8ff29b3a25569c376
5,threshold,B3-R0,train_001724_threshold_WYP300,rsplit=1.600000;wprior=2.000000;gblock=0.050000,WYP300,WYP3,0.0,0.6666666666666667,0,,0.05555555555555555,564.3175644800067,15.458625741302967,d89bee6661ce47fe5a1fe82fbca4bcbbede77cbeef3ba496c9501bc51d6f281e
5,threshold,B3-R0,train_000806_threshold_AGC439,rsplit=1.600000;wprior=2.000000;gblock=0.050000,AGC439,AGC439,1.0,1.0,0,,0.0,561.4718133583665,0.49764011055231094,74db9f6d9a2c0a399539ab48cbcf1dbd564df020242d5d73cb9f15788dcf9dd8
5,threshold,B3-R0,train_001625_threshold_SEG899,rsplit=1.600000;wprior=2.000000;gblock=0.050000,SEG899,SEG899,1.0,1.0,0,,0.0,554.5625071972609,0.47981739044189453,94de5cb88f6e4043db49201befcd0a7f87095de84f0205d894fe7caece684121
6,clean,B0,train_002916_clean_XPA196,rsplit=1.600000;wprior=2.000000;gblock=0.050000,XPA196,4PA19,0.0,0.6666666666666667,0,,0.027777777777777776,638.3376196026802,0.4809694364666939,614721b12c55d5f7a664f77689a8bddb8b4a71e221fd968f8973399abe0a30a9
6,clean,B0,train_000693_clean_RXT918,rsplit=1.600000;wprior=2.000000;gblock=0.050000,RXT918,R4T918,0.0,0.8333333333333334,0,,0.0,692.4595581367612,0.6094826385378838,1a9ecc051413ce049fbc63ce6bff03d5c8d5438718e2ac9df49b561f43314256
6,clean,B0,test_004563_clean_HUZ431,rsplit=1.600000;wprior=2.000000;gblock=0.050000,HUZ431,HUZ431,1.0,1.0,0,,0.0,572.42994569242,0.42549334466457367,d5df7418bfbb62388841ccf69db866fa0997643a3a1c8e2f9b6b07af6c6f3335
6,clean,B0,train_003492_clean_FUW056,rsplit=1.600000;wprior=2.000000;gblock=0.050000,FUW056,FUW56,0.0,0.8333333333333334,0,,0.027777777777777776,631.7546870559454,20.459397695958614,d93800050824fcf669cee147fba5211d3b1a952e83bc0411296739961c31d3b4
6,clean,B0,train_003735_clean_ACZ492,rsplit=1.600000;wprior=2.000000;gblock=0.050000,ACZ492,ACZ492,1.0,1.0,0,,0.0,562.494058161974,0.4636170342564583,5a5097cee753f2de5a5bf79d34c2c310ea539e5f5b9e0305ee8a430bca0a0647
6,clean,B0,train_003438_clean_BYH361,rsplit=1.600000;wprior=2.000000;gblock=0.050000,BYH361,BYH361,1.0,1.0,0,,0.0,695.9333904087543,0.3670835867524147,b7302ffe29aba7489deaab48d3062b418b338b5f9743c5f90bddf91048216054
6,clean,B0,train_002520_clean_KAW640,rsplit=1.600000;wprior=2.000000;gblock=0.050000,KAW640,KAW640,1.0,1.0,0,,0.0,580.3978256881237,0.5133403465151787,9753f7da9c2469adbd849997127155e172591ba02410c8e6fb3dd9bb75e23085
6,clean,B0,train_000801_clean_JVF615,rsplit=1.600000;wprior=2.000000;gblock=0.050000,JVF615,JVF65,0.0,0.8333333333333334,0,,0.027777777777777776,560.3147372603416,0.5676625296473503,9e7ea9b631abccd8be1f9384c33bcecc0483c421346808422ccdb894937278b3
6,clean,B0,train_002232_clean_IRC885,rsplit=1.600000;wprior=2.000000;gblock=0.050000,IRC885,IRC885,1.0,1.0,0,,0.0022569444444444455,668.0260887369514,0.451904721558094,f3ded2b518148c13c4c6f4eb42ebdf58d346d16dd3bff3194e475b9c07875caf
6,clean,B0,test_004689_clean_ABY846,rsplit=1.600000;wprior=2.000000;gblock=0.050000,ABY846,ABY84,0.0,0.8333333333333334,0,,0.027777777777777776,659.8334144800901,0.4498707130551338,a5cd1b51832aababe044ff62013a4aff1f5f00e2e24fdb69ec56db6a6060151e
6,clean,B0,train_003213_clean_LON362,rsplit=1.600000;wprior=2.000000;gblock=0.050000,LON362,L0N362,0.0,0.8333333333333334,0,,0.0,557.1185583248734,0.5277171730995178,6d20036833925412182849ad6271253b101024820b522c7dea8b0f23dcc5946f
6,clean,B0,train_003078_clean_OXW604,rsplit=1.600000;wprior=2.000000;gblock=0.050000,OXW604,4W04,0.0,0.5,0,,0.05555555555555555,657.7698430046439,39.56714924424887,89ca3e14ab48667b71abbfb94594ccf28911f7497acd0a5af711b7df7f41354d
6,clean,B0,train_002934_clean_BAY231,rsplit=1.600000;wprior=2.000000;gblock=0.050000,BAY231,BAY231,1.0,1.0,0,,0.0,580.0160942599177,0.4870705306529999,2435bbfb24f0afd33cebadb5872c0a4990539cfda9d67e32b31739ebafaca29d
6,clean,B0,train_002439_clean_QVG271,rsplit=1.600000;wprior=2.000000;gblock=0.050000,QVG271,QVG271,1.0,1.0,0,,0.0,551.5736667439342,0.4649674519896507,1d2071010221d781a32f4b99e5982687ef7a28dc01a4f4aad46ff6c8548ff73f
6,clean,B0,train_001026_clean_SVG668,rsplit=1.600000;wprior=2.000000;gblock=0.050000,SVG668,SVG3,0.0,0.5,0,,0.05555555555555555,558.3741012960672,0.49102865159511566,2f3676619dfc37f798404e2a1a04a1dbf54f53f7eaa7b0571e2fae1e7755bcaf
6,clean,B1,train_002916_clean_XPA196,rsplit=1.600000;wprior=2.000000;gblock=0.050000,XPA196,4PA19,0.0,0.6666666666666667,0,,0.027777777777777776,638.3376196026802,0.4809694364666939,614721b12c55d5f7a664f77689a8bddb8b4a71e221fd968f8973399abe0a30a9
6,clean,B1,train_000693_clean_RXT918,rsplit=1.600000;wprior=2.000000;gblock=0.050000,RXT918,R4T918,0.0,0.8333333333333334,0,,0.0,692.4595581367612,0.6094826385378838,1a9ecc051413ce049fbc63ce6bff03d5c8d5438718e2ac9df49b561f43314256
6,clean,B1,test_004563_clean_HUZ431,rsplit=1.600000;wprior=2.000000;gblock=0.050000,HUZ431,HUZ431,1.0,1.0,0,,0.0,572.42994569242,0.42549334466457367,d5df7418bfbb62388841ccf69db866fa0997643a3a1c8e2f9b6b07af6c6f3335
6,clean,B1,train_003492_clean_FUW056,rsplit=1.600000;wprior=2.000000;gblock=0.050000,FUW056,FUW56,0.0,0.8333333333333334,0,,0.027777777777777776,631.7546870559454,20.459397695958614,d93800050824fcf669cee147fba5211d3b1a952e83bc0411296739961c31d3b4
6,clean,B1,train_003735_clean_ACZ492,rsplit=1.600000;wprior=2.000000;gblock=0.050000,ACZ492,ACZ492,1.0,1.0,0,,0.0,562.494058161974,0.4636170342564583,5a5097cee753f2de5a5bf79d34c2c310ea539e5f5b9e0305ee8a430bca0a0647
6,clean,B1,train_003438_clean_BYH361,rsplit=1.600000;wprior=2.000000;gblock=0.050000,BYH361,BYH361,1.0,1.0,0,,0.0,695.9333904087543,0.3670835867524147,b7302ffe29aba7489deaab48d3062b418b338b5f9743c5f90bddf91048216054
6,clean,B1,train_002520_clean_KAW640,rsplit=1.600000;wprior=2.000000;gblock=0.050000,KAW640,KAW640,1.0,1.0,0,,0.0,580.3978256881237,0.5133403465151787,9753f7da9c2469adbd849997127155e172591ba02410c8e6fb3dd9bb75e23085
6,clean,B1,train_000801_clean_JVF615,rsplit=1.600000;wprior=2.000000;gblock=0.050000,JVF615,JVF65,0.0,0.8333333333333334,0,,0.027777777777777776,560.3147372603416,0.5676625296473503,9e7ea9b631abccd8be1f9384c33bcecc0483c421346808422ccdb894937278b3
6,clean,B1,train_002232_clean_IRC885,rsplit=1.600000;wprior=2.000000;gblock=0.050000,IRC885,IRC885,1.0,1.0,0,,0.0022569444444444455,668.0260887369514,0.451904721558094,f3ded2b518148c13c4c6f4eb42ebdf58d346d16dd3bff3194e475b9c07875caf
6,clean,B1,test_004689_clean_ABY846,rsplit=1.600000;wprior=2.000000;gblock=0.050000,ABY846,ABY84,0.0,0.8333333333333334,0,,0.027777777777777776,659.8334144800901,0.4498707130551338,a5cd1b51832aababe044ff62013a4aff1f5f00e2e24fdb69ec56db6a6060151e
6,clean,B1,train_003213_clean_LON362,rsplit=1.600000;wprior=2.000000;gblock=0.050000,LON362,L0N362,0.0,0.8333333333333334,0,,0.0,557.1185583248734,0.5277171730995178,6d20036833925412182849ad6271253b101024820b522c7dea8b0f23dcc5946f
6,clean,B1,train_003078_clean_OXW604,rsplit=1.600000;wprior=2.000000;gblock=0.050000,OXW604,4W04,0.0,0.5,0,,0.05555555555555555,657.7698430046439,39.56714924424887,89ca3e14ab48667b71abbfb94594ccf28911f7497acd0a5af711b7df7f41354d
6,clean,B1,train_002934_clean_BAY231,rsplit=1.600000;wprior=2.000000;gblock=0.050000,BAY231,BAY231,1.0,1.0,0,,0.0,580.0160942599177,0.4870705306529999,2435bbfb24f0afd33cebadb5872c0a4990539cfda9d67e32b31739ebafaca29d
6,clean,B1,train_002439_clean_QVG271,rsplit=1.600000;wprior=2.000000;gblock=0.050000,QVG271,QVG271,1.0,1.0,0,,0.0,551.5736667439342,0.4649674519896507,1d2071010221d781a32f4b99e5982687ef7a28dc01a4f4aad46ff6c8548ff73f
6,clean,B1,train_001026_clean_SVG668,rsplit=1.600000;wprior=2.000000;gblock=0.050000,SVG668,SVG3,0.0,0.5,0,,0.05555555555555555,558.3741012960672,0.49102865159511566,2f3676619dfc37f798404e2a1a04a1dbf54f53f7eaa7b0571e2fae1e7755bcaf
6,clean,B2,train_002916_clean_XPA196,rsplit=1.600000;wprior=2.000000;gblock=0.050000,XPA196,4PA19,0.0,0.6666666666666667,0,,0.027777777777777776,638.3376196026802,0.4809694364666939,614721b12c55d5f7a664f77689a8bddb8b4a71e221fd968f8973399abe0a30a9
6,clean,B2,train_000693_clean_RXT918,rsplit=1.600000;wprior=2.000000;gblock=0.050000,RXT918,R4T918,0.0,0.8333333333333334,0,,0.0,692.4595581367612,0.6094826385378838,1a9ecc051413ce049fbc63ce6bff03d5c8d5438718e2ac9df49b561f43314256
6,clean,B2,test_004563_clean_HUZ431,rsplit=1.600000;wprior=2.000000;gblock=0.050000,HUZ431,HUZ431,1.0,1.0,0,,0.0,572.42994569242,0.42549334466457367,d5df7418bfbb62388841ccf69db866fa0997643a3a1c8e2f9b6b07af6c6f3335
6,clean,B2,train_003492_clean_FUW056,rsplit=1.600000;wprior=2.000000;gblock=0.050000,FUW056,FUW56,0.0,0.8333333333333334,0,,0.027777777777777776,631.7546870559454,20.459397695958614,d93800050824fcf669cee147fba5211d3b1a952e83bc0411296739961c31d3b4
6,clean,B2,train_003735_clean_ACZ492,rsplit=1.600000;wprior=2.000000;gblock=0.050000,ACZ492,ACZ492,1.0,1.0,0,,0.0,562.494058161974,0.4636170342564583,5a5097cee753f2de5a5bf79d34c2c310ea539e5f5b9e0305ee8a430bca0a0647
6,clean,B2,train_003438_clean_BYH361,rsplit=1.600000;wprior=2.000000;gblock=0.050000,BYH361,BYH361,1.0,1.0,0,,0.0,695.9333904087543,0.3670835867524147,b7302ffe29aba7489deaab48d3062b418b338b5f9743c5f90bddf91048216054
6,clean,B2,train_002520_clean_KAW640,rsplit=1.600000;wprior=2.000000;gblock=0.050000,KAW640,KAW640,1.0,1.0,0,,0.0,580.3978256881237,0.5133403465151787,9753f7da9c2469adbd849997127155e172591ba02410c8e6fb3dd9bb75e23085
6,clean,B2,train_000801_clean_JVF615,rsplit=1.600000;wprior=2.000000;gblock=0.050000,JVF615,JVF65,0.0,0.8333333333333334,0,,0.027777777777777776,560.3147372603416,0.5676625296473503,9e7ea9b631abccd8be1f9384c33bcecc0483c421346808422ccdb894937278b3
6,clean,B2,train_002232_clean_IRC885,rsplit=1.600000;wprior=2.000000;gblock=0.050000,IRC885,IRC885,1.0,1.0,0,,0.0022569444444444455,668.0260887369514,0.451904721558094,f3ded2b518148c13c4c6f4eb42ebdf58d346d16dd3bff3194e475b9c07875caf
6,clean,B2,test_004689_clean_ABY846,rsplit=1.600000;wprior=2.000000;gblock=0.050000,ABY846,ABY84,0.0,0.8333333333333334,0,,0.027777777777777776,659.8334144800901,0.4498707130551338,a5cd1b51832aababe044ff62013a4aff1f5f00e2e24fdb69ec56db6a6060151e
6,clean,B2,train_003213_clean_LON362,rsplit=1.600000;wprior=2.000000;gblock=0.050000,LON362,L0N362,0.0,0.8333333333333334,0,,0.0,557.1185583248734,0.5277171730995178,6d20036833925412182849ad6271253b101024820b522c7dea8b0f23dcc5946f
6,clean,B2,train_003078_clean_OXW604,rsplit=1.600000;wprior=2.000000;gblock=0.050000,OXW604,4W04,0.0,0.5,0,,0.05555555555555555,657.7698430046439,39.56714924424887,89ca3e14ab48667b71abbfb94594ccf28911f7497acd0a5af711b7df7f41354d
6,clean,B2,train_002934_clean_BAY231,rsplit=1.600000;wprior=2.000000;gblock=0.050000,BAY231,BAY231,1.0,1.0,0,,0.0,580.0160942599177,0.4870705306529999,2435bbfb24f0afd33cebadb5872c0a4990539cfda9d67e32b31739ebafaca29d
6,clean,B2,train_002439_clean_QVG271,rsplit=1.600000;wprior=2.000000;gblock=0.050000,QVG271,QVG271,1.0,1.0,0,,0.0,551.5736667439342,0.4649674519896507,1d2071010221d781a32f4b99e5982687ef7a28dc01a4f4aad46ff6c8548ff73f
6,clean,B2,train_001026_clean_SVG668,rsplit=1.600000;wprior=2.000000;gblock=0.050000,SVG668,SVG3,0.0,0.5,0,,0.05555555555555555,558.3741012960672,0.49102865159511566,2f3676619dfc37f798404e2a1a04a1dbf54f53f7eaa7b0571e2fae1e7755bcaf
6,clean,B3,train_002916_clean_XPA196,rsplit=1.600000;wprior=2.000000;gblock=0.050000,XPA196,4PA19,0.0,0.6666666666666667,0,,0.027777777777777776,638.3376196026802,0.4809694364666939,614721b12c55d5f7a664f77689a8bddb8b4a71e221fd968f8973399abe0a30a9
6,clean,B3,train_000693_clean_RXT918,rsplit=1.600000;wprior=2.000000;gblock=0.050000,RXT918,R4T918,0.0,0.8333333333333334,0,,0.0,692.4595581367612,0.6094826385378838,1a9ecc051413ce049fbc63ce6bff03d5c8d5438718e2ac9df49b561f43314256
6,clean,B3,test_004563_clean_HUZ431,rsplit=1.600000;wprior=2.000000;gblock=0.050000,HUZ431,HUZ431,1.0,1.0,0,,0.0,572.42994569242,0.42549334466457367,d5df7418bfbb62388841ccf69db866fa0997643a3a1c8e2f9b6b07af6c6f3335
6,clean,B3,train_003492_clean_FUW056,rsplit=1.600000;wprior=2.000000;gblock=0.050000,FUW056,FUW56,0.0,0.8333333333333334,0,,0.027777777777777776,631.7546870559454,20.459397695958614,d93800050824fcf669cee147fba5211d3b1a952e83bc0411296739961c31d3b4
6,clean,B3,train_003735_clean_ACZ492,rsplit=1.600000;wprior=2.000000;gblock=0.050000,ACZ492,ACZ492,1.0,1.0,0,,0.0,562.494058161974,0.4636170342564583,5a5097cee753f2de5a5bf79d34c2c310ea539e5f5b9e0305ee8a430bca0a0647
6,clean,B3,train_003438_clean_BYH361,rsplit=1.600000;wprior=2.000000;gblock=0.050000,BYH361,BYH361,1.0,1.0,0,,0.0,695.9333904087543,0.3670835867524147,b7302ffe29aba7489deaab48d3062b418b338b5f9743c5f90bddf91048216054
6,clean,B3,train_002520_clean_KAW640,rsplit=1.600000;wprior=2.000000;gblock=0.050000,KAW640,KAW640,1.0,1.0,0,,0.0,580.3978256881237,0.5133403465151787,9753f7da9c2469adbd849997127155e172591ba02410c8e6fb3dd9bb75e23085
6,clean,B3,train_000801_clean_JVF615,rsplit=1.600000;wprior=2.000000;gblock=0.050000,JVF615,JVF65,0.0,0.8333333333333334,0,,0.027777777777777776,560.3147372603416,0.5676625296473503,9e7ea9b631abccd8be1f9384c33bcecc0483c421346808422ccdb894937278b3
6,clean,B3,train_002232_clean_IRC885,rsplit=1.600000;wprior=2.000000;gblock=0.050000,IRC885,IRC885,1.0,1.0,0,,0.0022569444444444455,668.0260887369514,0.451904721558094,f3ded2b518148c13c4c6f4eb42ebdf58d346d16dd3bff3194e475b9c07875caf
6,clean,B3,test_004689_clean_ABY846,rsplit=1.600000;wprior=2.000000;gblock=0.050000,ABY846,ABY84,0.0,0.8333333333333334,0,,0.027777777777777776,659.8334144800901,0.4498707130551338,a5cd1b51832aababe044ff62013a4aff1f5f00e2e24fdb69ec56db6a6060151e
6,clean,B3,train_003213_clean_LON362,rsplit=1.600000;wprior=2.000000;gblock=0.050000,LON362,L0N362,0.0,0.8333333333333334,0,,0.0,557.1185583248734,0.5277171730995178,6d20036833925412182849ad6271253b101024820b522c7dea8b0f23dcc5946f
6,clean,B3,train_003078_clean_OXW604,rsplit=1.600000;wprior=2.000000;gblock=0.050000,OXW604,4W04,0.0,0.5,0,,0.05555555555555555,657.7698430046439,39.56714924424887,89ca3e14ab48667b71abbfb94594ccf28911f7497acd0a5af711b7df7f41354d
6,clean,B3,train_002934_clean_BAY231,rsplit=1.600000;wprior=2.000000;gblock=0.050000,BAY231,BAY231,1.0,1.0,0,,0.0,580.0160942599177,0.4870705306529999,2435bbfb24f0afd33cebadb5872c0a4990539cfda9d67e32b31739ebafaca29d
6,clean,B3,train_002439_clean_QVG271,rsplit=1.600000;wprior=2.000000;gblock=0.050000,QVG271,QVG271,1.0,1.0,0,,0.0,551.5736667439342,0.4649674519896507,1d2071010221d781a32f4b99e5982687ef7a28dc01a4f4aad46ff6c8548ff73f
6,clean,B3,train_001026_clean_SVG668,rsplit=1.600000;wprior=2.000000;gblock=0.050000,SVG668,SVG3,0.0,0.5,0,,0.05555555555555555,558.3741012960672,0.49102865159511566,2f3676619dfc37f798404e2a1a04a1dbf54f53f7eaa7b0571e2fae1e7755bcaf
6,clean,B3-I,train_002916_clean_XPA196,rsplit=1.600000;wprior=2.000000;gblock=0.050000,XPA196,4PA19,0.0,0.6666666666666667,0,,0.027777777777777776,638.3376196026802,0.4809694364666939,614721b12c55d5f7a664f77689a8bddb8b4a71e221fd968f8973399abe0a30a9
6,clean,B3-I,train_000693_clean_RXT918,rsplit=1.600000;wprior=2.000000;gblock=0.050000,RXT918,R4T918,0.0,0.8333333333333334,0,,0.0,692.4595581367612,0.6094826385378838,1a9ecc051413ce049fbc63ce6bff03d5c8d5438718e2ac9df49b561f43314256
6,clean,B3-I,test_004563_clean_HUZ431,rsplit=1.600000;wprior=2.000000;gblock=0.050000,HUZ431,HUZ431,1.0,1.0,0,,0.0,572.42994569242,0.42549334466457367,d5df7418bfbb62388841ccf69db866fa0997643a3a1c8e2f9b6b07af6c6f3335
6,clean,B3-I,train_003492_clean_FUW056,rsplit=1.600000;wprior=2.000000;gblock=0.050000,FUW056,FUW56,0.0,0.8333333333333334,0,,0.027777777777777776,631.7546870559454,20.459397695958614,d93800050824fcf669cee147fba5211d3b1a952e83bc0411296739961c31d3b4
6,clean,B3-I,train_003735_clean_ACZ492,rsplit=1.600000;wprior=2.000000;gblock=0.050000,ACZ492,ACZ492,1.0,1.0,0,,0.0,562.494058161974,0.4636170342564583,5a5097cee753f2de5a5bf79d34c2c310ea539e5f5b9e0305ee8a430bca0a0647
6,clean,B3-I,train_003438_clean_BYH361,rsplit=1.600000;wprior=2.000000;gblock=0.050000,BYH361,BYH361,1.0,1.0,0,,0.0,695.9333904087543,0.3670835867524147,b7302ffe29aba7489deaab48d3062b418b338b5f9743c5f90bddf91048216054
6,clean,B3-I,train_002520_clean_KAW640,rsplit=1.600000;wprior=2.000000;gblock=0.050000,KAW640,KAW640,1.0,1.0,0,,0.0,580.3978256881237,0.5133403465151787,9753f7da9c2469adbd849997127155e172591ba02410c8e6fb3dd9bb75e23085
6,clean,B3-I,train_000801_clean_JVF615,rsplit=1.600000;wprior=2.000000;gblock=0.050000,JVF615,JVF65,0.0,0.8333333333333334,0,,0.027777777777777776,560.3147372603416,0.5676625296473503,9e7ea9b631abccd8be1f9384c33bcecc0483c421346808422ccdb894937278b3
6,clean,B3-I,train_002232_clean_IRC885,rsplit=1.600000;wprior=2.000000;gblock=0.050000,IRC885,IRC885,1.0,1.0,0,,0.0022569444444444455,668.0260887369514,0.451904721558094,f3ded2b518148c13c4c6f4eb42ebdf58d346d16dd3bff3194e475b9c07875caf
6,clean,B3-I,test_004689_clean_ABY846,rsplit=1.600000;wprior=2.000000;gblock=0.050000,ABY846,ABY84,0.0,0.8333333333333334,0,,0.027777777777777776,659.8334144800901,0.4498707130551338,a5cd1b51832aababe044ff62013a4aff1f5f00e2e24fdb69ec56db6a6060151e
6,clean,B3-I,train_003213_clean_LON362,rsplit=1.600000;wprior=2.000000;gblock=0.050000,LON362,L0N362,0.0,0.8333333333333334,0,,0.0,557.1185583248734,0.5277171730995178,6d20036833925412182849ad6271253b101024820b522c7dea8b0f23dcc5946f
6,clean,B3-I,train_003078_clean_OXW604,rsplit=1.600000;wprior=2.000000;gblock=0.050000,OXW604,4W04,0.0,0.5,0,,0.05555555555555555,657.7698430046439,39.56714924424887,89ca3e14ab48667b71abbfb94594ccf28911f7497acd0a5af711b7df7f41354d
6,clean,B3-I,train_002934_clean_BAY231,rsplit=1.600000;wprior=2.000000;gblock=0.050000,BAY231,BAY231,1.0,1.0,0,,0.0,580.0160942599177,0.4870705306529999,2435bbfb24f0afd33cebadb5872c0a4990539cfda9d67e32b31739ebafaca29d
6,clean,B3-I,train_002439_clean_QVG271,rsplit=1.600000;wprior=2.000000;gblock=0.050000,QVG271,QVG271,1.0,1.0,0,,0.0,551.5736667439342,0.4649674519896507,1d2071010221d781a32f4b99e5982687ef7a28dc01a4f4aad46ff6c8548ff73f
6,clean,B3-I,train_001026_clean_SVG668,rsplit=1.600000;wprior=2.000000;gblock=0.050000,SVG668,SVG3,0.0,0.5,0,,0.05555555555555555,558.3741012960672,0.49102865159511566,2f3676619dfc37f798404e2a1a04a1dbf54f53f7eaa7b0571e2fae1e7755bcaf
6,clean,B3-R0,train_002916_clean_XPA196,rsplit=1.600000;wprior=2.000000;gblock=0.050000,XPA196,4PA19,0.0,0.6666666666666667,0,,0.027777777777777776,638.3376196026802,0.4809694364666939,614721b12c55d5f7a664f77689a8bddb8b4a71e221fd968f8973399abe0a30a9
6,clean,B3-R0,train_000693_clean_RXT918,rsplit=1.600000;wprior=2.000000;gblock=0.050000,RXT918,R4T918,0.0,0.8333333333333334,0,,0.0,692.4595581367612,0.6094826385378838,1a9ecc051413ce049fbc63ce6bff03d5c8d5438718e2ac9df49b561f43314256
6,clean,B3-R0,test_004563_clean_HUZ431,rsplit=1.600000;wprior=2.000000;gblock=0.050000,HUZ431,HUZ431,1.0,1.0,0,,0.0,572.42994569242,0.42549334466457367,d5df7418bfbb62388841ccf69db866fa0997643a3a1c8e2f9b6b07af6c6f3335
6,clean,B3-R0,train_003492_clean_FUW056,rsplit=1.600000;wprior=2.000000;gblock=0.050000,FUW056,FUW56,0.0,0.8333333333333334,0,,0.027777777777777776,631.7546870559454,20.459397695958614,d93800050824fcf669cee147fba5211d3b1a952e83bc0411296739961c31d3b4
6,clean,B3-R0,train_003735_clean_ACZ492,rsplit=1.600000;wprior=2.000000;gblock=0.050000,ACZ492,ACZ492,1.0,1.0,0,,0.0,562.494058161974,0.4636170342564583,5a5097cee753f2de5a5bf79d34c2c310ea539e5f5b9e0305ee8a430bca0a0647
6,clean,B3-R0,train_003438_clean_BYH361,rsplit=1.600000;wprior=2.000000;gblock=0.050000,BYH361,BYH361,1.0,1.0,0,,0.0,695.9333904087543,0.3670835867524147,b7302ffe29aba7489deaab48d3062b418b338b5f9743c5f90bddf91048216054
6,clean,B3-R0,train_002520_clean_KAW640,rsplit=1.600000;wprior=2.000000;gblock=0.050000,KAW640,KAW640,1.0,1.0,0,,0.0,580.3978256881237,0.5133403465151787,9753f7da9c2469adbd849997127155e172591ba02410c8e6fb3dd9bb75e23085
6,clean,B3-R0,train_000801_clean_JVF615,rsplit=1.600000;wprior=2.000000;gblock=0.050000,JVF615,JVF65,0.0,0.8333333333333334,0,,0.027777777777777776,560.3147372603416,0.5676625296473503,9e7ea9b631abccd8be1f9384c33bcecc0483c421346808422ccdb894937278b3
6,clean,B3-R0,train_002232_clean_IRC885,rsplit=1.600000;wprior=2.000000;gblock=0.050000,IRC885,IRC885,1.0,1.0,0,,0.0022569444444444455,668.0260887369514,0.451904721558094,f3ded2b518148c13c4c6f4eb42ebdf58d346d16dd3bff3194e475b9c07875caf
6,clean,B3-R0,test_004689_clean_ABY846,rsplit=1.600000;wprior=2.000000;gblock=0.050000,ABY846,ABY84,0.0,0.8333333333333334,0,,0.027777777777777776,659.8334144800901,0.4498707130551338,a5cd1b51832aababe044ff62013a4aff1f5f00e2e24fdb69ec56db6a6060151e
6,clean,B3-R0,train_003213_clean_LON362,rsplit=1.600000;wprior=2.000000;gblock=0.050000,LON362,L0N362,0.0,0.8333333333333334,0,,0.0,557.1185583248734,0.5277171730995178,6d20036833925412182849ad6271253b101024820b522c7dea8b0f23dcc5946f
6,clean,B3-R0,train_003078_clean_OXW604,rsplit=1.600000;wprior=2.000000;gblock=0.050000,OXW604,4W04,0.0,0.5,0,,0.05555555555555555,657.7698430046439,39.56714924424887,89ca3e14ab48667b71abbfb94594ccf28911f7497acd0a5af711b7df7f41354d
6,clean,B3-R0,train_002934_clean_BAY231,rsplit=1.600000;wprior=2.000000;gblock=0.050000,BAY231,BAY231,1.0,1.0,0,,0.0,580.0160942599177,0.4870705306529999,2435bbfb24f0afd33cebadb5872c0a4990539cfda9d67e32b31739ebafaca29d
6,clean,B3-R0,train_002439_clean_QVG271,rsplit=1.600000;wprior=2.000000;gblock=0.050000,QVG271,QVG271,1.0,1.0,0,,0.0,551.5736667439342,0.4649674519896507,1d2071010221d781a32f4b99e5982687ef7a28dc01a4f4aad46ff6c8548ff73f
6,clean,B3-R0,train_001026_clean_SVG668,rsplit=1.600000;wprior=2.000000;gblock=0.050000,SVG668,SVG3,0.0,0.5,0,,0.05555555555555555,558.3741012960672,0.49102865159511566,2f3676619dfc37f798404e2a1a04a1dbf54f53f7eaa7b0571e2fae1e7755bcaf
7,compression,B0,train_000979_compression_YZX548,rsplit=1.600000;wprior=2.000000;gblock=0.050000,YZX548,YZX548,1.0,1.0,0,,0.0,560.6364561244845,0.5026105791330338,e4ffc548cf6a1685bf764030a263fd436ca3bd51294cdf78ce074298b75a52ec
7,compression,B0,train_002851_compression_RNE151,rsplit=1.600000;wprior=2.000000;gblock=0.050000,RNE151,NE151,0.0,0.8333333333333334,0,,0.027777777777777776,569.4750491529703,0.522146001458168,228cda230cbf9dac59556852bf336d690025bacb916755ec26630da64155fd73
7,compression,B0,train_000025_compression_VCW593,rsplit=1.600000;wprior=2.000000;gblock=0.050000,VCW593,VCW593,1.0,1.0,0,,0.0,831.6871980205178,22.64441642910242,e2a793b3c72b019bce7abfb830a663e77f4b9c8d3070c6f9efa4fd409338f4ea
7,compression,B0,train_000763_compression_WHB790,rsplit=1.600000;wprior=2.000000;gblock=0.050000,WHB790,WHB7,0.0,0.6666666666666667,0,,0.05555555555555555,577.1528230980039,14.995801262557507,43ec2e1584b0f0af637492bc7097fb2aeb8041a4d7557693ce067f8143a0771e
7,compression,B0,train_003364_compression_BOM693,rsplit=1.600000;wprior=2.000000;gblock=0.050000,BOM693,BM693,0.0,0.8333333333333334,0,,0.027777777777777776,584.7553815692663,0.485897995531559,e100bb716bda1ac59e2e5e3ec63f195b026a7db6b2c2510699bb68105a10f988
7,compression,B0,train_002842_compression_TVW523,rsplit=1.600000;wprior=2.000000;gblock=0.050000,TVW523,TVW523,1.0,1.0,0,,0.0,836.3650608807802,16.744096763432026,72be9f161d4dced7483e1b734f5703fbfdab8a3d55c3f9be3bde6794fa886424
7,compression,B0,train_001564_compression_UYT778,rsplit=1.600000;wprior=2.000000;gblock=0.050000,UYT778,UYT778,1.0,1.0,0,,0.0,561.2512081861496,0.4669018089771271,96712d191426a42b2a5306d5fdfe02ee49571f731f7994bc629d15adb7383e09
7,compression,B0,test_004966_compression_NAH826,rsplit=1.600000;wprior=2.000000;gblock=0.050000,NAH826,NAH82,0.0,0.8333333333333334,0,,0.027777777777777776,579.284961335361,0.5061663687229156,cbb5710350f2dfdc5af55745da11d610c236712cbfbef81126ac481c7fbd03f2
7,compression,B0,train_002194_compression_APX577,rsplit=1.600000;wprior=2.000000;gblock=0.050000,APX577,AX577,0.0,0.8333333333333334,0,,0.027777777777777776,699.3945827707648,0.4733847454190254,8041f832c4b19ad62f882bf3ee91e494224c0033bb613bb59009647ac9f71604
7,compression,B0,train_002437_compression_QCX407,rsplit=1.600000;wprior=2.000000;gblock=0.050000,QCX407,QCX407,1.0,1.0,0,,0.0,576.9246909767389,0.48456620424985886,09c3c676c646ac93b35dd97caa0f2c7e81a1be590fb593916ffc0e98c1bf36f3
7,compression,B0,train_002095_compression_NAO697,rsplit=1.600000;wprior=2.000000;gblock=0.050000,NAO697,NA697,0.0,0.8333333333333334,0,,0.027777777777777776,648.6148210242391,0.4199538379907608,a2590392d61d834cf69d8e06d5d0b6f1b1336690256c8351f32cadee044c18c8
7,compression,B0,train_002662_compression_KDN001,rsplit=1.600000;wprior=2.000000;gblock=0.050000,KDN001,KDN001,1.0,1.0,0,,0.0,638.3252646774054,0.5002850666642189,1b753596a233e4a9352d1ab705180992a0718f7d48ea24ec72a13ba2fa31729e
7,compression,B0,train_000664_compression_VJT343,rsplit=1.600000;wprior=2.000000;gblock=0.050000,VJT343,VJT343,1.0,1.0,0,,0.0,568.7403548508883,0.46177301555871964,86f59284ffd52eb98ea5281b539b4b81ced9b0439ab1d43e0bf0f64d41dfd4cf
7,compression,B0,train_001438_compression_MOO891,rsplit=1.600000;wprior=2.000000;gblock=0.050000,MOO891,M891,0.0,0.6666666666666667,0,,0.05555555555555555,571.5381605550647,0.49508456140756607,c9b1ee550f65d4127e765d2a97a5737cfdbed0bb75675efdd073c7ddba656550
7,compression,B0,test_004102_compression_DNJ091,rsplit=1.600000;wprior=2.000000;gblock=0.050000,DNJ091,DNJ09,0.0,0.8333333333333334,0,,0.027777777777777776,543.6607524752617,0.46233367174863815,1672395f7d1bab89fd12c724b4d10e1c8e27ba30df5619f2cd4cb44b2b44474f
7,compression,B1,train_000979_compression_YZX548,rsplit=1.600000;wprior=2.000000;gblock=0.050000,YZX548,YZX548,1.0,1.0,0,,0.0,560.6364561244845,0.5026105791330338,e4ffc548cf6a1685bf764030a263fd436ca3bd51294cdf78ce074298b75a52ec
7,compression,B1,train_002851_compression_RNE151,rsplit=1.600000;wprior=2.000000;gblock=0.050000,RNE151,NE151,0.0,0.8333333333333334,0,,0.027777777777777776,569.4750491529703,0.522146001458168,228cda230cbf9dac59556852bf336d690025bacb916755ec26630da64155fd73
7,compression,B1,train_000025_compression_VCW593,rsplit=1.600000;wprior=2.000000;gblock=0.050000,VCW593,VCW593,1.0,1.0,0,,0.0,831.6871980205178,22.64441642910242,e2a793b3c72b019bce7abfb830a663e77f4b9c8d3070c6f9efa4fd409338f4ea
7,compression,B1,train_000763_compression_WHB790,rsplit=1.600000;wprior=2.000000;gblock=0.050000,WHB790,WHB7,0.0,0.6666666666666667,0,,0.05555555555555555,577.1528230980039,14.995801262557507,43ec2e1584b0f0af637492bc7097fb2aeb8041a4d7557693ce067f8143a0771e
7,compression,B1,train_003364_compression_BOM693,rsplit=1.600000;wprior=2.000000;gblock=0.050000,BOM693,BM693,0.0,0.8333333333333334,0,,0.027777777777777776,584.7553815692663,0.485897995531559,e100bb716bda1ac59e2e5e3ec63f195b026a7db6b2c2510699bb68105a10f988
7,compression,B1,train_002842_compression_TVW523,rsplit=1.600000;wprior=2.000000;gblock=0.050000,TVW523,TVW523,1.0,1.0,0,,0.0,836.3650608807802,16.744096763432026,72be9f161d4dced7483e1b734f5703fbfdab8a3d55c3f9be3bde6794fa886424
7,compression,B1,train_001564_compression_UYT778,rsplit=1.600000;wprior=2.000000;gblock=0.050000,UYT778,UYT778,1.0,1.0,0,,0.0,561.2512081861496,0.4669018089771271,96712d191426a42b2a5306d5fdfe02ee49571f731f7994bc629d15adb7383e09
7,compression,B1,test_004966_compression_NAH826,rsplit=1.600000;wprior=2.000000;gblock=0.050000,NAH826,NAH82,0.0,0.8333333333333334,0,,0.027777777777777776,579.284961335361,0.5061663687229156,cbb5710350f2dfdc5af55745da11d610c236712cbfbef81126ac481c7fbd03f2
7,compression,B1,train_002194_compression_APX577,rsplit=1.600000;wprior=2.000000;gblock=0.050000,APX577,AX577,0.0,0.8333333333333334,0,,0.027777777777777776,699.3945827707648,0.4733847454190254,8041f832c4b19ad62f882bf3ee91e494224c0033bb613bb59009647ac9f71604
7,compression,B1,train_002437_compression_QCX407,rsplit=1.600000;wprior=2.000000;gblock=0.050000,QCX407,QCX407,1.0,1.0,0,,0.0,576.9246909767389,0.48456620424985886,09c3c676c646ac93b35dd97caa0f2c7e81a1be590fb593916ffc0e98c1bf36f3
7,compression,B1,train_002095_compression_NAO697,rsplit=1.600000;wprior=2.000000;gblock=0.050000,NAO697,NA697,0.0,0.8333333333333334,0,,0.027777777777777776,648.6148210242391,0.4199538379907608,a2590392d61d834cf69d8e06d5d0b6f1b1336690256c8351f32cadee044c18c8
7,compression,B1,train_002662_compression_KDN001,rsplit=1.600000;wprior=2.000000;gblock=0.050000,KDN001,KDN001,1.0,1.0,0,,0.0,638.3252646774054,0.5002850666642189,1b753596a233e4a9352d1ab705180992a0718f7d48ea24ec72a13ba2fa31729e
7,compression,B1,train_000664_compression_VJT343,rsplit=1.600000;wprior=2.000000;gblock=0.050000,VJT343,VJT343,1.0,1.0,0,,0.0,568.7403548508883,0.46177301555871964,86f59284ffd52eb98ea5281b539b4b81ced9b0439ab1d43e0bf0f64d41dfd4cf
7,compression,B1,train_001438_compression_MOO891,rsplit=1.600000;wprior=2.000000;gblock=0.050000,MOO891,M891,0.0,0.6666666666666667,0,,0.05555555555555555,571.5381605550647,0.49508456140756607,c9b1ee550f65d4127e765d2a97a5737cfdbed0bb75675efdd073c7ddba656550
7,compression,B1,test_004102_compression_DNJ091,rsplit=1.600000;wprior=2.000000;gblock=0.050000,DNJ091,DNJ09,0.0,0.8333333333333334,0,,0.027777777777777776,543.6607524752617,0.46233367174863815,1672395f7d1bab89fd12c724b4d10e1c8e27ba30df5619f2cd4cb44b2b44474f
7,compression,B2,train_000979_compression_YZX548,rsplit=1.600000;wprior=2.000000;gblock=0.050000,YZX548,YZX548,1.0,1.0,0,,0.0,560.6364561244845,0.5026105791330338,e4ffc548cf6a1685bf764030a263fd436ca3bd51294cdf78ce074298b75a52ec
7,compression,B2,train_002851_compression_RNE151,rsplit=1.600000;wprior=2.000000;gblock=0.050000,RNE151,NE151,0.0,0.8333333333333334,0,,0.027777777777777776,569.4750491529703,0.522146001458168,228cda230cbf9dac59556852bf336d690025bacb916755ec26630da64155fd73
7,compression,B2,train_000025_compression_VCW593,rsplit=1.600000;wprior=2.000000;gblock=0.050000,VCW593,VCW593,1.0,1.0,0,,0.0,831.6871980205178,22.64441642910242,e2a793b3c72b019bce7abfb830a663e77f4b9c8d3070c6f9efa4fd409338f4ea
7,compression,B2,train_000763_compression_WHB790,rsplit=1.600000;wprior=2.000000;gblock=0.050000,WHB790,WHB7,0.0,0.6666666666666667,0,,0.05555555555555555,577.1528230980039,14.995801262557507,43ec2e1584b0f0af637492bc7097fb2aeb8041a4d7557693ce067f8143a0771e
7,compression,B2,train_003364_compression_BOM693,rsplit=1.600000;wprior=2.000000;gblock=0.050000,BOM693,BM693,0.0,0.8333333333333334,0,,0.027777777777777776,584.7553815692663,0.485897995531559,e100bb716bda1ac59e2e5e3ec63f195b026a7db6b2c2510699bb68105a10f988
7,compression,B2,train_002842_compression_TVW523,rsplit=1.600000;wprior=2.000000;gblock=0.050000,TVW523,TVW523,1.0,1.0,0,,0.0,836.3650608807802,16.744096763432026,72be9f161d4dced7483e1b734f5703fbfdab8a3d55c3f9be3bde6794fa886424
7,compression,B2,train_001564_compression_UYT778,rsplit=1.600000;wprior=2.000000;gblock=0.050000,UYT778,UYT778,1.0,1.0,0,,0.0,561.2512081861496,0.4669018089771271,96712d191426a42b2a5306d5fdfe02ee49571f731f7994bc629d15adb7383e09
7,compression,B2,test_004966_compression_NAH826,rsplit=1.600000;wprior=2.000000;gblock=0.050000,NAH826,NAH82,0.0,0.8333333333333334,0,,0.027777777777777776,579.284961335361,0.5061663687229156,cbb5710350f2dfdc5af55745da11d610c236712cbfbef81126ac481c7fbd03f2
7,compression,B2,train_002194_compression_APX577,rsplit=1.600000;wprior=2.000000;gblock=0.050000,APX577,AX577,0.0,0.8333333333333334,0,,0.027777777777777776,699.3945827707648,0.4733847454190254,8041f832c4b19ad62f882bf3ee91e494224c0033bb613bb59009647ac9f71604
7,compression,B2,train_002437_compression_QCX407,rsplit=1.600000;wprior=2.000000;gblock=0.050000,QCX407,QCX407,1.0,1.0,0,,0.0,576.9246909767389,0.48456620424985886,09c3c676c646ac93b35dd97caa0f2c7e81a1be590fb593916ffc0e98c1bf36f3
7,compression,B2,train_002095_compression_NAO697,rsplit=1.600000;wprior=2.000000;gblock=0.050000,NAO697,NA697,0.0,0.8333333333333334,0,,0.027777777777777776,648.6148210242391,0.4199538379907608,a2590392d61d834cf69d8e06d5d0b6f1b1336690256c8351f32cadee044c18c8
7,compression,B2,train_002662_compression_KDN001,rsplit=1.600000;wprior=2.000000;gblock=0.050000,KDN001,KDN001,1.0,1.0,0,,0.0,638.3252646774054,0.5002850666642189,1b753596a233e4a9352d1ab705180992a0718f7d48ea24ec72a13ba2fa31729e
7,compression,B2,train_000664_compression_VJT343,rsplit=1.600000;wprior=2.000000;gblock=0.050000,VJT343,VJT343,1.0,1.0,0,,0.0,568.7403548508883,0.46177301555871964,86f59284ffd52eb98ea5281b539b4b81ced9b0439ab1d43e0bf0f64d41dfd4cf
7,compression,B2,train_001438_compression_MOO891,rsplit=1.600000;wprior=2.000000;gblock=0.050000,MOO891,M891,0.0,0.6666666666666667,0,,0.05555555555555555,571.5381605550647,0.49508456140756607,c9b1ee550f65d4127e765d2a97a5737cfdbed0bb75675efdd073c7ddba656550
7,compression,B2,test_004102_compression_DNJ091,rsplit=1.600000;wprior=2.000000;gblock=0.050000,DNJ091,DNJ09,0.0,0.8333333333333334,0,,0.027777777777777776,543.6607524752617,0.46233367174863815,1672395f7d1bab89fd12c724b4d10e1c8e27ba30df5619f2cd4cb44b2b44474f
7,compression,B3,train_000979_compression_YZX548,rsplit=1.600000;wprior=2.000000;gblock=0.050000,YZX548,YZX548,1.0,1.0,0,,0.0,560.6364561244845,0.5026105791330338,e4ffc548cf6a1685bf764030a263fd436ca3bd51294cdf78ce074298b75a52ec
7,compression,B3,train_002851_compression_RNE151,rsplit=1.600000;wprior=2.000000;gblock=0.050000,RNE151,NE151,0.0,0.8333333333333334,0,,0.027777777777777776,569.4750491529703,0.522146001458168,228cda230cbf9dac59556852bf336d690025bacb916755ec26630da64155fd73
7,compression,B3,train_000025_compression_VCW593,rsplit=1.600000;wprior=2.000000;gblock=0.050000,VCW593,VCW593,1.0,1.0,0,,0.0,831.6871980205178,22.64441642910242,e2a793b3c72b019bce7abfb830a663e77f4b9c8d3070c6f9efa4fd409338f4ea
7,compression,B3,train_000763_compression_WHB790,rsplit=1.600000;wprior=2.000000;gblock=0.050000,WHB790,WHB7,0.0,0.6666666666666667,0,,0.05555555555555555,577.1528230980039,14.995801262557507,43ec2e1584b0f0af637492bc7097fb2aeb8041a4d7557693ce067f8143a0771e
7,compression,B3,train_003364_compression_BOM693,rsplit=1.600000;wprior=2.000000;gblock=0.050000,BOM693,BM693,0.0,0.8333333333333334,0,,0.027777777777777776,584.7553815692663,0.485897995531559,e100bb716bda1ac59e2e5e3ec63f195b026a7db6b2c2510699bb68105a10f988
7,compression,B3,train_002842_compression_TVW523,rsplit=1.600000;wprior=2.000000;gblock=0.050000,TVW523,TVW523,1.0,1.0,0,,0.0,836.3650608807802,16.744096763432026,72be9f161d4dced7483e1b734f5703fbfdab8a3d55c3f9be3bde6794fa886424
7,compression,B3,train_001564_compression_UYT778,rsplit=1.600000;wprior=2.000000;gblock=0.050000,UYT778,UYT778,1.0,1.0,0,,0.0,561.2512081861496,0.4669018089771271,96712d191426a42b2a5306d5fdfe02ee49571f731f7994bc629d15adb7383e09
7,compression,B3,test_004966_compression_NAH826,rsplit=1.600000;wprior=2.000000;gblock=0.050000,NAH826,NAH82,0.0,0.8333333333333334,0,,0.027777777777777776,579.284961335361,0.5061663687229156,cbb5710350f2dfdc5af55745da11d610c236712cbfbef81126ac481c7fbd03f2
7,compression,B3,train_002194_compression_APX577,rsplit=1.600000;wprior=2.000000;gblock=0.050000,APX577,AX577,0.0,0.8333333333333334,0,,0.027777777777777776,699.3945827707648,0.4733847454190254,8041f832c4b19ad62f882bf3ee91e494224c0033bb613bb59009647ac9f71604
7,compression,B3,train_002437_compression_QCX407,rsplit=1.600000;wprior=2.000000;gblock=0.050000,QCX407,QCX407,1.0,1.0,0,,0.0,576.9246909767389,0.48456620424985886,09c3c676c646ac93b35dd97caa0f2c7e81a1be590fb593916ffc0e98c1bf36f3
7,compression,B3,train_002095_compression_NAO697,rsplit=1.600000;wprior=2.000000;gblock=0.050000,NAO697,NA697,0.0,0.8333333333333334,0,,0.027777777777777776,648.6148210242391,0.4199538379907608,a2590392d61d834cf69d8e06d5d0b6f1b1336690256c8351f32cadee044c18c8
7,compression,B3,train_002662_compression_KDN001,rsplit=1.600000;wprior=2.000000;gblock=0.050000,KDN001,KDN001,1.0,1.0,0,,0.0,638.3252646774054,0.5002850666642189,1b753596a233e4a9352d1ab705180992a0718f7d48ea24ec72a13ba2fa31729e
7,compression,B3,train_000664_compression_VJT343,rsplit=1.600000;wprior=2.000000;gblock=0.050000,VJT343,VJT343,1.0,1.0,0,,0.0,568.7403548508883,0.46177301555871964,86f59284ffd52eb98ea5281b539b4b81ced9b0439ab1d43e0bf0f64d41dfd4cf
7,compression,B3,train_001438_compression_MOO891,rsplit=1.600000;wprior=2.000000;gblock=0.050000,MOO891,M891,0.0,0.6666666666666667,0,,0.05555555555555555,571.5381605550647,0.49508456140756607,c9b1ee550f65d4127e765d2a97a5737cfdbed0bb75675efdd073c7ddba656550
7,compression,B3,test_004102_compression_DNJ091,rsplit=1.600000;wprior=2.000000;gblock=0.050000,DNJ091,DNJ09,0.0,0.8333333333333334,0,,0.027777777777777776,543.6607524752617,0.46233367174863815,1672395f7d1bab89fd12c724b4d10e1c8e27ba30df5619f2cd4cb44b2b44474f
7,compression,B3-I,train_000979_compression_YZX548,rsplit=1.600000;wprior=2.000000;gblock=0.050000,YZX548,YZX548,1.0,1.0,0,,0.0,560.6364561244845,0.5026105791330338,e4ffc548cf6a1685bf764030a263fd436ca3bd51294cdf78ce074298b75a52ec
7,compression,B3-I,train_002851_compression_RNE151,rsplit=1.600000;wprior=2.000000;gblock=0.050000,RNE151,NE151,0.0,0.8333333333333334,0,,0.027777777777777776,569.4750491529703,0.522146001458168,228cda230cbf9dac59556852bf336d690025bacb916755ec26630da64155fd73
7,compression,B3-I,train_000025_compression_VCW593,rsplit=1.600000;wprior=2.000000;gblock=0.050000,VCW593,VCW593,1.0,1.0,0,,0.0,831.6871980205178,22.64441642910242,e2a793b3c72b019bce7abfb830a663e77f4b9c8d3070c6f9efa4fd409338f4ea
7,compression,B3-I,train_000763_compression_WHB790,rsplit=1.600000;wprior=2.000000;gblock=0.050000,WHB790,WHB7,0.0,0.6666666666666667,0,,0.05555555555555555,577.1528230980039,14.995801262557507,43ec2e1584b0f0af637492bc7097fb2aeb8041a4d7557693ce067f8143a0771e
7,compression,B3-I,train_003364_compression_BOM693,rsplit=1.600000;wprior=2.000000;gblock=0.050000,BOM693,BM693,0.0,0.8333333333333334,0,,0.027777777777777776,584.7553815692663,0.485897995531559,e100bb716bda1ac59e2e5e3ec63f195b026a7db6b2c2510699bb68105a10f988
7,compression,B3-I,train_002842_compression_TVW523,rsplit=1.600000;wprior=2.000000;gblock=0.050000,TVW523,TVW523,1.0,1.0,0,,0.0,836.3650608807802,16.744096763432026,72be9f161d4dced7483e1b734f5703fbfdab8a3d55c3f9be3bde6794fa886424
7,compression,B3-I,train_001564_compression_UYT778,rsplit=1.600000;wprior=2.000000;gblock=0.050000,UYT778,UYT778,1.0,1.0,0,,0.0,561.2512081861496,0.4669018089771271,96712d191426a42b2a5306d5fdfe02ee49571f731f7994bc629d15adb7383e09
7,compression,B3-I,test_004966_compression_NAH826,rsplit=1.600000;wprior=2.000000;gblock=0.050000,NAH826,NAH82,0.0,0.8333333333333334,0,,0.027777777777777776,579.284961335361,0.5061663687229156,cbb5710350f2dfdc5af55745da11d610c236712cbfbef81126ac481c7fbd03f2
7,compression,B3-I,train_002194_compression_APX577,rsplit=1.600000;wprior=2.000000;gblock=0.050000,APX577,AX577,0.0,0.8333333333333334,0,,0.027777777777777776,699.3945827707648,0.4733847454190254,8041f832c4b19ad62f882bf3ee91e494224c0033bb613bb59009647ac9f71604
7,compression,B3-I,train_002437_compression_QCX407,rsplit=1.600000;wprior=2.000000;gblock=0.050000,QCX407,QCX407,1.0,1.0,0,,0.0,576.9246909767389,0.48456620424985886,09c3c676c646ac93b35dd97caa0f2c7e81a1be590fb593916ffc0e98c1bf36f3
7,compression,B3-I,train_002095_compression_NAO697,rsplit=1.600000;wprior=2.000000;gblock=0.050000,NAO697,NA697,0.0,0.8333333333333334,0,,0.027777777777777776,648.6148210242391,0.4199538379907608,a2590392d61d834cf69d8e06d5d0b6f1b1336690256c8351f32cadee044c18c8
7,compression,B3-I,train_002662_compression_KDN001,rsplit=1.600000;wprior=2.000000;gblock=0.050000,KDN001,KDN001,1.0,1.0,0,,0.0,638.3252646774054,0.5002850666642189,1b753596a233e4a9352d1ab705180992a0718f7d48ea24ec72a13ba2fa31729e
7,compression,B3-I,train_000664_compression_VJT343,rsplit=1.600000;wprior=2.000000;gblock=0.050000,VJT343,VJT343,1.0,1.0,0,,0.0,568.7403548508883,0.46177301555871964,86f59284ffd52eb98ea5281b539b4b81ced9b0439ab1d43e0bf0f64d41dfd4cf
7,compression,B3-I,train_001438_compression_MOO891,rsplit=1.600000;wprior=2.000000;gblock=0.050000,MOO891,M891,0.0,0.6666666666666667,0,,0.05555555555555555,571.5381605550647,0.49508456140756607,c9b1ee550f65d4127e765d2a97a5737cfdbed0bb75675efdd073c7ddba656550
7,compression,B3-I,test_004102_compression_DNJ091,rsplit=1.600000;wprior=2.000000;gblock=0.050000,DNJ091,DNJ09,0.0,0.8333333333333334,0,,0.027777777777777776,543.6607524752617,0.46233367174863815,1672395f7d1bab89fd12c724b4d10e1c8e27ba30df5619f2cd4cb44b2b44474f
7,compression,B3-R0,train_000979_compression_YZX548,rsplit=1.600000;wprior=2.000000;gblock=0.050000,YZX548,YZX548,1.0,1.0,0,,0.0,560.6364561244845,0.5026105791330338,e4ffc548cf6a1685bf764030a263fd436ca3bd51294cdf78ce074298b75a52ec
7,compression,B3-R0,train_002851_compression_RNE151,rsplit=1.600000;wprior=2.000000;gblock=0.050000,RNE151,NE151,0.0,0.8333333333333334,0,,0.027777777777777776,569.4750491529703,0.522146001458168,228cda230cbf9dac59556852bf336d690025bacb916755ec26630da64155fd73
7,compression,B3-R0,train_000025_compression_VCW593,rsplit=1.600000;wprior=2.000000;gblock=0.050000,VCW593,VCW593,1.0,1.0,0,,0.0,831.6871980205178,22.64441642910242,e2a793b3c72b019bce7abfb830a663e77f4b9c8d3070c6f9efa4fd409338f4ea
7,compression,B3-R0,train_000763_compression_WHB790,rsplit=1.600000;wprior=2.000000;gblock=0.050000,WHB790,WHB7,0.0,0.6666666666666667,0,,0.05555555555555555,577.1528230980039,14.995801262557507,43ec2e1584b0f0af637492bc7097fb2aeb8041a4d7557693ce067f8143a0771e
7,compression,B3-R0,train_003364_compression_BOM693,rsplit=1.600000;wprior=2.000000;gblock=0.050000,BOM693,BM693,0.0,0.8333333333333334,0,,0.027777777777777776,584.7553815692663,0.485897995531559,e100bb716bda1ac59e2e5e3ec63f195b026a7db6b2c2510699bb68105a10f988
7,compression,B3-R0,train_002842_compression_TVW523,rsplit=1.600000;wprior=2.000000;gblock=0.050000,TVW523,TVW523,1.0,1.0,0,,0.0,836.3650608807802,16.744096763432026,72be9f161d4dced7483e1b734f5703fbfdab8a3d55c3f9be3bde6794fa886424
7,compression,B3-R0,train_001564_compression_UYT778,rsplit=1.600000;wprior=2.000000;gblock=0.050000,UYT778,UYT778,1.0,1.0,0,,0.0,561.2512081861496,0.4669018089771271,96712d191426a42b2a5306d5fdfe02ee49571f731f7994bc629d15adb7383e09
7,compression,B3-R0,test_004966_compression_NAH826,rsplit=1.600000;wprior=2.000000;gblock=0.050000,NAH826,NAH82,0.0,0.8333333333333334,0,,0.027777777777777776,579.284961335361,0.5061663687229156,cbb5710350f2dfdc5af55745da11d610c236712cbfbef81126ac481c7fbd03f2
7,compression,B3-R0,train_002194_compression_APX577,rsplit=1.600000;wprior=2.000000;gblock=0.050000,APX577,AX577,0.0,0.8333333333333334,0,,0.027777777777777776,699.3945827707648,0.4733847454190254,8041f832c4b19ad62f882bf3ee91e494224c0033bb613bb59009647ac9f71604
7,compression,B3-R0,train_002437_compression_QCX407,rsplit=1.600000;wprior=2.000000;gblock=0.050000,QCX407,QCX407,1.0,1.0,0,,0.0,576.9246909767389,0.48456620424985886,09c3c676c646ac93b35dd97caa0f2c7e81a1be590fb593916ffc0e98c1bf36f3
7,compression,B3-R0,train_002095_compression_NAO697,rsplit=1.600000;wprior=2.000000;gblock=0.050000,NAO697,NA697,0.0,0.8333333333333334,0,,0.027777777777777776,648.6148210242391,0.4199538379907608,a2590392d61d834cf69d8e06d5d0b6f1b1336690256c8351f32cadee044c18c8
7,compression,B3-R0,train_002662_compression_KDN001,rsplit=1.600000;wprior=2.000000;gblock=0.050000,KDN001,KDN001,1.0,1.0,0,,0.0,638.3252646774054,0.5002850666642189,1b753596a233e4a9352d1ab705180992a0718f7d48ea24ec72a13ba2fa31729e
7,compression,B3-R0,train_000664_compression_VJT343,rsplit=1.600000;wprior=2.000000;gblock=0.050000,VJT343,VJT343,1.0,1.0,0,,0.0,568.7403548508883,0.46177301555871964,86f59284ffd52eb98ea5281b539b4b81ced9b0439ab1d43e0bf0f64d41dfd4cf
7,compression,B3-R0,train_001438_compression_MOO891,rsplit=1.600000;wprior=2.000000;gblock=0.050000,MOO891,M891,0.0,0.6666666666666667,0,,0.05555555555555555,571.5381605550647,0.49508456140756607,c9b1ee550f65d4127e765d2a97a5737cfdbed0bb75675efdd073c7ddba656550
7,compression,B3-R0,test_004102_compression_DNJ091,rsplit=1.600000;wprior=2.000000;gblock=0.050000,DNJ091,DNJ09,0.0,0.8333333333333334,0,,0.027777777777777776,543.6607524752617,0.46233367174863815,1672395f7d1bab89fd12c724b4d10e1c8e27ba30df5619f2cd4cb44b2b44474f
8,clean,B0,test_004248_clean_ZIH274,rsplit=1.600000;wprior=2.000000;gblock=0.050000,ZIH274,ZH274,0.0,0.8333333333333334,0,,0.029166666666666664,568.3049196377397,0.489245168864727,2083ab11bd63eee559827023e4bd52f9abd57bfb1819049ad32636cb451731b8
8,clean,B0,test_004293_clean_HPJ619,rsplit=1.600000;wprior=2.000000;gblock=0.050000,HPJ619,HJ619,0.0,0.8333333333333334,0,,0.027777777777777776,573.0299297720194,0.4580048844218254,f014c1eefe49165ba82d91a8ddb3f96d433f4e58d0794b0e4b738a89a00139cd
8,clean,B0,train_000603_clean_NJV401,rsplit=1.600000;wprior=2.000000;gblock=0.050000,NJV401,NJV401,1.0,1.0,0,,0.0,571.127463132143,0.44791679829359055,4716ac4d0c2e7427e3d2f13cb6ca47ebf2d27117c3e5e0d80fb58abbeeae0750
8,clean,B0,train_000873_clean_EBL425,rsplit=1.600000;wprior=2.000000;gblock=0.050000,EBL425,EBL425,1.0,1.0,0,,0.0,550.5862822756171,0.47602877020835876,6028e2be15f050a862e2c28142d061dad5b325c745c0e42a1fe9045a32756fbf
8,clean,B0,train_002223_clean_GMO860,rsplit=1.600000;wprior=2.000000;gblock=0.050000,GMO860,GM80,0.0,0.6666666666666667,0,,0.05555555555555555,569.4248471409082,0.46969857066869736,14d0e5ebe840068e17fc501b69fc105fc4559a76ec77286ec93e15c5e00747ef
8,clean,B0,train_003276_clean_TQI349,rsplit=1.600000;wprior=2.000000;gblock=0.050000,TQI349,TQ349,0.0,0.8333333333333334,0,,0.029406130268199233,606.0806764289737,0.4501808434724808,91b28ff2e32888a107ebc044ed23f36a8d734cd60217bf0637eb2580b2c465f8
8,clean,B0,test_004428_clean_TXY970,rsplit=1.600000;wprior=2.000000;gblock=0.050000,TXY970,T4Y970,0.0,0.8333333333333334,0,,0.0,556.1742847785354,0.4746774211525917,b732165e13a3c114f1db50efae113de68f7649fe40589debe198d8ba46e7b468
8,clean,B0,train_001233_clean_LDT828,rsplit=1.600000;wprior=2.000000;gblock=0.050000,LDT828,LDT828,1.0,1.0,0,,0.0,551.5955006703734,0.4901960492134094,82cfb65cb465ef76c892b43d68e7c242fda3897b050ad2cdc608e8232b6ad65b
8,clean,B0,train_003744_clean_CRU871,rsplit=1.600000;wprior=2.000000;gblock=0.050000,CRU871,CRU871,1.0,1.0,0,,0.0,585.2168928831816,0.46969763934612274,55beb411c7303d4c1694aeb5592e8434f27bc884f9b6310d41af1fb415e95f19
8,clean,B0,test_004113_clean_RVU227,rsplit=1.600000;wprior=2.000000;gblock=0.050000,RVU227,RVU227,1.0,1.0,0,,0.0,564.4669765606523,0.4560323432087898,baba33939ca37894fc28d1cf2df9d0b0379f932e45a413611a4fdc8d41293a32
8,clean,B0,train_000405_clean_HWA489,rsplit=1.600000;wprior=2.000000;gblock=0.050000,HWA489,HWA489,1.0,1.0,0,,0.0,583.1993902102113,0.46392716467380524,86a27167d86a703d4de2d39180845b716854663eea9bf2a5e4feb09cd4475240
8,clean,B0,train_000927_clean_GPC467,rsplit=1.600000;wprior=2.000000;gblock=0.050000,GPC467,GPC467,1.0,1.0,0,,0.0,572.5621152669191,0.45737437903881073,b2cdc9003e93881625d8996aeefae9a57bbf48cc86871dbd1029b7d4a81f1789
8,clean,B0,train_002565_clean_ENH474,rsplit=1.600000;wprior=2.000000;gblock=0.050000,ENH474,ENH474,1.0,1.0,0,,0.0,556.8660097196698,0.4700375720858574,d23beb4fa57fa4aab5092dd9299716cc3cc98bae41104eb0d85b4bcd56fd14dc
8,clean,B0,train_003303_clean_CPO635,rsplit=1.600000;wprior=2.000000;gblock=0.050000,CPO635,CDO635,0.0,0.8333333333333334,0,,0.0,621.1663754656911,0.43199583888053894,aff86e8c9ddd6fc9985226b8136bac9a16f4a241de3147b150e313dd71c75967
8,clean,B0,test_004977_clean_AUH523,rsplit=1.600000;wprior=2.000000;gblock=0.050000,AUH523,AUH523,1.0,1.0,0,,0.0,556.2792895361781,0.4829820245504379,e531f406adc1823cefb79506906d194125645d0bf6567adba447d1c2c936842e
8,clean,B1,test_004248_clean_ZIH274,rsplit=1.600000;wprior=2.000000;gblock=0.050000,ZIH274,ZH274,0.0,0.8333333333333334,0,,0.029166666666666664,568.3049196377397,0.489245168864727,2083ab11bd63eee559827023e4bd52f9abd57bfb1819049ad32636cb451731b8
8,clean,B1,test_004293_clean_HPJ619,rsplit=1.600000;wprior=2.000000;gblock=0.050000,HPJ619,HJ619,0.0,0.8333333333333334,0,,0.027777777777777776,573.0299297720194,0.4580048844218254,f014c1eefe49165ba82d91a8ddb3f96d433f4e58d0794b0e4b738a89a00139cd
8,clean,B1,train_000603_clean_NJV401,rsplit=1.600000;wprior=2.000000;gblock=0.050000,NJV401,NJV401,1.0,1.0,0,,0.0,571.127463132143,0.44791679829359055,4716ac4d0c2e7427e3d2f13cb6ca47ebf2d27117c3e5e0d80fb58abbeeae0750
8,clean,B1,train_000873_clean_EBL425,rsplit=1.600000;wprior=2.000000;gblock=0.050000,EBL425,EBL425,1.0,1.0,0,,0.0,550.5862822756171,0.47602877020835876,6028e2be15f050a862e2c28142d061dad5b325c745c0e42a1fe9045a32756fbf
8,clean,B1,train_002223_clean_GMO860,rsplit=1.600000;wprior=2.000000;gblock=0.050000,GMO860,GM80,0.0,0.6666666666666667,0,,0.05555555555555555,569.4248471409082,0.46969857066869736,14d0e5ebe840068e17fc501b69fc105fc4559a76ec77286ec93e15c5e00747ef
8,clean,B1,train_003276_clean_TQI349,rsplit=1.600000;wprior=2.000000;gblock=0.050000,TQI349,TQ349,0.0,0.8333333333333334,0,,0.029406130268199233,606.0806764289737,0.4501808434724808,91b28ff2e32888a107ebc044ed23f36a8d734cd60217bf0637eb2580b2c465f8
8,clean,B1,test_004428_clean_TXY970,rsplit=1.600000;wprior=2.000000;gblock=0.050000,TXY970,T4Y970,0.0,0.8333333333333334,0,,0.0,556.1742847785354,0.4746774211525917,b732165e13a3c114f1db50efae113de68f7649fe40589debe198d8ba46e7b468
8,clean,B1,train_001233_clean_LDT828,rsplit=1.600000;wprior=2.000000;gblock=0.050000,LDT828,LDT828,1.0,1.0,0,,0.0,551.5955006703734,0.4901960492134094,82cfb65cb465ef76c892b43d68e7c242fda3897b050ad2cdc608e8232b6ad65b
8,clean,B1,train_003744_clean_CRU871,rsplit=1.600000;wprior=2.000000;gblock=0.050000,CRU871,CRU871,1.0,1.0,0,,0.0,585.2168928831816,0.46969763934612274,55beb411c7303d4c1694aeb5592e8434f27bc884f9b6310d41af1fb415e95f19
8,clean,B1,test_004113_clean_RVU227,rsplit=1.600000;wprior=2.000000;gblock=0.050000,RVU227,RVU227,1.0,1.0,0,,0.0,564.4669765606523,0.4560323432087898,baba33939ca37894fc28d1cf2df9d0b0379f932e45a413611a4fdc8d41293a32
8,clean,B1,train_000405_clean_HWA489,rsplit=1.600000;wprior=2.000000;gblock=0.050000,HWA489,HWA489,1.0,1.0,0,,0.0,583.1993902102113,0.46392716467380524,86a27167d86a703d4de2d39180845b716854663eea9bf2a5e4feb09cd4475240
8,clean,B1,train_000927_clean_GPC467,rsplit=1.600000;wprior=2.000000;gblock=0.050000,GPC467,GPC467,1.0,1.0,0,,0.0,572.5621152669191,0.45737437903881073,b2cdc9003e93881625d8996aeefae9a57bbf48cc86871dbd1029b7d4a81f1789
8,clean,B1,train_002565_clean_ENH474,rsplit=1.600000;wprior=2.000000;gblock=0.050000,ENH474,ENH474,1.0,1.0,0,,0.0,556.8660097196698,0.4700375720858574,d23beb4fa57fa4aab5092dd9299716cc3cc98bae41104eb0d85b4bcd56fd14dc
8,clean,B1,train_003303_clean_CPO635,rsplit=1.600000;wprior=2.000000;gblock=0.050000,CPO635,CDO635,0.0,0.8333333333333334,0,,0.0,621.1663754656911,0.43199583888053894,aff86e8c9ddd6fc9985226b8136bac9a16f4a241de3147b150e313dd71c75967
8,clean,B1,test_004977_clean_AUH523,rsplit=1.600000;wprior=2.000000;gblock=0.050000,AUH523,AUH523,1.0,1.0,0,,0.0,556.2792895361781,0.4829820245504379,e531f406adc1823cefb79506906d194125645d0bf6567adba447d1c2c936842e
8,clean,B2,test_004248_clean_ZIH274,rsplit=1.600000;wprior=2.000000;gblock=0.050000,ZIH274,ZH274,0.0,0.8333333333333334,0,,0.029166666666666664,568.3049196377397,0.489245168864727,2083ab11bd63eee559827023e4bd52f9abd57bfb1819049ad32636cb451731b8
8,clean,B2,test_004293_clean_HPJ619,rsplit=1.600000;wprior=2.000000;gblock=0.050000,HPJ619,HJ619,0.0,0.8333333333333334,0,,0.027777777777777776,573.0299297720194,0.4580048844218254,f014c1eefe49165ba82d91a8ddb3f96d433f4e58d0794b0e4b738a89a00139cd
8,clean,B2,train_000603_clean_NJV401,rsplit=1.600000;wprior=2.000000;gblock=0.050000,NJV401,NJV401,1.0,1.0,0,,0.0,571.127463132143,0.44791679829359055,4716ac4d0c2e7427e3d2f13cb6ca47ebf2d27117c3e5e0d80fb58abbeeae0750
8,clean,B2,train_000873_clean_EBL425,rsplit=1.600000;wprior=2.000000;gblock=0.050000,EBL425,EBL425,1.0,1.0,0,,0.0,550.5862822756171,0.47602877020835876,6028e2be15f050a862e2c28142d061dad5b325c745c0e42a1fe9045a32756fbf
8,clean,B2,train_002223_clean_GMO860,rsplit=1.600000;wprior=2.000000;gblock=0.050000,GMO860,GM80,0.0,0.6666666666666667,0,,0.05555555555555555,569.4248471409082,0.46969857066869736,14d0e5ebe840068e17fc501b69fc105fc4559a76ec77286ec93e15c5e00747ef
8,clean,B2,train_003276_clean_TQI349,rsplit=1.600000;wprior=2.000000;gblock=0.050000,TQI349,TQ349,0.0,0.8333333333333334,0,,0.029406130268199233,606.0806764289737,0.4501808434724808,91b28ff2e32888a107ebc044ed23f36a8d734cd60217bf0637eb2580b2c465f8
8,clean,B2,test_004428_clean_TXY970,rsplit=1.600000;wprior=2.000000;gblock=0.050000,TXY970,T4Y970,0.0,0.8333333333333334,0,,0.0,556.1742847785354,0.4746774211525917,b732165e13a3c114f1db50efae113de68f7649fe40589debe198d8ba46e7b468
8,clean,B2,train_001233_clean_LDT828,rsplit=1.600000;wprior=2.000000;gblock=0.050000,LDT828,LDT828,1.0,1.0,0,,0.0,551.5955006703734,0.4901960492134094,82cfb65cb465ef76c892b43d68e7c242fda3897b050ad2cdc608e8232b6ad65b
8,clean,B2,train_003744_clean_CRU871,rsplit=1.600000;wprior=2.000000;gblock=0.050000,CRU871,CRU871,1.0,1.0,0,,0.0,585.2168928831816,0.46969763934612274,55beb411c7303d4c1694aeb5592e8434f27bc884f9b6310d41af1fb415e95f19
8,clean,B2,test_004113_clean_RVU227,rsplit=1.600000;wprior=2.000000;gblock=0.050000,RVU227,RVU227,1.0,1.0,0,,0.0,564.4669765606523,0.4560323432087898,baba33939ca37894fc28d1cf2df9d0b0379f932e45a413611a4fdc8d41293a32
8,clean,B2,train_000405_clean_HWA489,rsplit=1.600000;wprior=2.000000;gblock=0.050000,HWA489,HWA489,1.0,1.0,0,,0.0,583.1993902102113,0.46392716467380524,86a27167d86a703d4de2d39180845b716854663eea9bf2a5e4feb09cd4475240
8,clean,B2,train_000927_clean_GPC467,rsplit=1.600000;wprior=2.000000;gblock=0.050000,GPC467,GPC467,1.0,1.0,0,,0.0,572.5621152669191,0.45737437903881073,b2cdc9003e93881625d8996aeefae9a57bbf48cc86871dbd1029b7d4a81f1789
8,clean,B2,train_002565_clean_ENH474,rsplit=1.600000;wprior=2.000000;gblock=0.050000,ENH474,ENH474,1.0,1.0,0,,0.0,556.8660097196698,0.4700375720858574,d23beb4fa57fa4aab5092dd9299716cc3cc98bae41104eb0d85b4bcd56fd14dc
8,clean,B2,train_003303_clean_CPO635,rsplit=1.600000;wprior=2.000000;gblock=0.050000,CPO635,CDO635,0.0,0.8333333333333334,0,,0.0,621.1663754656911,0.43199583888053894,aff86e8c9ddd6fc9985226b8136bac9a16f4a241de3147b150e313dd71c75967
8,clean,B2,test_004977_clean_AUH523,rsplit=1.600000;wprior=2.000000;gblock=0.050000,AUH523,AUH523,1.0,1.0,0,,0.0,556.2792895361781,0.4829820245504379,e531f406adc1823cefb79506906d194125645d0bf6567adba447d1c2c936842e
8,clean,B3,test_004248_clean_ZIH274,rsplit=1.600000;wprior=2.000000;gblock=0.050000,ZIH274,ZH274,0.0,0.8333333333333334,0,,0.029166666666666664,568.3049196377397,0.489245168864727,2083ab11bd63eee559827023e4bd52f9abd57bfb1819049ad32636cb451731b8
8,clean,B3,test_004293_clean_HPJ619,rsplit=1.600000;wprior=2.000000;gblock=0.050000,HPJ619,HJ619,0.0,0.8333333333333334,0,,0.027777777777777776,573.0299297720194,0.4580048844218254,f014c1eefe49165ba82d91a8ddb3f96d433f4e58d0794b0e4b738a89a00139cd
8,clean,B3,train_000603_clean_NJV401,rsplit=1.600000;wprior=2.000000;gblock=0.050000,NJV401,NJV401,1.0,1.0,0,,0.0,571.127463132143,0.44791679829359055,4716ac4d0c2e7427e3d2f13cb6ca47ebf2d27117c3e5e0d80fb58abbeeae0750
8,clean,B3,train_000873_clean_EBL425,rsplit=1.600000;wprior=2.000000;gblock=0.050000,EBL425,EBL425,1.0,1.0,0,,0.0,550.5862822756171,0.47602877020835876,6028e2be15f050a862e2c28142d061dad5b325c745c0e42a1fe9045a32756fbf
8,clean,B3,train_002223_clean_GMO860,rsplit=1.600000;wprior=2.000000;gblock=0.050000,GMO860,GM80,0.0,0.6666666666666667,0,,0.05555555555555555,569.4248471409082,0.46969857066869736,14d0e5ebe840068e17fc501b69fc105fc4559a76ec77286ec93e15c5e00747ef
8,clean,B3,train_003276_clean_TQI349,rsplit=1.600000;wprior=2.000000;gblock=0.050000,TQI349,TQ349,0.0,0.8333333333333334,0,,0.029406130268199233,606.0806764289737,0.4501808434724808,91b28ff2e32888a107ebc044ed23f36a8d734cd60217bf0637eb2580b2c465f8
8,clean,B3,test_004428_clean_TXY970,rsplit=1.600000;wprior=2.000000;gblock=0.050000,TXY970,T4Y970,0.0,0.8333333333333334,0,,0.0,556.1742847785354,0.4746774211525917,b732165e13a3c114f1db50efae113de68f7649fe40589debe198d8ba46e7b468
8,clean,B3,train_001233_clean_LDT828,rsplit=1.600000;wprior=2.000000;gblock=0.050000,LDT828,LDT828,1.0,1.0,0,,0.0,551.5955006703734,0.4901960492134094,82cfb65cb465ef76c892b43d68e7c242fda3897b050ad2cdc608e8232b6ad65b
8,clean,B3,train_003744_clean_CRU871,rsplit=1.600000;wprior=2.000000;gblock=0.050000,CRU871,CRU871,1.0,1.0,0,,0.0,585.2168928831816,0.46969763934612274,55beb411c7303d4c1694aeb5592e8434f27bc884f9b6310d41af1fb415e95f19
8,clean,B3,test_004113_clean_RVU227,rsplit=1.600000;wprior=2.000000;gblock=0.050000,RVU227,RVU227,1.0,1.0,0,,0.0,564.4669765606523,0.4560323432087898,baba33939ca37894fc28d1cf2df9d0b0379f932e45a413611a4fdc8d41293a32
8,clean,B3,train_000405_clean_HWA489,rsplit=1.600000;wprior=2.000000;gblock=0.050000,HWA489,HWA489,1.0,1.0,0,,0.0,583.1993902102113,0.46392716467380524,86a27167d86a703d4de2d39180845b716854663eea9bf2a5e4feb09cd4475240
8,clean,B3,train_000927_clean_GPC467,rsplit=1.600000;wprior=2.000000;gblock=0.050000,GPC467,GPC467,1.0,1.0,0,,0.0,572.5621152669191,0.45737437903881073,b2cdc9003e93881625d8996aeefae9a57bbf48cc86871dbd1029b7d4a81f1789
8,clean,B3,train_002565_clean_ENH474,rsplit=1.600000;wprior=2.000000;gblock=0.050000,ENH474,ENH474,1.0,1.0,0,,0.0,556.8660097196698,0.4700375720858574,d23beb4fa57fa4aab5092dd9299716cc3cc98bae41104eb0d85b4bcd56fd14dc
8,clean,B3,train_003303_clean_CPO635,rsplit=1.600000;wprior=2.000000;gblock=0.050000,CPO635,CDO635,0.0,0.8333333333333334,0,,0.0,621.1663754656911,0.43199583888053894,aff86e8c9ddd6fc9985226b8136bac9a16f4a241de3147b150e313dd71c75967
8,clean,B3,test_004977_clean_AUH523,rsplit=1.600000;wprior=2.000000;gblock=0.050000,AUH523,AUH523,1.0,1.0,0,,0.0,556.2792895361781,0.4829820245504379,e531f406adc1823cefb79506906d194125645d0bf6567adba447d1c2c936842e
8,clean,B3-I,test_004248_clean_ZIH274,rsplit=1.600000;wprior=2.000000;gblock=0.050000,ZIH274,ZH274,0.0,0.8333333333333334,0,,0.029166666666666664,568.3049196377397,0.489245168864727,2083ab11bd63eee559827023e4bd52f9abd57bfb1819049ad32636cb451731b8
8,clean,B3-I,test_004293_clean_HPJ619,rsplit=1.600000;wprior=2.000000;gblock=0.050000,HPJ619,HJ619,0.0,0.8333333333333334,0,,0.027777777777777776,573.0299297720194,0.4580048844218254,f014c1eefe49165ba82d91a8ddb3f96d433f4e58d0794b0e4b738a89a00139cd
8,clean,B3-I,train_000603_clean_NJV401,rsplit=1.600000;wprior=2.000000;gblock=0.050000,NJV401,NJV401,1.0,1.0,0,,0.0,571.127463132143,0.44791679829359055,4716ac4d0c2e7427e3d2f13cb6ca47ebf2d27117c3e5e0d80fb58abbeeae0750
8,clean,B3-I,train_000873_clean_EBL425,rsplit=1.600000;wprior=2.000000;gblock=0.050000,EBL425,EBL425,1.0,1.0,0,,0.0,550.5862822756171,0.47602877020835876,6028e2be15f050a862e2c28142d061dad5b325c745c0e42a1fe9045a32756fbf
8,clean,B3-I,train_002223_clean_GMO860,rsplit=1.600000;wprior=2.000000;gblock=0.050000,GMO860,GM80,0.0,0.6666666666666667,0,,0.05555555555555555,569.4248471409082,0.46969857066869736,14d0e5ebe840068e17fc501b69fc105fc4559a76ec77286ec93e15c5e00747ef
8,clean,B3-I,train_003276_clean_TQI349,rsplit=1.600000;wprior=2.000000;gblock=0.050000,TQI349,TQ349,0.0,0.8333333333333334,0,,0.029406130268199233,606.0806764289737,0.4501808434724808,91b28ff2e32888a107ebc044ed23f36a8d734cd60217bf0637eb2580b2c465f8
8,clean,B3-I,test_004428_clean_TXY970,rsplit=1.600000;wprior=2.000000;gblock=0.050000,TXY970,T4Y970,0.0,0.8333333333333334,0,,0.0,556.1742847785354,0.4746774211525917,b732165e13a3c114f1db50efae113de68f7649fe40589debe198d8ba46e7b468
8,clean,B3-I,train_001233_clean_LDT828,rsplit=1.600000;wprior=2.000000;gblock=0.050000,LDT828,LDT828,1.0,1.0,0,,0.0,551.5955006703734,0.4901960492134094,82cfb65cb465ef76c892b43d68e7c242fda3897b050ad2cdc608e8232b6ad65b
8,clean,B3-I,train_003744_clean_CRU871,rsplit=1.600000;wprior=2.000000;gblock=0.050000,CRU871,CRU871,1.0,1.0,0,,0.0,585.2168928831816,0.46969763934612274,55beb411c7303d4c1694aeb5592e8434f27bc884f9b6310d41af1fb415e95f19
8,clean,B3-I,test_004113_clean_RVU227,rsplit=1.600000;wprior=2.000000;gblock=0.050000,RVU227,RVU227,1.0,1.0,0,,0.0,564.4669765606523,0.4560323432087898,baba33939ca37894fc28d1cf2df9d0b0379f932e45a413611a4fdc8d41293a32
8,clean,B3-I,train_000405_clean_HWA489,rsplit=1.600000;wprior=2.000000;gblock=0.050000,HWA489,HWA489,1.0,1.0,0,,0.0,583.1993902102113,0.46392716467380524,86a27167d86a703d4de2d39180845b716854663eea9bf2a5e4feb09cd4475240
8,clean,B3-I,train_000927_clean_GPC467,rsplit=1.600000;wprior=2.000000;gblock=0.050000,GPC467,GPC467,1.0,1.0,0,,0.0,572.5621152669191,0.45737437903881073,b2cdc9003e93881625d8996aeefae9a57bbf48cc86871dbd1029b7d4a81f1789
8,clean,B3-I,train_002565_clean_ENH474,rsplit=1.600000;wprior=2.000000;gblock=0.050000,ENH474,ENH474,1.0,1.0,0,,0.0,556.8660097196698,0.4700375720858574,d23beb4fa57fa4aab5092dd9299716cc3cc98bae41104eb0d85b4bcd56fd14dc
8,clean,B3-I,train_003303_clean_CPO635,rsplit=1.600000;wprior=2.000000;gblock=0.050000,CPO635,CDO635,0.0,0.8333333333333334,0,,0.0,621.1663754656911,0.43199583888053894,aff86e8c9ddd6fc9985226b8136bac9a16f4a241de3147b150e313dd71c75967
8,clean,B3-I,test_004977_clean_AUH523,rsplit=1.600000;wprior=2.000000;gblock=0.050000,AUH523,AUH523,1.0,1.0,0,,0.0,556.2792895361781,0.4829820245504379,e531f406adc1823cefb79506906d194125645d0bf6567adba447d1c2c936842e
8,clean,B3-R0,test_004248_clean_ZIH274,rsplit=1.600000;wprior=2.000000;gblock=0.050000,ZIH274,ZH274,0.0,0.8333333333333334,0,,0.029166666666666664,568.3049196377397,0.489245168864727,2083ab11bd63eee559827023e4bd52f9abd57bfb1819049ad32636cb451731b8
8,clean,B3-R0,test_004293_clean_HPJ619,rsplit=1.600000;wprior=2.000000;gblock=0.050000,HPJ619,HJ619,0.0,0.8333333333333334,0,,0.027777777777777776,573.0299297720194,0.4580048844218254,f014c1eefe49165ba82d91a8ddb3f96d433f4e58d0794b0e4b738a89a00139cd
8,clean,B3-R0,train_000603_clean_NJV401,rsplit=1.600000;wprior=2.000000;gblock=0.050000,NJV401,NJV401,1.0,1.0,0,,0.0,571.127463132143,0.44791679829359055,4716ac4d0c2e7427e3d2f13cb6ca47ebf2d27117c3e5e0d80fb58abbeeae0750
8,clean,B3-R0,train_000873_clean_EBL425,rsplit=1.600000;wprior=2.000000;gblock=0.050000,EBL425,EBL425,1.0,1.0,0,,0.0,550.5862822756171,0.47602877020835876,6028e2be15f050a862e2c28142d061dad5b325c745c0e42a1fe9045a32756fbf
8,clean,B3-R0,train_002223_clean_GMO860,rsplit=1.600000;wprior=2.000000;gblock=0.050000,GMO860,GM80,0.0,0.6666666666666667,0,,0.05555555555555555,569.4248471409082,0.46969857066869736,14d0e5ebe840068e17fc501b69fc105fc4559a76ec77286ec93e15c5e00747ef
8,clean,B3-R0,train_003276_clean_TQI349,rsplit=1.600000;wprior=2.000000;gblock=0.050000,TQI349,TQ349,0.0,0.8333333333333334,0,,0.029406130268199233,606.0806764289737,0.4501808434724808,91b28ff2e32888a107ebc044ed23f36a8d734cd60217bf0637eb2580b2c465f8
8,clean,B3-R0,test_004428_clean_TXY970,rsplit=1.600000;wprior=2.000000;gblock=0.050000,TXY970,T4Y970,0.0,0.8333333333333334,0,,0.0,556.1742847785354,0.4746774211525917,b732165e13a3c114f1db50efae113de68f7649fe40589debe198d8ba46e7b468
8,clean,B3-R0,train_001233_clean_LDT828,rsplit=1.600000;wprior=2.000000;gblock=0.050000,LDT828,LDT828,1.0,1.0,0,,0.0,551.5955006703734,0.4901960492134094,82cfb65cb465ef76c892b43d68e7c242fda3897b050ad2cdc608e8232b6ad65b
8,clean,B3-R0,train_003744_clean_CRU871,rsplit=1.600000;wprior=2.000000;gblock=0.050000,CRU871,CRU871,1.0,1.0,0,,0.0,585.2168928831816,0.46969763934612274,55beb411c7303d4c1694aeb5592e8434f27bc884f9b6310d41af1fb415e95f19
8,clean,B3-R0,test_004113_clean_RVU227,rsplit=1.600000;wprior=2.000000;gblock=0.050000,RVU227,RVU227,1.0,1.0,0,,0.0,564.4669765606523,0.4560323432087898,baba33939ca37894fc28d1cf2df9d0b0379f932e45a413611a4fdc8d41293a32
8,clean,B3-R0,train_000405_clean_HWA489,rsplit=1.600000;wprior=2.000000;gblock=0.050000,HWA489,HWA489,1.0,1.0,0,,0.0,583.1993902102113,0.46392716467380524,86a27167d86a703d4de2d39180845b716854663eea9bf2a5e4feb09cd4475240
8,clean,B3-R0,train_000927_clean_GPC467,rsplit=1.600000;wprior=2.000000;gblock=0.050000,GPC467,GPC467,1.0,1.0,0,,0.0,572.5621152669191,0.45737437903881073,b2cdc9003e93881625d8996aeefae9a57bbf48cc86871dbd1029b7d4a81f1789
8,clean,B3-R0,train_002565_clean_ENH474,rsplit=1.600000;wprior=2.000000;gblock=0.050000,ENH474,ENH474,1.0,1.0,0,,0.0,556.8660097196698,0.4700375720858574,d23beb4fa57fa4aab5092dd9299716cc3cc98bae41104eb0d85b4bcd56fd14dc
8,clean,B3-R0,train_003303_clean_CPO635,rsplit=1.600000;wprior=2.000000;gblock=0.050000,CPO635,CDO635,0.0,0.8333333333333334,0,,0.0,621.1663754656911,0.43199583888053894,aff86e8c9ddd6fc9985226b8136bac9a16f4a241de3147b150e313dd71c75967
8,clean,B3-R0,test_004977_clean_AUH523,rsplit=1.600000;wprior=2.000000;gblock=0.050000,AUH523,AUH523,1.0,1.0,0,,0.0,556.2792895361781,0.4829820245504379,e531f406adc1823cefb79506906d194125645d0bf6567adba447d1c2c936842e
9,perspective,B0,train_001338_perspective_XWB766,rsplit=1.600000;wprior=2.000000;gblock=0.050000,XWB766,4WB766,0.0,0.8333333333333334,0,,0.0,569.1434871405363,15.152165666222572,5877e5ce788a5b9a8dd22f4e0e674a2eafe79b7c8b618af19e0d7f9b7a891fc5
9,perspective,B0,train_002634_perspective_LJA755,rsplit=1.600000;wprior=2.000000;gblock=0.050000,LJA755,LJA755,1.0,1.0,0,,0.0,562.7513350918889,0.5414430052042007,c10afc1194ab4b70be6950d3692900aa885345a040192e6fdeb376c4750335eb
9,perspective,B0,train_001419_perspective_FTL556,rsplit=1.600000;wprior=2.000000;gblock=0.050000,FTL556,FTL556,1.0,1.0,0,,0.0,586.1523328348994,0.6014052778482437,af993ad25cd09e7c246fe9cc31ddfd7a6d99f0cfa34ee6547af6616589381ceb
9,perspective,B0,train_001311_perspective_WHL020,rsplit=1.600000;wprior=2.000000;gblock=0.050000,WHL020,WHL020,1.0,1.0,0,,0.0,560.4561204090714,0.520714558660984,8ac25487747f2177afa796b9b8d575dc3377f64268a093115cf0ac1517868f2c
9,perspective,B0,train_003156_perspective_DTG973,rsplit=1.600000;wprior=2.000000;gblock=0.050000,DTG973,DTG973,1.0,1.0,0,,0.0,557.6039906591177,0.4828730598092079,e1b0e7efdc023e5655234121c8c34f777dd5c40ffe5cb5e79e64336b0a62a342
9,perspective,B0,train_002661_perspective_WXG677,rsplit=1.600000;wprior=2.000000;gblock=0.050000,WXG677,WXG77,0.0,0.8333333333333334,0,,0.027777777777777776,594.3211801350117,13.835868798196316,1940b5084d71e840bc06b1fc351d11de426af41454479874dc930419792752a6
9,perspective,B0,test_004191_perspective_ZNC908,rsplit=1.600000;wprior=2.000000;gblock=0.050000,ZNC908,ZNC0,0.0,0.6666666666666667,0,,0.05555555555555555,565.1489095762372,0.48974622040987015,661f2bbe5c677becdd0cdf301b92ddf4d9455644f9f4c4aa838258a3832917fe
9,perspective,B0,test_004524_perspective_OHQ126,rsplit=1.600000;wprior=2.000000;gblock=0.050000,OHQ126,HQ126,0.0,0.8333333333333334,0,,0.027777777777777776,559.9099854007363,0.463276170194149,b8e790391d23511c8d5a0d32dd33a06c5d8fd1e141f98c1a8e0816b164c18219
9,perspective,B0,test_004101_perspective_LUW582,rsplit=1.600000;wprior=2.000000;gblock=0.050000,LUW582,LUW582,1.0,1.0,0,,0.0,619.9537562206388,15.35376813262701,402deaec358f90197f9758673617011537af98bbfb7f215d8764c4997a8e0825
9,perspective,B0,train_002463_perspective_EQF254,rsplit=1.600000;wprior=2.000000;gblock=0.050000,EQF254,EQF254,1.0,1.0,0,,0.0,566.4741536602378,0.4611015319824219,92f4c71bd400a93aff16554f7a7584307e1f8e61f42fe4407847317eb6767b9e
9,perspective,B0,train_001194_perspective_IQW059,rsplit=1.600000;wprior=2.000000;gblock=0.050000,IQW059,JW059,0.0,0.6666666666666667,0,,0.027777777777777776,658.6877824738622,13.85855209082365,fe0623433d21968e65340b3d1c13c98a5df1e75d4644981137f8cd65ed64cbc6
9,perspective,B0,train_002148_perspective_WXK690,rsplit=1.600000;wprior=2.000000;gblock=0.050000,WXK690,WXK6,0.0,0.6666666666666667,0,,0.05555555555555555,600.2193298190832,12.246294878423214,6f2bec4bd8c485cfa47a846891e4f1fff65af42e8f88e9965de32d9b3d11cd55
9,perspective,B0,test_004182_perspective_JBW712,rsplit=1.600000;wprior=2.000000;gblock=0.050000,JBW712,JBW712,1.0,1.0,0,,0.0,576.2759875506163,15.310115180909634,feadacf8c8d2190c07eb6a750c048110fb5ddcdebbd70dc6ada1bc717a1e0e1b
9,perspective,B0,test_004659_perspective_CBC184,rsplit=1.600000;wprior=2.000000;gblock=0.050000,CBC184,CBC84,0.0,0.8333333333333334,0,,0.027777777777777776,563.4431131184101,0.487571582198143,b23c211d36aab82171dbc6e02e9f2a3e1116ee605dd174d1faf0442e7bf61942
9,perspective,B0,train_003876_perspective_TLZ181,rsplit=1.600000;wprior=2.000000;gblock=0.050000,TLZ181,TLZ18,0.0,0.8333333333333334,0,,0.027777777777777776,542.977855540812,0.4561822861433029,2a8abe3d9156810a59efe6ecc42bc1b4d986697b8bead183df2f4757e08f4df3
9,perspective,B1,train_001338_perspective_XWB766,rsplit=1.600000;wprior=2.000000;gblock=0.050000,XWB766,4WB766,0.0,0.8333333333333334,0,,0.0,569.1434871405363,15.152165666222572,5877e5ce788a5b9a8dd22f4e0e674a2eafe79b7c8b618af19e0d7f9b7a891fc5
9,perspective,B1,train_002634_perspective_LJA755,rsplit=1.600000;wprior=2.000000;gblock=0.050000,LJA755,LJA755,1.0,1.0,0,,0.0,562.7513350918889,0.5414430052042007,c10afc1194ab4b70be6950d3692900aa885345a040192e6fdeb376c4750335eb
9,perspective,B1,train_001419_perspective_FTL556,rsplit=1.600000;wprior=2.000000;gblock=0.050000,FTL556,FTL556,1.0,1.0,0,,0.0,586.1523328348994,0.6014052778482437,af993ad25cd09e7c246fe9cc31ddfd7a6d99f0cfa34ee6547af6616589381ceb
9,perspective,B1,train_001311_perspective_WHL020,rsplit=1.600000;wprior=2.000000;gblock=0.050000,WHL020,WHL020,1.0,1.0,0,,0.0,560.4561204090714,0.520714558660984,8ac25487747f2177afa796b9b8d575dc3377f64268a093115cf0ac1517868f2c
9,perspective,B1,train_003156_perspective_DTG973,rsplit=1.600000;wprior=2.000000;gblock=0.050000,DTG973,DTG973,1.0,1.0,0,,0.0,557.6039906591177,0.4828730598092079,e1b0e7efdc023e5655234121c8c34f777dd5c40ffe5cb5e79e64336b0a62a342
9,perspective,B1,train_002661_perspective_WXG677,rsplit=1.600000;wprior=2.000000;gblock=0.050000,WXG677,WXG77,0.0,0.8333333333333334,0,,0.027777777777777776,594.3211801350117,13.835868798196316,1940b5084d71e840bc06b1fc351d11de426af41454479874dc930419792752a6
9,perspective,B1,test_004191_perspective_ZNC908,rsplit=1.600000;wprior=2.000000;gblock=0.050000,ZNC908,ZNC0,0.0,0.6666666666666667,0,,0.05555555555555555,565.1489095762372,0.48974622040987015,661f2bbe5c677becdd0cdf301b92ddf4d9455644f9f4c4aa838258a3832917fe
9,perspective,B1,test_004524_perspective_OHQ126,rsplit=1.600000;wprior=2.000000;gblock=0.050000,OHQ126,HQ126,0.0,0.8333333333333334,0,,0.027777777777777776,559.9099854007363,0.463276170194149,b8e790391d23511c8d5a0d32dd33a06c5d8fd1e141f98c1a8e0816b164c18219
9,perspective,B1,test_004101_perspective_LUW582,rsplit=1.600000;wprior=2.000000;gblock=0.050000,LUW582,LUW582,1.0,1.0,0,,0.0,619.9537562206388,15.35376813262701,402deaec358f90197f9758673617011537af98bbfb7f215d8764c4997a8e0825
9,perspective,B1,train_002463_perspective_EQF254,rsplit=1.600000;wprior=2.000000;gblock=0.050000,EQF254,EQF254,1.0,1.0,0,,0.0,566.4741536602378,0.4611015319824219,92f4c71bd400a93aff16554f7a7584307e1f8e61f42fe4407847317eb6767b9e
9,perspective,B1,train_001194_perspective_IQW059,rsplit=1.600000;wprior=2.000000;gblock=0.050000,IQW059,JW059,0.0,0.6666666666666667,0,,0.027777777777777776,658.6877824738622,13.85855209082365,fe0623433d21968e65340b3d1c13c98a5df1e75d4644981137f8cd65ed64cbc6
9,perspective,B1,train_002148_perspective_WXK690,rsplit=1.600000;wprior=2.000000;gblock=0.050000,WXK690,WXK6,0.0,0.6666666666666667,0,,0.05555555555555555,600.2193298190832,12.246294878423214,6f2bec4bd8c485cfa47a846891e4f1fff65af42e8f88e9965de32d9b3d11cd55
9,perspective,B1,test_004182_perspective_JBW712,rsplit=1.600000;wprior=2.000000;gblock=0.050000,JBW712,JBW712,1.0,1.0,0,,0.0,576.2759875506163,15.310115180909634,feadacf8c8d2190c07eb6a750c048110fb5ddcdebbd70dc6ada1bc717a1e0e1b
9,perspective,B1,test_004659_perspective_CBC184,rsplit=1.600000;wprior=2.000000;gblock=0.050000,CBC184,CBC84,0.0,0.8333333333333334,0,,0.027777777777777776,563.4431131184101,0.487571582198143,b23c211d36aab82171dbc6e02e9f2a3e1116ee605dd174d1faf0442e7bf61942
9,perspective,B1,train_003876_perspective_TLZ181,rsplit=1.600000;wprior=2.000000;gblock=0.050000,TLZ181,TLZ18,0.0,0.8333333333333334,0,,0.027777777777777776,542.977855540812,0.4561822861433029,2a8abe3d9156810a59efe6ecc42bc1b4d986697b8bead183df2f4757e08f4df3
9,perspective,B2,train_001338_perspective_XWB766,rsplit=1.600000;wprior=2.000000;gblock=0.050000,XWB766,4WB766,0.0,0.8333333333333334,0,,0.0,569.1434871405363,15.152165666222572,5877e5ce788a5b9a8dd22f4e0e674a2eafe79b7c8b618af19e0d7f9b7a891fc5
9,perspective,B2,train_002634_perspective_LJA755,rsplit=1.600000;wprior=2.000000;gblock=0.050000,LJA755,LJA755,1.0,1.0,0,,0.0,562.7513350918889,0.5414430052042007,c10afc1194ab4b70be6950d3692900aa885345a040192e6fdeb376c4750335eb
9,perspective,B2,train_001419_perspective_FTL556,rsplit=1.600000;wprior=2.000000;gblock=0.050000,FTL556,FTL556,1.0,1.0,0,,0.0,586.1523328348994,0.6014052778482437,af993ad25cd09e7c246fe9cc31ddfd7a6d99f0cfa34ee6547af6616589381ceb
9,perspective,B2,train_001311_perspective_WHL020,rsplit=1.600000;wprior=2.000000;gblock=0.050000,WHL020,WHL020,1.0,1.0,0,,0.0,560.4561204090714,0.520714558660984,8ac25487747f2177afa796b9b8d575dc3377f64268a093115cf0ac1517868f2c
9,perspective,B2,train_003156_perspective_DTG973,rsplit=1.600000;wprior=2.000000;gblock=0.050000,DTG973,DTG973,1.0,1.0,0,,0.0,557.6039906591177,0.4828730598092079,e1b0e7efdc023e5655234121c8c34f777dd5c40ffe5cb5e79e64336b0a62a342
9,perspective,B2,train_002661_perspective_WXG677,rsplit=1.600000;wprior=2.000000;gblock=0.050000,WXG677,WXG77,0.0,0.8333333333333334,0,,0.027777777777777776,594.3211801350117,13.835868798196316,1940b5084d71e840bc06b1fc351d11de426af41454479874dc930419792752a6
9,perspective,B2,test_004191_perspective_ZNC908,rsplit=1.600000;wprior=2.000000;gblock=0.050000,ZNC908,ZNC0,0.0,0.6666666666666667,0,,0.05555555555555555,565.1489095762372,0.48974622040987015,661f2bbe5c677becdd0cdf301b92ddf4d9455644f9f4c4aa838258a3832917fe
9,perspective,B2,test_004524_perspective_OHQ126,rsplit=1.600000;wprior=2.000000;gblock=0.050000,OHQ126,HQ126,0.0,0.8333333333333334,0,,0.027777777777777776,559.9099854007363,0.463276170194149,b8e790391d23511c8d5a0d32dd33a06c5d8fd1e141f98c1a8e0816b164c18219
9,perspective,B2,test_004101_perspective_LUW582,rsplit=1.600000;wprior=2.000000;gblock=0.050000,LUW582,LUW582,1.0,1.0,0,,0.0,619.9537562206388,15.35376813262701,402deaec358f90197f9758673617011537af98bbfb7f215d8764c4997a8e0825
9,perspective,B2,train_002463_perspective_EQF254,rsplit=1.600000;wprior=2.000000;gblock=0.050000,EQF254,EQF254,1.0,1.0,0,,0.0,566.4741536602378,0.4611015319824219,92f4c71bd400a93aff16554f7a7584307e1f8e61f42fe4407847317eb6767b9e
9,perspective,B2,train_001194_perspective_IQW059,rsplit=1.600000;wprior=2.000000;gblock=0.050000,IQW059,JW059,0.0,0.6666666666666667,0,,0.027777777777777776,658.6877824738622,13.85855209082365,fe0623433d21968e65340b3d1c13c98a5df1e75d4644981137f8cd65ed64cbc6
9,perspective,B2,train_002148_perspective_WXK690,rsplit=1.600000;wprior=2.000000;gblock=0.050000,WXK690,WXK6,0.0,0.6666666666666667,0,,0.05555555555555555,600.2193298190832,12.246294878423214,6f2bec4bd8c485cfa47a846891e4f1fff65af42e8f88e9965de32d9b3d11cd55
9,perspective,B2,test_004182_perspective_JBW712,rsplit=1.600000;wprior=2.000000;gblock=0.050000,JBW712,JBW712,1.0,1.0,0,,0.0,576.2759875506163,15.310115180909634,feadacf8c8d2190c07eb6a750c048110fb5ddcdebbd70dc6ada1bc717a1e0e1b
9,perspective,B2,test_004659_perspective_CBC184,rsplit=1.600000;wprior=2.000000;gblock=0.050000,CBC184,CBC84,0.0,0.8333333333333334,0,,0.027777777777777776,563.4431131184101,0.487571582198143,b23c211d36aab82171dbc6e02e9f2a3e1116ee605dd174d1faf0442e7bf61942
9,perspective,B2,train_003876_perspective_TLZ181,rsplit=1.600000;wprior=2.000000;gblock=0.050000,TLZ181,TLZ18,0.0,0.8333333333333334,0,,0.027777777777777776,542.977855540812,0.4561822861433029,2a8abe3d9156810a59efe6ecc42bc1b4d986697b8bead183df2f4757e08f4df3
9,perspective,B3,train_001338_perspective_XWB766,rsplit=1.600000;wprior=2.000000;gblock=0.050000,XWB766,4WB766,0.0,0.8333333333333334,0,,0.0,569.1434871405363,15.152165666222572,5877e5ce788a5b9a8dd22f4e0e674a2eafe79b7c8b618af19e0d7f9b7a891fc5
9,perspective,B3,train_002634_perspective_LJA755,rsplit=1.600000;wprior=2.000000;gblock=0.050000,LJA755,LJA755,1.0,1.0,0,,0.0,562.7513350918889,0.5414430052042007,c10afc1194ab4b70be6950d3692900aa885345a040192e6fdeb376c4750335eb
9,perspective,B3,train_001419_perspective_FTL556,rsplit=1.600000;wprior=2.000000;gblock=0.050000,FTL556,FTL556,1.0,1.0,0,,0.0,586.1523328348994,0.6014052778482437,af993ad25cd09e7c246fe9cc31ddfd7a6d99f0cfa34ee6547af6616589381ceb
9,perspective,B3,train_001311_perspective_WHL020,rsplit=1.600000;wprior=2.000000;gblock=0.050000,WHL020,WHL020,1.0,1.0,0,,0.0,560.4561204090714,0.520714558660984,8ac25487747f2177afa796b9b8d575dc3377f64268a093115cf0ac1517868f2c
9,perspective,B3,train_003156_perspective_DTG973,rsplit=1.600000;wprior=2.000000;gblock=0.050000,DTG973,DTG973,1.0,1.0,0,,0.0,557.6039906591177,0.4828730598092079,e1b0e7efdc023e5655234121c8c34f777dd5c40ffe5cb5e79e64336b0a62a342
9,perspective,B3,train_002661_perspective_WXG677,rsplit=1.600000;wprior=2.000000;gblock=0.050000,WXG677,WXG77,0.0,0.8333333333333334,0,,0.027777777777777776,594.3211801350117,13.835868798196316,1940b5084d71e840bc06b1fc351d11de426af41454479874dc930419792752a6
9,perspective,B3,test_004191_perspective_ZNC908,rsplit=1.600000;wprior=2.000000;gblock=0.050000,ZNC908,ZNC0,0.0,0.6666666666666667,0,,0.05555555555555555,565.1489095762372,0.48974622040987015,661f2bbe5c677becdd0cdf301b92ddf4d9455644f9f4c4aa838258a3832917fe
9,perspective,B3,test_004524_perspective_OHQ126,rsplit=1.600000;wprior=2.000000;gblock=0.050000,OHQ126,HQ126,0.0,0.8333333333333334,0,,0.027777777777777776,559.9099854007363,0.463276170194149,b8e790391d23511c8d5a0d32dd33a06c5d8fd1e141f98c1a8e0816b164c18219
9,perspective,B3,test_004101_perspective_LUW582,rsplit=1.600000;wprior=2.000000;gblock=0.050000,LUW582,LUW582,1.0,1.0,0,,0.0,619.9537562206388,15.35376813262701,402deaec358f90197f9758673617011537af98bbfb7f215d8764c4997a8e0825
9,perspective,B3,train_002463_perspective_EQF254,rsplit=1.600000;wprior=2.000000;gblock=0.050000,EQF254,EQF254,1.0,1.0,0,,0.0,566.4741536602378,0.4611015319824219,92f4c71bd400a93aff16554f7a7584307e1f8e61f42fe4407847317eb6767b9e
9,perspective,B3,train_001194_perspective_IQW059,rsplit=1.600000;wprior=2.000000;gblock=0.050000,IQW059,JW059,0.0,0.6666666666666667,0,,0.027777777777777776,658.6877824738622,13.85855209082365,fe0623433d21968e65340b3d1c13c98a5df1e75d4644981137f8cd65ed64cbc6
9,perspective,B3,train_002148_perspective_WXK690,rsplit=1.600000;wprior=2.000000;gblock=0.050000,WXK690,WXK6,0.0,0.6666666666666667,0,,0.05555555555555555,600.2193298190832,12.246294878423214,6f2bec4bd8c485cfa47a846891e4f1fff65af42e8f88e9965de32d9b3d11cd55
9,perspective,B3,test_004182_perspective_JBW712,rsplit=1.600000;wprior=2.000000;gblock=0.050000,JBW712,JBW712,1.0,1.0,0,,0.0,576.2759875506163,15.310115180909634,feadacf8c8d2190c07eb6a750c048110fb5ddcdebbd70dc6ada1bc717a1e0e1b
9,perspective,B3,test_004659_perspective_CBC184,rsplit=1.600000;wprior=2.000000;gblock=0.050000,CBC184,CBC84,0.0,0.8333333333333334,0,,0.027777777777777776,563.4431131184101,0.487571582198143,b23c211d36aab82171dbc6e02e9f2a3e1116ee605dd174d1faf0442e7bf61942
9,perspective,B3,train_003876_perspective_TLZ181,rsplit=1.600000;wprior=2.000000;gblock=0.050000,TLZ181,TLZ18,0.0,0.8333333333333334,0,,0.027777777777777776,542.977855540812,0.4561822861433029,2a8abe3d9156810a59efe6ecc42bc1b4d986697b8bead183df2f4757e08f4df3
9,perspective,B3-I,train_001338_perspective_XWB766,rsplit=1.600000;wprior=2.000000;gblock=0.050000,XWB766,4WB766,0.0,0.8333333333333334,0,,0.0,569.1434871405363,15.152165666222572,5877e5ce788a5b9a8dd22f4e0e674a2eafe79b7c8b618af19e0d7f9b7a891fc5
9,perspective,B3-I,train_002634_perspective_LJA755,rsplit=1.600000;wprior=2.000000;gblock=0.050000,LJA755,LJA755,1.0,1.0,0,,0.0,562.7513350918889,0.5414430052042007,c10afc1194ab4b70be6950d3692900aa885345a040192e6fdeb376c4750335eb
9,perspective,B3-I,train_001419_perspective_FTL556,rsplit=1.600000;wprior=2.000000;gblock=0.050000,FTL556,FTL556,1.0,1.0,0,,0.0,586.1523328348994,0.6014052778482437,af993ad25cd09e7c246fe9cc31ddfd7a6d99f0cfa34ee6547af6616589381ceb
9,perspective,B3-I,train_001311_perspective_WHL020,rsplit=1.600000;wprior=2.000000;gblock=0.050000,WHL020,WHL020,1.0,1.0,0,,0.0,560.4561204090714,0.520714558660984,8ac25487747f2177afa796b9b8d575dc3377f64268a093115cf0ac1517868f2c
9,perspective,B3-I,train_003156_perspective_DTG973,rsplit=1.600000;wprior=2.000000;gblock=0.050000,DTG973,DTG973,1.0,1.0,0,,0.0,557.6039906591177,0.4828730598092079,e1b0e7efdc023e5655234121c8c34f777dd5c40ffe5cb5e79e64336b0a62a342
9,perspective,B3-I,train_002661_perspective_WXG677,rsplit=1.600000;wprior=2.000000;gblock=0.050000,WXG677,WXG77,0.0,0.8333333333333334,0,,0.027777777777777776,594.3211801350117,13.835868798196316,1940b5084d71e840bc06b1fc351d11de426af41454479874dc930419792752a6
9,perspective,B3-I,test_004191_perspective_ZNC908,rsplit=1.600000;wprior=2.000000;gblock=0.050000,ZNC908,ZNC0,0.0,0.6666666666666667,0,,0.05555555555555555,565.1489095762372,0.48974622040987015,661f2bbe5c677becdd0cdf301b92ddf4d9455644f9f4c4aa838258a3832917fe
9,perspective,B3-I,test_004524_perspective_OHQ126,rsplit=1.600000;wprior=2.000000;gblock=0.050000,OHQ126,HQ126,0.0,0.8333333333333334,0,,0.027777777777777776,559.9099854007363,0.463276170194149,b8e790391d23511c8d5a0d32dd33a06c5d8fd1e141f98c1a8e0816b164c18219
9,perspective,B3-I,test_004101_perspective_LUW582,rsplit=1.600000;wprior=2.000000;gblock=0.050000,LUW582,LUW582,1.0,1.0,0,,0.0,619.9537562206388,15.35376813262701,402deaec358f90197f9758673617011537af98bbfb7f215d8764c4997a8e0825
9,perspective,B3-I,train_002463_perspective_EQF254,rsplit=1.600000;wprior=2.000000;gblock=0.050000,EQF254,EQF254,1.0,1.0,0,,0.0,566.4741536602378,0.4611015319824219,92f4c71bd400a93aff16554f7a7584307e1f8e61f42fe4407847317eb6767b9e
9,perspective,B3-I,train_001194_perspective_IQW059,rsplit=1.600000;wprior=2.000000;gblock=0.050000,IQW059,JW059,0.0,0.6666666666666667,0,,0.027777777777777776,658.6877824738622,13.85855209082365,fe0623433d21968e65340b3d1c13c98a5df1e75d4644981137f8cd65ed64cbc6
9,perspective,B3-I,train_002148_perspective_WXK690,rsplit=1.600000;wprior=2.000000;gblock=0.050000,WXK690,WXK6,0.0,0.6666666666666667,0,,0.05555555555555555,600.2193298190832,12.246294878423214,6f2bec4bd8c485cfa47a846891e4f1fff65af42e8f88e9965de32d9b3d11cd55
9,perspective,B3-I,test_004182_perspective_JBW712,rsplit=1.600000;wprior=2.000000;gblock=0.050000,JBW712,JBW712,1.0,1.0,0,,0.0,576.2759875506163,15.310115180909634,feadacf8c8d2190c07eb6a750c048110fb5ddcdebbd70dc6ada1bc717a1e0e1b
9,perspective,B3-I,test_004659_perspective_CBC184,rsplit=1.600000;wprior=2.000000;gblock=0.050000,CBC184,CBC84,0.0,0.8333333333333334,0,,0.027777777777777776,563.4431131184101,0.487571582198143,b23c211d36aab82171dbc6e02e9f2a3e1116ee605dd174d1faf0442e7bf61942
9,perspective,B3-I,train_003876_perspective_TLZ181,rsplit=1.600000;wprior=2.000000;gblock=0.050000,TLZ181,TLZ18,0.0,0.8333333333333334,0,,0.027777777777777776,542.977855540812,0.4561822861433029,2a8abe3d9156810a59efe6ecc42bc1b4d986697b8bead183df2f4757e08f4df3
9,perspective,B3-R0,train_001338_perspective_XWB766,rsplit=1.600000;wprior=2.000000;gblock=0.050000,XWB766,4WB766,0.0,0.8333333333333334,0,,0.0,569.1434871405363,15.152165666222572,5877e5ce788a5b9a8dd22f4e0e674a2eafe79b7c8b618af19e0d7f9b7a891fc5
9,perspective,B3-R0,train_002634_perspective_LJA755,rsplit=1.600000;wprior=2.000000;gblock=0.050000,LJA755,LJA755,1.0,1.0,0,,0.0,562.7513350918889,0.5414430052042007,c10afc1194ab4b70be6950d3692900aa885345a040192e6fdeb376c4750335eb
9,perspective,B3-R0,train_001419_perspective_FTL556,rsplit=1.600000;wprior=2.000000;gblock=0.050000,FTL556,FTL556,1.0,1.0,0,,0.0,586.1523328348994,0.6014052778482437,af993ad25cd09e7c246fe9cc31ddfd7a6d99f0cfa34ee6547af6616589381ceb
9,perspective,B3-R0,train_001311_perspective_WHL020,rsplit=1.600000;wprior=2.000000;gblock=0.050000,WHL020,WHL020,1.0,1.0,0,,0.0,560.4561204090714,0.520714558660984,8ac25487747f2177afa796b9b8d575dc3377f64268a093115cf0ac1517868f2c
9,perspective,B3-R0,train_003156_perspective_DTG973,rsplit=1.600000;wprior=2.000000;gblock=0.050000,DTG973,DTG973,1.0,1.0,0,,0.0,557.6039906591177,0.4828730598092079,e1b0e7efdc023e5655234121c8c34f777dd5c40ffe5cb5e79e64336b0a62a342
9,perspective,B3-R0,train_002661_perspective_WXG677,rsplit=1.600000;wprior=2.000000;gblock=0.050000,WXG677,WXG77,0.0,0.8333333333333334,0,,0.027777777777777776,594.3211801350117,13.835868798196316,1940b5084d71e840bc06b1fc351d11de426af41454479874dc930419792752a6
9,perspective,B3-R0,test_004191_perspective_ZNC908,rsplit=1.600000;wprior=2.000000;gblock=0.050000,ZNC908,ZNC0,0.0,0.6666666666666667,0,,0.05555555555555555,565.1489095762372,0.48974622040987015,661f2bbe5c677becdd0cdf301b92ddf4d9455644f9f4c4aa838258a3832917fe
9,perspective,B3-R0,test_004524_perspective_OHQ126,rsplit=1.600000;wprior=2.000000;gblock=0.050000,OHQ126,HQ126,0.0,0.8333333333333334,0,,0.027777777777777776,559.9099854007363,0.463276170194149,b8e790391d23511c8d5a0d32dd33a06c5d8fd1e141f98c1a8e0816b164c18219
9,perspective,B3-R0,test_004101_perspective_LUW582,rsplit=1.600000;wprior=2.000000;gblock=0.050000,LUW582,LUW582,1.0,1.0,0,,0.0,619.9537562206388,15.35376813262701,402deaec358f90197f9758673617011537af98bbfb7f215d8764c4997a8e0825
9,perspective,B3-R0,train_002463_perspective_EQF254,rsplit=1.600000;wprior=2.000000;gblock=0.050000,EQF254,EQF254,1.0,1.0,0,,0.0,566.4741536602378,0.4611015319824219,92f4c71bd400a93aff16554f7a7584307e1f8e61f42fe4407847317eb6767b9e
9,perspective,B3-R0,train_001194_perspective_IQW059,rsplit=1.600000;wprior=2.000000;gblock=0.050000,IQW059,JW059,0.0,0.6666666666666667,0,,0.027777777777777776,658.6877824738622,13.85855209082365,fe0623433d21968e65340b3d1c13c98a5df1e75d4644981137f8cd65ed64cbc6
9,perspective,B3-R0,train_002148_perspective_WXK690,rsplit=1.600000;wprior=2.000000;gblock=0.050000,WXK690,WXK6,0.0,0.6666666666666667,0,,0.05555555555555555,600.2193298190832,12.246294878423214,6f2bec4bd8c485cfa47a846891e4f1fff65af42e8f88e9965de32d9b3d11cd55
9,perspective,B3-R0,test_004182_perspective_JBW712,rsplit=1.600000;wprior=2.000000;gblock=0.050000,JBW712,JBW712,1.0,1.0,0,,0.0,576.2759875506163,15.310115180909634,feadacf8c8d2190c07eb6a750c048110fb5ddcdebbd70dc6ada1bc717a1e0e1b
9,perspective,B3-R0,test_004659_perspective_CBC184,rsplit=1.600000;wprior=2.000000;gblock=0.050000,CBC184,CBC84,0.0,0.8333333333333334,0,,0.027777777777777776,563.4431131184101,0.487571582198143,b23c211d36aab82171dbc6e02e9f2a3e1116ee605dd174d1faf0442e7bf61942
9,perspective,B3-R0,train_003876_perspective_TLZ181,rsplit=1.600000;wprior=2.000000;gblock=0.050000,TLZ181,TLZ18,0.0,0.8333333333333334,0,,0.027777777777777776,542.977855540812,0.4561822861433029,2a8abe3d9156810a59efe6ecc42bc1b4d986697b8bead183df2f4757e08f4df3
10,clean,B0,train_002745_clean_ZAM436,rsplit=1.600000;wprior=2.000000;gblock=0.050000,ZAM436,ZAM436,1.0,1.0,0,,0.0,572.1037704497576,0.47480687499046326,99e44e1796cbb182b584f88ff1e300fa75aeaa1c54d7c3aa1e1bab06602ac9ae
10,clean,B0,test_004788_clean_MRN226,rsplit=1.600000;wprior=2.000000;gblock=0.050000,MRN226,MRN226,1.0,1.0,0,,0.0,560.1801788434386,0.4680352285504341,03a13ccdf335979f99752d099fb957898e3fffa3ffab626e06df9a0c3ace6fb5
10,clean,B0,test_004059_clean_QUV842,rsplit=1.600000;wprior=2.000000;gblock=0.050000,QUV842,QUV842,1.0,1.0,0,,0.0,568.3399578556418,0.44130440801382065,ce6a7e0bc1d465cb4a6da23aec3ab6b4b6621bae9da6dde9aa624d6a43701e12
10,clean,B0,test_004644_clean_TNA921,rsplit=1.600000;wprior=2.000000;gblock=0.050000,TNA921,TNA921,1.0,1.0,0,,0.0,602.2198218852282,0.47688186168670654,7d0d2dd35dc485f11bb17935fd9856aa1e0d387ad799b8e1edc47368b08526f1
10,clean,B0,train_000117_clean_YUD312,rsplit=1.600000;wprior=2.000000;gblock=0.050000,YUD312,YUD312,1.0,1.0,0,,0.0,576.535346917808,0.5020787939429283,a647312040f7a0362a571d499f31e5e578dcc83bc8fd6b7286bdbaf5a3c7d393
10,clean,B0,train_001989_clean_TEF369,rsplit=1.600000;wprior=2.000000;gblock=0.050000,TEF369,TEF369,1.0,1.0,0,,0.0,572.2142597660422,0.45575108379125595,007bec87b382db2ac1480cd98f89c11cdc3d8a103b45bb97fe981d6ba166e7cc
10,clean,B0,train_000243_clean_VMH224,rsplit=1.600000;wprior=2.000000;gblock=0.050000,VMH224,VMH224,1.0,1.0,0,,0.0,576.8562443554401,0.4809889942407608,40dea94b38f265a0a597524b0715f14c2a4266363c77d11d753cad3aaaada72a
10,clean,B0,train_003681_clean_ONG174,rsplit=1.600000;wprior=2.000000;gblock=0.050000,ONG174,NG174,0.0,0.8333333333333334,0,,0.027777777777777776,575.7160289213061,0.48052798956632614,0dea1d69996bf3696379968d5f0f90637949a53f87e71769d352c8a8c7e16c6c
10,clean,B0,test_004599_clean_PKS221,rsplit=1.600000;wprior=2.000000;gblock=0.050000,PKS221,P4S221,0.0,0.8333333333333334,0,,0.0,571.3209044188261,0.4793461412191391,cd07d0fe05a973cd1b1e35cc2b2e9f761839a73d28f8f4fc9a09f120c3b3f949
10,clean,B0,train_003879_clean_RYR914,rsplit=1.600000;wprior=2.000000;gblock=0.050000,RYR914,RYR914,1.0,1.0,0,,0.0,583.2424638792872,0.49292203038930893,8729780c55991124bf902c20058100ee4f6dfcaf6080ea4bc9876f58c5e694dd
10,clean,B0,train_000315_clean_LMY160,rsplit=1.600000;wprior=2.000000;gblock=0.050000,LMY160,LMY16,0.0,0.8333333333333334,0,,0.027777777777777776,575.4425507038832,0.47714170068502426,29bd895cc15c194eb02cdc3b904c876b2bcbcc9523ff79bdf4846b6901769fae
10,clean,B0,train_002484_clean_GSO585,rsplit=1.600000;wprior=2.000000;gblock=0.050000,GSO585,GS585,0.0,0.8333333333333334,0,,0.027777777777777776,563.334608450532,0.47896523028612137,6fdc205a887d1d3fc6dda61adaaa2f20e6bb7fb43af2b00e8da90e603ff795d4
10,clean,B0,train_001350_clean_DZH657,rsplit=1.600000;wprior=2.000000;gblock=0.050000,DZH657,DZH657,1.0,1.0,0,,0.0,560.4025581851602,0.4655299708247185,786cf43bef55eb4346965b7b255280c8d7d3f357675dd7d7b1ffa7e45e8b1fa2
10,clean,B0,train_003789_clean_UQQ844,rsplit=1.600000;wprior=2.000000;gblock=0.050000,UQQ844,UQQ844,1.0,1.0,0,,0.0,586.0758470371366,0.46569015830755234,0f8f136eec21b2234aa46a91fbe57e5a8d81d659906538ab08cfb9ec2a7c173f
10,clean,B0,train_000189_clean_BDX897,rsplit=1.600000;wprior=2.000000;gblock=0.050000,BDX897,BDX897,1.0,1.0,0,,0.0,556.3061768189073,0.4570223391056061,878908ae7c3ff35951abdae9f0aba53a58b2427f748cb1068a5296adba33e00d
10,clean,B1,train_002745_clean_ZAM436,rsplit=1.600000;wprior=2.000000;gblock=0.050000,ZAM436,ZAM436,1.0,1.0,0,,0.0,572.1037704497576,0.47480687499046326,99e44e1796cbb182b584f88ff1e300fa75aeaa1c54d7c3aa1e1bab06602ac9ae
10,clean,B1,test_004788_clean_MRN226,rsplit=1.600000;wprior=2.000000;gblock=0.050000,MRN226,MRN226,1.0,1.0,0,,0.0,560.1801788434386,0.4680352285504341,03a13ccdf335979f99752d099fb957898e3fffa3ffab626e06df9a0c3ace6fb5
10,clean,B1,test_004059_clean_QUV842,rsplit=1.600000;wprior=2.000000;gblock=0.050000,QUV842,QUV842,1.0,1.0,0,,0.0,568.3399578556418,0.44130440801382065,ce6a7e0bc1d465cb4a6da23aec3ab6b4b6621bae9da6dde9aa624d6a43701e12
10,clean,B1,test_004644_clean_TNA921,rsplit=1.600000;wprior=2.000000;gblock=0.050000,TNA921,TNA921,1.0,1.0,0,,0.0,602.2198218852282,0.47688186168670654,7d0d2dd35dc485f11bb17935fd9856aa1e0d387ad799b8e1edc47368b08526f1
10,clean,B1,train_000117_clean_YUD312,rsplit=1.600000;wprior=2.000000;gblock=0.050000,YUD312,YUD312,1.0,1.0,0,,0.0,576.535346917808,0.5020787939429283,a647312040f7a0362a571d499f31e5e578dcc83bc8fd6b7286bdbaf5a3c7d393
10,clean,B1,train_001989_clean_TEF369,rsplit=1.600000;wprior=2.000000;gblock=0.050000,TEF369,TEF369,1.0,1.0,0,,0.0,572.2142597660422,0.45575108379125595,007bec87b382db2ac1480cd98f89c11cdc3d8a103b45bb97fe981d6ba166e7cc
10,clean,B1,train_000243_clean_VMH224,rsplit=1.600000;wprior=2.000000;gblock=0.050000,VMH224,VMH224,1.0,1.0,0,,0.0,576.8562443554401,0.4809889942407608,40dea94b38f265a0a597524b0715f14c2a4266363c77d11d753cad3aaaada72a
10,clean,B1,train_003681_clean_ONG174,rsplit=1.600000;wprior=2.000000;gblock=0.050000,ONG174,NG174,0.0,0.8333333333333334,0,,0.027777777777777776,575.7160289213061,0.48052798956632614,0dea1d69996bf3696379968d5f0f90637949a53f87e71769d352c8a8c7e16c6c
10,clean,B1,test_004599_clean_PKS221,rsplit=1.600000;wprior=2.000000;gblock=0.050000,PKS221,P4S221,0.0,0.8333333333333334,0,,0.0,571.3209044188261,0.4793461412191391,cd07d0fe05a973cd1b1e35cc2b2e9f761839a73d28f8f4fc9a09f120c3b3f949
10,clean,B1,train_003879_clean_RYR914,rsplit=1.600000;wprior=2.000000;gblock=0.050000,RYR914,RYR914,1.0,1.0,0,,0.0,583.2424638792872,0.49292203038930893,8729780c55991124bf902c20058100ee4f6dfcaf6080ea4bc9876f58c5e694dd
10,clean,B1,train_000315_clean_LMY160,rsplit=1.600000;wprior=2.000000;gblock=0.050000,LMY160,LMY16,0.0,0.8333333333333334,0,,0.027777777777777776,575.4425507038832,0.47714170068502426,29bd895cc15c194eb02cdc3b904c876b2bcbcc9523ff79bdf4846b6901769fae
10,clean,B1,train_002484_clean_GSO585,rsplit=1.600000;wprior=2.000000;gblock=0.050000,GSO585,GS585,0.0,0.8333333333333334,0,,0.027777777777777776,563.334608450532,0.47896523028612137,6fdc205a887d1d3fc6dda61adaaa2f20e6bb7fb43af2b00e8da90e603ff795d4
10,clean,B1,train_001350_clean_DZH657,rsplit=1.600000;wprior=2.000000;gblock=0.050000,DZH657,DZH657,1.0,1.0,0,,0.0,560.4025581851602,0.4655299708247185,786cf43bef55eb4346965b7b255280c8d7d3f357675dd7d7b1ffa7e45e8b1fa2
10,clean,B1,train_003789_clean_UQQ844,rsplit=1.600000;wprior=2.000000;gblock=0.050000,UQQ844,UQQ844,1.0,1.0,0,,0.0,586.0758470371366,0.46569015830755234,0f8f136eec21b2234aa46a91fbe57e5a8d81d659906538ab08cfb9ec2a7c173f
10,clean,B1,train_000189_clean_BDX897,rsplit=1.600000;wprior=2.000000;gblock=0.050000,BDX897,BDX897,1.0,1.0,0,,0.0,556.3061768189073,0.4570223391056061,878908ae7c3ff35951abdae9f0aba53a58b2427f748cb1068a5296adba33e00d
10,clean,B2,train_002745_clean_ZAM436,rsplit=1.600000;wprior=2.000000;gblock=0.050000,ZAM436,ZAM436,1.0,1.0,0,,0.0,572.1037704497576,0.47480687499046326,99e44e1796cbb182b584f88ff1e300fa75aeaa1c54d7c3aa1e1bab06602ac9ae
10,clean,B2,test_004788_clean_MRN226,rsplit=1.600000;wprior=2.000000;gblock=0.050000,MRN226,MRN226,1.0,1.0,0,,0.0,560.1801788434386,0.4680352285504341,03a13ccdf335979f99752d099fb957898e3fffa3ffab626e06df9a0c3ace6fb5
10,clean,B2,test_004059_clean_QUV842,rsplit=1.600000;wprior=2.000000;gblock=0.050000,QUV842,QUV842,1.0,1.0,0,,0.0,568.3399578556418,0.44130440801382065,ce6a7e0bc1d465cb4a6da23aec3ab6b4b6621bae9da6dde9aa624d6a43701e12
10,clean,B2,test_004644_clean_TNA921,rsplit=1.600000;wprior=2.000000;gblock=0.050000,TNA921,TNA921,1.0,1.0,0,,0.0,602.2198218852282,0.47688186168670654,7d0d2dd35dc485f11bb17935fd9856aa1e0d387ad799b8e1edc47368b08526f1
10,clean,B2,train_000117_clean_YUD312,rsplit=1.600000;wprior=2.000000;gblock=0.050000,YUD312,YUD312,1.0,1.0,0,,0.0,576.535346917808,0.5020787939429283,a647312040f7a0362a571d499f31e5e578dcc83bc8fd6b7286bdbaf5a3c7d393
10,clean,B2,train_001989_clean_TEF369,rsplit=1.600000;wprior=2.000000;gblock=0.050000,TEF369,TEF369,1.0,1.0,0,,0.0,572.2142597660422,0.45575108379125595,007bec87b382db2ac1480cd98f89c11cdc3d8a103b45bb97fe981d6ba166e7cc
10,clean,B2,train_000243_clean_VMH224,rsplit=1.600000;wprior=2.000000;gblock=0.050000,VMH224,VMH224,1.0,1.0,0,,0.0,576.8562443554401,0.4809889942407608,40dea94b38f265a0a597524b0715f14c2a4266363c77d11d753cad3aaaada72a
10,clean,B2,train_003681_clean_ONG174,rsplit=1.600000;wprior=2.000000;gblock=0.050000,ONG174,NG174,0.0,0.8333333333333334,0,,0.027777777777777776,575.7160289213061,0.48052798956632614,0dea1d69996bf3696379968d5f0f90637949a53f87e71769d352c8a8c7e16c6c
10,clean,B2,test_004599_clean_PKS221,rsplit=1.600000;wprior=2.000000;gblock=0.050000,PKS221,P4S221,0.0,0.8333333333333334,0,,0.0,571.3209044188261,0.4793461412191391,cd07d0fe05a973cd1b1e35cc2b2e9f761839a73d28f8f4fc9a09f120c3b3f949
10,clean,B2,train_003879_clean_RYR914,rsplit=1.600000;wprior=2.000000;gblock=0.050000,RYR914,RYR914,1.0,1.0,0,,0.0,583.2424638792872,0.49292203038930893,8729780c55991124bf902c20058100ee4f6dfcaf6080ea4bc9876f58c5e694dd
10,clean,B2,train_000315_clean_LMY160,rsplit=1.600000;wprior=2.000000;gblock=0.050000,LMY160,LMY16,0.0,0.8333333333333334,0,,0.027777777777777776,575.4425507038832,0.47714170068502426,29bd895cc15c194eb02cdc3b904c876b2bcbcc9523ff79bdf4846b6901769fae
10,clean,B2,train_002484_clean_GSO585,rsplit=1.600000;wprior=2.000000;gblock=0.050000,GSO585,GS585,0.0,0.8333333333333334,0,,0.027777777777777776,563.334608450532,0.47896523028612137,6fdc205a887d1d3fc6dda61adaaa2f20e6bb7fb43af2b00e8da90e603ff795d4
10,clean,B2,train_001350_clean_DZH657,rsplit=1.600000;wprior=2.000000;gblock=0.050000,DZH657,DZH657,1.0,1.0,0,,0.0,560.4025581851602,0.4655299708247185,786cf43bef55eb4346965b7b255280c8d7d3f357675dd7d7b1ffa7e45e8b1fa2
10,clean,B2,train_003789_clean_UQQ844,rsplit=1.600000;wprior=2.000000;gblock=0.050000,UQQ844,UQQ844,1.0,1.0,0,,0.0,586.0758470371366,0.46569015830755234,0f8f136eec21b2234aa46a91fbe57e5a8d81d659906538ab08cfb9ec2a7c173f
10,clean,B2,train_000189_clean_BDX897,rsplit=1.600000;wprior=2.000000;gblock=0.050000,BDX897,BDX897,1.0,1.0,0,,0.0,556.3061768189073,0.4570223391056061,878908ae7c3ff35951abdae9f0aba53a58b2427f748cb1068a5296adba33e00d
10,clean,B3,train_002745_clean_ZAM436,rsplit=1.600000;wprior=2.000000;gblock=0.050000,ZAM436,ZAM436,1.0,1.0,0,,0.0,572.1037704497576,0.47480687499046326,99e44e1796cbb182b584f88ff1e300fa75aeaa1c54d7c3aa1e1bab06602ac9ae
10,clean,B3,test_004788_clean_MRN226,rsplit=1.600000;wprior=2.000000;gblock=0.050000,MRN226,MRN226,1.0,1.0,0,,0.0,560.1801788434386,0.4680352285504341,03a13ccdf335979f99752d099fb957898e3fffa3ffab626e06df9a0c3ace6fb5
10,clean,B3,test_004059_clean_QUV842,rsplit=1.600000;wprior=2.000000;gblock=0.050000,QUV842,QUV842,1.0,1.0,0,,0.0,568.3399578556418,0.44130440801382065,ce6a7e0bc1d465cb4a6da23aec3ab6b4b6621bae9da6dde9aa624d6a43701e12
10,clean,B3,test_004644_clean_TNA921,rsplit=1.600000;wprior=2.000000;gblock=0.050000,TNA921,TNA921,1.0,1.0,0,,0.0,602.2198218852282,0.47688186168670654,7d0d2dd35dc485f11bb17935fd9856aa1e0d387ad799b8e1edc47368b08526f1
10,clean,B3,train_000117_clean_YUD312,rsplit=1.600000;wprior=2.000000;gblock=0.050000,YUD312,YUD312,1.0,1.0,0,,0.0,576.535346917808,0.5020787939429283,a647312040f7a0362a571d499f31e5e578dcc83bc8fd6b7286bdbaf5a3c7d393
10,clean,B3,train_001989_clean_TEF369,rsplit=1.600000;wprior=2.000000;gblock=0.050000,TEF369,TEF369,1.0,1.0,0,,0.0,572.2142597660422,0.45575108379125595,007bec87b382db2ac1480cd98f89c11cdc3d8a103b45bb97fe981d6ba166e7cc
10,clean,B3,train_000243_clean_VMH224,rsplit=1.600000;wprior=2.000000;gblock=0.050000,VMH224,VMH224,1.0,1.0,0,,0.0,576.8562443554401,0.4809889942407608,40dea94b38f265a0a597524b0715f14c2a4266363c77d11d753cad3aaaada72a
10,clean,B3,train_003681_clean_ONG174,rsplit=1.600000;wprior=2.000000;gblock=0.050000,ONG174,NG174,0.0,0.8333333333333334,0,,0.027777777777777776,575.7160289213061,0.48052798956632614,0dea1d69996bf3696379968d5f0f90637949a53f87e71769d352c8a8c7e16c6c
10,clean,B3,test_004599_clean_PKS221,rsplit=1.600000;wprior=2.000000;gblock=0.050000,PKS221,P4S221,0.0,0.8333333333333334,0,,0.0,571.3209044188261,0.4793461412191391,cd07d0fe05a973cd1b1e35cc2b2e9f761839a73d28f8f4fc9a09f120c3b3f949
10,clean,B3,train_003879_clean_RYR914,rsplit=1.600000;wprior=2.000000;gblock=0.050000,RYR914,RYR914,1.0,1.0,0,,0.0,583.2424638792872,0.49292203038930893,8729780c55991124bf902c20058100ee4f6dfcaf6080ea4bc9876f58c5e694dd
10,clean,B3,train_000315_clean_LMY160,rsplit=1.600000;wprior=2.000000;gblock=0.050000,LMY160,LMY16,0.0,0.8333333333333334,0,,0.027777777777777776,575.4425507038832,0.47714170068502426,29bd895cc15c194eb02cdc3b904c876b2bcbcc9523ff79bdf4846b6901769fae
10,clean,B3,train_002484_clean_GSO585,rsplit=1.600000;wprior=2.000000;gblock=0.050000,GSO585,GS585,0.0,0.8333333333333334,0,,0.027777777777777776,563.334608450532,0.47896523028612137,6fdc205a887d1d3fc6dda61adaaa2f20e6bb7fb43af2b00e8da90e603ff795d4
10,clean,B3,train_001350_clean_DZH657,rsplit=1.600000;wprior=2.000000;gblock=0.050000,DZH657,DZH657,1.0,1.0,0,,0.0,560.4025581851602,0.4655299708247185,786cf43bef55eb4346965b7b255280c8d7d3f357675dd7d7b1ffa7e45e8b1fa2
10,clean,B3,train_003789_clean_UQQ844,rsplit=1.600000;wprior=2.000000;gblock=0.050000,UQQ844,UQQ844,1.0,1.0,0,,0.0,586.0758470371366,0.46569015830755234,0f8f136eec21b2234aa46a91fbe57e5a8d81d659906538ab08cfb9ec2a7c173f
10,clean,B3,train_000189_clean_BDX897,rsplit=1.600000;wprior=2.000000;gblock=0.050000,BDX897,BDX897,1.0,1.0,0,,0.0,556.3061768189073,0.4570223391056061,878908ae7c3ff35951abdae9f0aba53a58b2427f748cb1068a5296adba33e00d
10,clean,B3-I,train_002745_clean_ZAM436,rsplit=1.600000;wprior=2.000000;gblock=0.050000,ZAM436,ZAM436,1.0,1.0,0,,0.0,572.1037704497576,0.47480687499046326,99e44e1796cbb182b584f88ff1e300fa75aeaa1c54d7c3aa1e1bab06602ac9ae
10,clean,B3-I,test_004788_clean_MRN226,rsplit=1.600000;wprior=2.000000;gblock=0.050000,MRN226,MRN226,1.0,1.0,0,,0.0,560.1801788434386,0.4680352285504341,03a13ccdf335979f99752d099fb957898e3fffa3ffab626e06df9a0c3ace6fb5
10,clean,B3-I,test_004059_clean_QUV842,rsplit=1.600000;wprior=2.000000;gblock=0.050000,QUV842,QUV842,1.0,1.0,0,,0.0,568.3399578556418,0.44130440801382065,ce6a7e0bc1d465cb4a6da23aec3ab6b4b6621bae9da6dde9aa624d6a43701e12
10,clean,B3-I,test_004644_clean_TNA921,rsplit=1.600000;wprior=2.000000;gblock=0.050000,TNA921,TNA921,1.0,1.0,0,,0.0,602.2198218852282,0.47688186168670654,7d0d2dd35dc485f11bb17935fd9856aa1e0d387ad799b8e1edc47368b08526f1
10,clean,B3-I,train_000117_clean_YUD312,rsplit=1.600000;wprior=2.000000;gblock=0.050000,YUD312,YUD312,1.0,1.0,0,,0.0,576.535346917808,0.5020787939429283,a647312040f7a0362a571d499f31e5e578dcc83bc8fd6b7286bdbaf5a3c7d393
10,clean,B3-I,train_001989_clean_TEF369,rsplit=1.600000;wprior=2.000000;gblock=0.050000,TEF369,TEF369,1.0,1.0,0,,0.0,572.2142597660422,0.45575108379125595,007bec87b382db2ac1480cd98f89c11cdc3d8a103b45bb97fe981d6ba166e7cc
10,clean,B3-I,train_000243_clean_VMH224,rsplit=1.600000;wprior=2.000000;gblock=0.050000,VMH224,VMH224,1.0,1.0,0,,0.0,576.8562443554401,0.4809889942407608,40dea94b38f265a0a597524b0715f14c2a4266363c77d11d753cad3aaaada72a
10,clean,B3-I,train_003681_clean_ONG174,rsplit=1.600000;wprior=2.000000;gblock=0.050000,ONG174,NG174,0.0,0.8333333333333334,0,,0.027777777777777776,575.7160289213061,0.48052798956632614,0dea1d69996bf3696379968d5f0f90637949a53f87e71769d352c8a8c7e16c6c
10,clean,B3-I,test_004599_clean_PKS221,rsplit=1.600000;wprior=2.000000;gblock=0.050000,PKS221,P4S221,0.0,0.8333333333333334,0,,0.0,571.3209044188261,0.4793461412191391,cd07d0fe05a973cd1b1e35cc2b2e9f761839a73d28f8f4fc9a09f120c3b3f949
10,clean,B3-I,train_003879_clean_RYR914,rsplit=1.600000;wprior=2.000000;gblock=0.050000,RYR914,RYR914,1.0,1.0,0,,0.0,583.2424638792872,0.49292203038930893,8729780c55991124bf902c20058100ee4f6dfcaf6080ea4bc9876f58c5e694dd
10,clean,B3-I,train_000315_clean_LMY160,rsplit=1.600000;wprior=2.000000;gblock=0.050000,LMY160,LMY16,0.0,0.8333333333333334,0,,0.027777777777777776,575.4425507038832,0.47714170068502426,29bd895cc15c194eb02cdc3b904c876b2bcbcc9523ff79bdf4846b6901769fae
10,clean,B3-I,train_002484_clean_GSO585,rsplit=1.600000;wprior=2.000000;gblock=0.050000,GSO585,GS585,0.0,0.8333333333333334,0,,0.027777777777777776,563.334608450532,0.47896523028612137,6fdc205a887d1d3fc6dda61adaaa2f20e6bb7fb43af2b00e8da90e603ff795d4
10,clean,B3-I,train_001350_clean_DZH657,rsplit=1.600000;wprior=2.000000;gblock=0.050000,DZH657,DZH657,1.0,1.0,0,,0.0,560.4025581851602,0.4655299708247185,786cf43bef55eb4346965b7b255280c8d7d3f357675dd7d7b1ffa7e45e8b1fa2
10,clean,B3-I,train_003789_clean_UQQ844,rsplit=1.600000;wprior=2.000000;gblock=0.050000,UQQ844,UQQ844,1.0,1.0,0,,0.0,586.0758470371366,0.46569015830755234,0f8f136eec21b2234aa46a91fbe57e5a8d81d659906538ab08cfb9ec2a7c173f
10,clean,B3-I,train_000189_clean_BDX897,rsplit=1.600000;wprior=2.000000;gblock=0.050000,BDX897,BDX897,1.0,1.0,0,,0.0,556.3061768189073,0.4570223391056061,878908ae7c3ff35951abdae9f0aba53a58b2427f748cb1068a5296adba33e00d
10,clean,B3-R0,train_002745_clean_ZAM436,rsplit=1.600000;wprior=2.000000;gblock=0.050000,ZAM436,ZAM436,1.0,1.0,0,,0.0,572.1037704497576,0.47480687499046326,99e44e1796cbb182b584f88ff1e300fa75aeaa1c54d7c3aa1e1bab06602ac9ae
10,clean,B3-R0,test_004788_clean_MRN226,rsplit=1.600000;wprior=2.000000;gblock=0.050000,MRN226,MRN226,1.0,1.0,0,,0.0,560.1801788434386,0.4680352285504341,03a13ccdf335979f99752d099fb957898e3fffa3ffab626e06df9a0c3ace6fb5
10,clean,B3-R0,test_004059_clean_QUV842,rsplit=1.600000;wprior=2.000000;gblock=0.050000,QUV842,QUV842,1.0,1.0,0,,0.0,568.3399578556418,0.44130440801382065,ce6a7e0bc1d465cb4a6da23aec3ab6b4b6621bae9da6dde9aa624d6a43701e12
10,clean,B3-R0,test_004644_clean_TNA921,rsplit=1.600000;wprior=2.000000;gblock=0.050000,TNA921,TNA921,1.0,1.0,0,,0.0,602.2198218852282,0.47688186168670654,7d0d2dd35dc485f11bb17935fd9856aa1e0d387ad799b8e1edc47368b08526f1
10,clean,B3-R0,train_000117_clean_YUD312,rsplit=1.600000;wprior=2.000000;gblock=0.050000,YUD312,YUD312,1.0,1.0,0,,0.0,576.535346917808,0.5020787939429283,a647312040f7a0362a571d499f31e5e578dcc83bc8fd6b7286bdbaf5a3c7d393
10,clean,B3-R0,train_001989_clean_TEF369,rsplit=1.600000;wprior=2.000000;gblock=0.050000,TEF369,TEF369,1.0,1.0,0,,0.0,572.2142597660422,0.45575108379125595,007bec87b382db2ac1480cd98f89c11cdc3d8a103b45bb97fe981d6ba166e7cc
10,clean,B3-R0,train_000243_clean_VMH224,rsplit=1.600000;wprior=2.000000;gblock=0.050000,VMH224,VMH224,1.0,1.0,0,,0.0,576.8562443554401,0.4809889942407608,40dea94b38f265a0a597524b0715f14c2a4266363c77d11d753cad3aaaada72a
10,clean,B3-R0,train_003681_clean_ONG174,rsplit=1.600000;wprior=2.000000;gblock=0.050000,ONG174,NG174,0.0,0.8333333333333334,0,,0.027777777777777776,575.7160289213061,0.48052798956632614,0dea1d69996bf3696379968d5f0f90637949a53f87e71769d352c8a8c7e16c6c
10,clean,B3-R0,test_004599_clean_PKS221,rsplit=1.600000;wprior=2.000000;gblock=0.050000,PKS221,P4S221,0.0,0.8333333333333334,0,,0.0,571.3209044188261,0.4793461412191391,cd07d0fe05a973cd1b1e35cc2b2e9f761839a73d28f8f4fc9a09f120c3b3f949
10,clean,B3-R0,train_003879_clean_RYR914,rsplit=1.600000;wprior=2.000000;gblock=0.050000,RYR914,RYR914,1.0,1.0,0,,0.0,583.2424638792872,0.49292203038930893,8729780c55991124bf902c20058100ee4f6dfcaf6080ea4bc9876f58c5e694dd
10,clean,B3-R0,train_000315_clean_LMY160,rsplit=1.600000;wprior=2.000000;gblock=0.050000,LMY160,LMY16,0.0,0.8333333333333334,0,,0.027777777777777776,575.4425507038832,0.47714170068502426,29bd895cc15c194eb02cdc3b904c876b2bcbcc9523ff79bdf4846b6901769fae
10,clean,B3-R0,train_002484_clean_GSO585,rsplit=1.600000;wprior=2.000000;gblock=0.050000,GSO585,GS585,0.0,0.8333333333333334,0,,0.027777777777777776,563.334608450532,0.47896523028612137,6fdc205a887d1d3fc6dda61adaaa2f20e6bb7fb43af2b00e8da90e603ff795d4
10,clean,B3-R0,train_001350_clean_DZH657,rsplit=1.600000;wprior=2.000000;gblock=0.050000,DZH657,DZH657,1.0,1.0,0,,0.0,560.4025581851602,0.4655299708247185,786cf43bef55eb4346965b7b255280c8d7d3f357675dd7d7b1ffa7e45e8b1fa2
10,clean,B3-R0,train_003789_clean_UQQ844,rsplit=1.600000;wprior=2.000000;gblock=0.050000,UQQ844,UQQ844,1.0,1.0,0,,0.0,586.0758470371366,0.46569015830755234,0f8f136eec21b2234aa46a91fbe57e5a8d81d659906538ab08cfb9ec2a7c173f
10,clean,B3-R0,train_000189_clean_BDX897,rsplit=1.600000;wprior=2.000000;gblock=0.050000,BDX897,BDX897,1.0,1.0,0,,0.0,556.3061768189073,0.4570223391056061,878908ae7c3ff35951abdae9f0aba53a58b2427f748cb1068a5296adba33e00d
11,touch,B0,train_001200_touch_KVA912,rsplit=1.600000;wprior=2.000000;gblock=0.050000,KVA912,KA912,0.0,0.8333333333333334,1,,0.10185185185185186,547.4407933652401,16.665727831423283,b5c41252e957325215da45951cb1dcd13d96778875ead346a2824b3c3342c3be
11,touch,B0,train_000084_touch_OMU173,rsplit=1.600000;wprior=2.000000;gblock=0.050000,OMU173,0U173,0.0,0.6666666666666667,0,,0.027777777777777776,696.0726007819176,0.48037804663181305,9b9e83311e21d11ecb000d729ed11c2dccaa5a83bb57a17334b02e4cceb5581c
11,touch,B0,train_002244_touch_LUK282,rsplit=1.600000;wprior=2.000000;gblock=0.050000,LUK282,LK2,0.0,0.5,3,,0.16666666666666666,301.40246078372,0.38936547935009,01ca2031baabc4d8d92000651c0a90fcf6cebe4bb88059b34311ebb6914e9bce
11,touch,B0,train_001317_touch_ZYM334,rsplit=1.600000;wprior=2.000000;gblock=0.050000,ZYM334,ZYM334,1.0,1.0,0,,0.0,678.5200759768486,0.49848202615976334,48489549be732c4f06b32c9ef6d93c8465e4bbd6c1e96fdb157b7b85bc0ae4e9
11,touch,B0,train_000543_touch_SVL915,rsplit=1.600000;wprior=2.000000;gblock=0.050000,SVL915,S91,0.0,0.5,3,,0.16666666666666666,321.9635784626007,23.81827589124441,bbad77e972267930671f0148664081d6959c5e73ca1f0eeb4fdb2162e0b37f6a
11,touch,B0,train_003936_touch_CMQ158,rsplit=1.600000;wprior=2.000000;gblock=0.050000,CMQ158,CMQ158,1.0,1.0,0,,0.0,692.8150355815887,0.622517429292202,982673a37f1912d01c9fbaad67501a4120adf810b79dcb78a469aa5eed4194db
11,touch,B0,test_004350_touch_ZGL471,rsplit=1.600000;wprior=2.000000;gblock=0.050000,ZGL471,ZGL471,1.0,1.0,0,,0.0,653.7725450471044,0.6277058273553848,81ff3a023daf91880815a8165bc5dd214314e949ea8ef6b70f9b321041d5c022
11,touch,B0,train_002163_touch_VKF561,rsplit=1.600000;wprior=2.000000;gblock=0.050000,VKF561,VKF561,1.0,1.0,0,,0.0,719.7233699262142,0.47205202281475067,4f2bea2a072561db528e5d361b6de66da8b972da310a51fd769c39639591de98
11,touch,B0,train_003315_touch_AVC559,rsplit=1.600000;wprior=2.000000;gblock=0.050000,AVC559,AVC559,1.0,1.0,0,,0.07104604604604604,800.106281414628,0.47293398529291153,d80be3b9db6f0522d254a6f24663b306214d1cd47d5b3c609eb5a361a63f2d70
11,touch,B0,train_000687_touch_RFE239,rsplit=1.600000;wprior=2.000000;gblock=0.050000,RFE239,RFE239,1.0,1.0,0,,0.0,722.6748587563634,0.480026938021183,57f5f94e3cbf33c551135c0198ee0a093ef3ec26b9f4b2ed8a5011168c7781c8
11,touch,B0,train_003756_touch_DYC322,rsplit=1.600000;wprior=2.000000;gblock=0.050000,DYC322,DYC322,1.0,1.0,0,,0.038396990740740745,624.087231233716,0.427737832069397,2010bb3f798167d0280b87c61e01a6d06493d4441435e422daf6ba54861ce3fa
11,touch,B0,train_003459_touch_UKG218,rsplit=1.600000;wprior=2.000000;gblock=0.050000,UKG218,UKG218,1.0,1.0,0,,0.0,571.653712540865,0.4552500322461128,88530140538bdb6c9675615fbf03b48a1f6f4225e411dc7e36b5d26eb79d858f
11,touch,B0,train_000597_touch_ECT152,rsplit=1.600000;wprior=2.000000;gblock=0.050000,ECT152,ECT152,1.0,1.0,0,,0.0,568.636691197753,0.46861544251441956,3fd51d35d62d85e57fa06a8b2b116e453fb417d23eaac83c743f51448bae0e95
11,touch,B0,train_000300_touch_OSC962,rsplit=1.600000;wprior=2.000000;gblock=0.050000,OSC962,OC962,0.0,0.8333333333333334,1,,0.05555555555555555,489.98806718736887,14.924385584890842,238b36a01dec60ab913fd91f754f13e89eebfcd1f798316fb0125fcfc324e043
11,touch,B0,train_002991_touch_YVL084,rsplit=1.600000;wprior=2.000000;gblock=0.050000,YVL084,YL084,0.0,0.8333333333333334,0,,0.027777777777777776,550.6163444370031,0.48477575182914734,e04229babba7186b5b795b545e0679c634ebcfd56b774658233591af219ba8db
11,touch,B1,train_001200_touch_KVA912,rsplit=1.200000;wprior=2.000000;gblock=0.000000,KVA912,KA912,0.0,0.8333333333333334,1,,0.083994708994709,903.4418622031808,70.22897992283106,87202388c0f5a91664f396066e41764ee4e046fbf8c4731c4dd40c30ba3d4efd
11,touch,B1,train_000084_touch_OMU173,rsplit=1.200000;wprior=2.000000;gblock=0.000000,OMU173,0U173,0.0,0.6666666666666667,0,,0.027777777777777776,679.1292885318398,90.44849406927824,ad45694717787d4b71d3db926e9a3f5af3d43413c17de2967a74cf68ade4d7a6
11,touch,B1,train_002244_touch_LUK282,rsplit=1.200000;wprior=2.000000;gblock=0.000000,LUK282,IUK28,0.0,0.6666666666666667,1,,0.05555555555555555,590.7186139374971,62.61206325143576,8dcdd7713c0918edf2e8e4fb0670fdf7926b07b89655a0ba75b0c3f183892038
11,touch,B1,train_001317_touch_ZYM334,rsplit=1.200000;wprior=2.000000;gblock=0.000000,ZYM334,ZYM334,1.0,1.0,0,,0.0,604.2398493736982,18.424740992486477,bf671614a5a397234b50a3442e78e99d9930ece427d5dea76e0f4ce1a5ec4183
11,touch,B1,train_000543_touch_SVL915,rsplit=1.200000;wprior=2.000000;gblock=0.000000,SVL915,S91,0.0,0.5,3,,0.16666666666666666,344.4776078686118,53.60277649015188,9db3e541243ec6fa6569bd7c74138e02378bb2ee71c0326d6e55c6d5d331b111
11,touch,B1,train_003936_touch_CMQ158,rsplit=1.200000;wprior=2.000000;gblock=0.000000,CMQ158,CMQ158,1.0,1.0,0,,0.0,924.0558091551065,139.29069321602583,f47549687d9b05eae167a1288c1e3b1f21edced894024dd68d765168de012af8
11,touch,B1,test_004350_touch_ZGL471,rsplit=1.200000;wprior=2.000000;gblock=0.000000,ZGL471,ZGL471,1.0,1.0,0,,0.0,592.9434206336737,0.5983710289001465,efb9f513563d9b3b95c9aa111cfd9fdb1ace9e03268f57b53a2cc79922da38a9
11,touch,B1,train_002163_touch_VKF561,rsplit=1.200000;wprior=2.000000;gblock=0.000000,VKF561,VKF561,1.0,1.0,0,,0.0,756.6149132326245,39.324501529335976,82bea9466d6587d1f4a7dc7a6d49af46a07ccf7f0a01c1142c320ffd1987ca80
11,touch,B1,train_003315_touch_AVC559,rsplit=1.200000;wprior=2.000000;gblock=0.000000,AVC559,A4QVC559,0.0,0.75,2,,0.1349206349206349,961.0551884397864,48.75905346125364,e0dd44a500c00d8890d3ddf3d7009e4c5853997e72321e47bc61160d194cad7f
11,touch,B1,train_000687_touch_RFE239,rsplit=1.200000;wprior=2.000000;gblock=0.000000,RFE239,RFE239,1.0,1.0,0,,0.0,690.8273948356509,11.492038145661354,ca3663433c780fa177b8d62b9cec35064025559f0a0d1d4c7d6ab44c2ca335a5
11,touch,B1,train_003756_touch_DYC322,rsplit=1.200000;wprior=2.000000;gblock=0.000000,DYC322,DJYC322,0.0,0.8571428571428572,2,,0.109375,849.4722107425332,37.23841905593872,afdca580032370fb6a9afac470974ba82fa7a18c847f1a9ee1351786b8b3e726
11,touch,B1,train_003459_touch_UKG218,rsplit=1.200000;wprior=2.000000;gblock=0.000000,UKG218,UKG218,1.0,1.0,0,,0.0,699.9418148770928,0.461542047560215,1f008166b2cf422a6b4d33053fe82ddedf7309aae2759d104f1f93e38b7a75d6
11,touch,B1,train_000597_touch_ECT152,rsplit=1.200000;wprior=2.000000;gblock=0.000000,ECT152,ECT152,1.0,1.0,0,,0.0,644.1358020529151,14.033542945981026,6d59de061c0115e5d010392be24c6ebba23e9cf2d9394def5a3284d56f2bb35a
11,touch,B1,train_000300_touch_OSC962,rsplit=1.200000;wprior=2.000000;gblock=0.000000,OSC962,CSC962,0.0,0.8333333333333334,0,,0.0,608.7906118482351,14.72762506455183,63de56615b998f821dcfdb3dde1b02a4adfb49d40e3297a89b54ecd07e9cf278
11,touch,B1,train_002991_touch_YVL084,rsplit=1.200000;wprior=2.000000;gblock=0.000000,YVL084,YL084,0.0,0.8333333333333334,0,,0.027777777777777776,566.9039571657777,12.488261796534061,a1c3e733baf34f9e48c99e9cbd4f71a96eef1ea041a4e29158cbcf1840a80760
11,touch,B2,train_001200_touch_KVA912,rsplit=1.226774;wprior=2.000000;gblock=0.003347,KVA912,KA912,0.0,0.8333333333333334,1,,0.10185185185185186,621.9341699033976,61.168636195361614,38ff2639cde953b90f0963f838a7004b4387ac491a604f4fccc1fdacf917e186
11,touch,B2,train_000084_touch_OMU173,rsplit=1.226774;wprior=2.000000;gblock=0.003347,OMU173,0U173,0.0,0.6666666666666667,0,,0.027777777777777776,785.3375989943743,94.39313039183617,3dce8a78e29bece8055bcc8babbad33cd89e89d579f4490e340c9fb6cc4c6b58
11,touch,B2,train_002244_touch_LUK282,rsplit=1.226774;wprior=2.000000;gblock=0.003347,LUK282,LK2,0.0,0.5,3,,0.16666666666666666,347.13997039943933,60.361129231750965,826195e0951b11c2354f8dda7601521b031e5dfb0c68fcf93130eddb899f68be
11,touch,B2,train_001317_touch_ZYM334,rsplit=1.226774;wprior=2.000000;gblock=0.003347,ZYM334,ZYM334,1.0,1.0,0,,0.0,613.9625273644924,17.959432676434517,e4932291a0e3d34231508dbc08947b470f42ea495387042473364cbbdb984660
11,touch,B2,train_000543_touch_SVL915,rsplit=1.226774;wprior=2.000000;gblock=0.003347,SVL915,S91,0.0,0.5,3,,0.16666666666666666,344.08715181052685,54.46507688611746,fcebc8c0c9d9706be8660ed4e5db028da258e0ca014b4251650ab9d1d693fac3
11,touch,B2,train_003936_touch_CMQ158,rsplit=1.226774;wprior=2.000000;gblock=0.003347,CMQ158,CMQ158,1.0,1.0,0,,0.0,949.5620261877775,87.3116459697485,728bf98042b21afa1fec3c8601d9798e5b2196adac249b0ac62cfa0dedcda39f
11,touch,B2,test_004350_touch_ZGL471,rsplit=1.226774;wprior=2.000000;gblock=0.003347,ZGL471,ZGL471,1.0,1.0,0,,0.0,612.7592623233795,0.5145417526364326,bdb77428fe1da23631059002d128b4abf2af310cae6030b072271138ce62b155
11,touch,B2,train_002163_touch_VKF561,rsplit=1.226774;wprior=2.000000;gblock=0.003347,VKF561,VKF561,1.0,1.0,0,,0.0,774.6685640886426,32.016489654779434,80581b614474f920727813c5ae06fdfdb0375ebca736a0ddef822054cc8f19bf
11,touch,B2,train_003315_touch_AVC559,rsplit=1.226774;wprior=2.000000;gblock=0.003347,AVC559,AVC559,1.0,1.0,0,,0.03771271271271271,768.1789379566908,40.67361168563366,acbb9f29ed5e360108fad9fe5b753b9462a0e607fc331c0ae612eab82d6acf07
11,touch,B2,train_000687_touch_RFE239,rsplit=1.226774;wprior=2.000000;gblock=0.003347,RFE239,RFE239,1.0,1.0,0,,0.0,781.934404745698,0.3968598321080208,b1005ef830ff072072412d0ef60556f9b47cdaea6f9323531cbf32b896a07313
11,touch,B2,train_003756_touch_DYC322,rsplit=1.226774;wprior=2.000000;gblock=0.003347,DYC322,DYC322,1.0,1.0,0,,0.038396990740740745,678.4915747120976,87.37919386476278,d74d5d0ff9b0e780a31c105e458561e19ba2f394787596af5c4b09e70466a096
11,touch,B2,train_003459_touch_UKG218,rsplit=1.226774;wprior=2.000000;gblock=0.003347,UKG218,UKG218,1.0,1.0,0,,0.0,642.5655242055655,0.4780534654855728,98d6c7dc8e4d96670871cbbc739b4288b8924f33d711a4c3a8ab219750b19675
11,touch,B2,train_000597_touch_ECT152,rsplit=1.226774;wprior=2.000000;gblock=0.003347,ECT152,ECT152,1.0,1.0,0,,0.0,607.3589734733105,0.48977602273225784,26c0d8dcd2a3eb6050587c602032fa81598a3eaa1506cab3fe487a92fcbbcd6a
11,touch,B2,train_000300_touch_OSC962,rsplit=1.226774;wprior=2.000000;gblock=0.003347,OSC962,OC962,0.0,0.8333333333333334,1,,0.05555555555555555,525.4812492057681,12.455319985747337,f5f162dbba6acf6fd3a789933a03f92c08136d4e47fbd98b657ac4f28b553167
11,touch,B2,train_002991_touch_YVL084,rsplit=1.226774;wprior=2.000000;gblock=0.003347,YVL084,YL084,0.0,0.8333333333333334,0,,0.027777777777777776,546.5305307880044,0.4718620330095291,4651bb0033b9747244a12796be377f7050f5eba8c52c45a8aa541751ff3b8960
11,touch,B3,train_001200_touch_KVA912,rsplit=1.226774;wprior=2.000000;gblock=0.003347,KVA912,KA912,0.0,0.8333333333333334,1,,0.10185185185185186,621.9341699033976,61.168636195361614,38ff2639cde953b90f0963f838a7004b4387ac491a604f4fccc1fdacf917e186
11,touch,B3,train_000084_touch_OMU173,rsplit=1.226774;wprior=2.000000;gblock=0.003347,OMU173,0U173,0.0,0.6666666666666667,0,,0.027777777777777776,785.3375989943743,94.39313039183617,3dce8a78e29bece8055bcc8babbad33cd89e89d579f4490e340c9fb6cc4c6b58
11,touch,B3,train_002244_touch_LUK282,rsplit=1.226774;wprior=2.000000;gblock=0.003347,LUK282,LK2,0.0,0.5,3,,0.16666666666666666,347.13997039943933,60.361129231750965,826195e0951b11c2354f8dda7601521b031e5dfb0c68fcf93130eddb899f68be
11,touch,B3,train_001317_touch_ZYM334,rsplit=1.226774;wprior=2.000000;gblock=0.003347,ZYM334,ZYM334,1.0,1.0,0,,0.0,613.9625273644924,17.959432676434517,e4932291a0e3d34231508dbc08947b470f42ea495387042473364cbbdb984660
11,touch,B3,train_000543_touch_SVL915,rsplit=1.226774;wprior=2.000000;gblock=0.003347,SVL915,S91,0.0,0.5,3,,0.16666666666666666,344.08715181052685,54.46507688611746,fcebc8c0c9d9706be8660ed4e5db028da258e0ca014b4251650ab9d1d693fac3
11,touch,B3,train_003936_touch_CMQ158,rsplit=1.226774;wprior=2.000000;gblock=0.003347,CMQ158,CMQ158,1.0,1.0,0,,0.0,949.5620261877775,87.3116459697485,728bf98042b21afa1fec3c8601d9798e5b2196adac249b0ac62cfa0dedcda39f
11,touch,B3,test_004350_touch_ZGL471,rsplit=1.226774;wprior=2.000000;gblock=0.003347,ZGL471,ZGL471,1.0,1.0,0,,0.0,612.7592623233795,0.5145417526364326,bdb77428fe1da23631059002d128b4abf2af310cae6030b072271138ce62b155
11,touch,B3,train_002163_touch_VKF561,rsplit=1.226774;wprior=2.000000;gblock=0.003347,VKF561,VKF561,1.0,1.0,0,,0.0,774.6685640886426,32.016489654779434,80581b614474f920727813c5ae06fdfdb0375ebca736a0ddef822054cc8f19bf
11,touch,B3,train_003315_touch_AVC559,rsplit=1.226774;wprior=2.000000;gblock=0.003347,AVC559,AVC559,1.0,1.0,0,,0.03771271271271271,768.1789379566908,40.67361168563366,acbb9f29ed5e360108fad9fe5b753b9462a0e607fc331c0ae612eab82d6acf07
11,touch,B3,train_000687_touch_RFE239,rsplit=1.226774;wprior=2.000000;gblock=0.003347,RFE239,RFE239,1.0,1.0,0,,0.0,781.934404745698,0.3968598321080208,b1005ef830ff072072412d0ef60556f9b47cdaea6f9323531cbf32b896a07313
11,touch,B3,train_003756_touch_DYC322,rsplit=1.226774;wprior=2.000000;gblock=0.003347,DYC322,DYC322,1.0,1.0,0,,0.038396990740740745,678.4915747120976,87.37919386476278,d74d5d0ff9b0e780a31c105e458561e19ba2f394787596af5c4b09e70466a096
11,touch,B3,train_003459_touch_UKG218,rsplit=1.226774;wprior=2.000000;gblock=0.003347,UKG218,UKG218,1.0,1.0,0,,0.0,642.5655242055655,0.4780534654855728,98d6c7dc8e4d96670871cbbc739b4288b8924f33d711a4c3a8ab219750b19675
11,touch,B3,train_000597_touch_ECT152,rsplit=1.226774;wprior=2.000000;gblock=0.003347,ECT152,ECT152,1.0,1.0,0,,0.0,607.3589734733105,0.48977602273225784,26c0d8dcd2a3eb6050587c602032fa81598a3eaa1506cab3fe487a92fcbbcd6a
11,touch,B3,train_000300_touch_OSC962,rsplit=1.226774;wprior=2.000000;gblock=0.003347,OSC962,OC962,0.0,0.8333333333333334,1,,0.05555555555555555,525.4812492057681,12.455319985747337,f5f162dbba6acf6fd3a789933a03f92c08136d4e47fbd98b657ac4f28b553167
11,touch,B3,train_002991_touch_YVL084,rsplit=1.226774;wprior=2.000000;gblock=0.003347,YVL084,YL084,0.0,0.8333333333333334,0,,0.027777777777777776,546.5305307880044,0.4718620330095291,4651bb0033b9747244a12796be377f7050f5eba8c52c45a8aa541751ff3b8960
11,touch,B3-I,train_001200_touch_KVA912,rsplit=1.200000;wprior=2.000000;gblock=0.000000,KVA912,KA912,0.0,0.8333333333333334,1,,0.083994708994709,903.4418622031808,70.22897992283106,87202388c0f5a91664f396066e41764ee4e046fbf8c4731c4dd40c30ba3d4efd
11,touch,B3-I,train_000084_touch_OMU173,rsplit=1.200000;wprior=2.000000;gblock=0.000000,OMU173,0U173,0.0,0.6666666666666667,0,,0.027777777777777776,679.1292885318398,90.44849406927824,ad45694717787d4b71d3db926e9a3f5af3d43413c17de2967a74cf68ade4d7a6
11,touch,B3-I,train_002244_touch_LUK282,rsplit=1.200000;wprior=2.000000;gblock=0.000000,LUK282,IUK28,0.0,0.6666666666666667,1,,0.05555555555555555,590.7186139374971,62.61206325143576,8dcdd7713c0918edf2e8e4fb0670fdf7926b07b89655a0ba75b0c3f183892038
11,touch,B3-I,train_001317_touch_ZYM334,rsplit=1.200000;wprior=2.000000;gblock=0.000000,ZYM334,ZYM334,1.0,1.0,0,,0.0,604.2398493736982,18.424740992486477,bf671614a5a397234b50a3442e78e99d9930ece427d5dea76e0f4ce1a5ec4183
11,touch,B3-I,train_000543_touch_SVL915,rsplit=1.200000;wprior=2.000000;gblock=0.000000,SVL915,S91,0.0,0.5,3,,0.16666666666666666,344.4776078686118,53.60277649015188,9db3e541243ec6fa6569bd7c74138e02378bb2ee71c0326d6e55c6d5d331b111
11,touch,B3-I,train_003936_touch_CMQ158,rsplit=1.200000;wprior=2.000000;gblock=0.000000,CMQ158,CMQ158,1.0,1.0,0,,0.0,924.0558091551065,139.29069321602583,f47549687d9b05eae167a1288c1e3b1f21edced894024dd68d765168de012af8
11,touch,B3-I,test_004350_touch_ZGL471,rsplit=1.200000;wprior=2.000000;gblock=0.000000,ZGL471,ZGL471,1.0,1.0,0,,0.0,592.9434206336737,0.5983710289001465,efb9f513563d9b3b95c9aa111cfd9fdb1ace9e03268f57b53a2cc79922da38a9
11,touch,B3-I,train_002163_touch_VKF561,rsplit=1.200000;wprior=2.000000;gblock=0.000000,VKF561,VKF561,1.0,1.0,0,,0.0,756.6149132326245,39.324501529335976,82bea9466d6587d1f4a7dc7a6d49af46a07ccf7f0a01c1142c320ffd1987ca80
11,touch,B3-I,train_003315_touch_AVC559,rsplit=1.200000;wprior=2.000000;gblock=0.000000,AVC559,A4QVC559,0.0,0.75,2,,0.1349206349206349,961.0551884397864,48.75905346125364,e0dd44a500c00d8890d3ddf3d7009e4c5853997e72321e47bc61160d194cad7f
11,touch,B3-I,train_000687_touch_RFE239,rsplit=1.200000;wprior=2.000000;gblock=0.000000,RFE239,RFE239,1.0,1.0,0,,0.0,690.8273948356509,11.492038145661354,ca3663433c780fa177b8d62b9cec35064025559f0a0d1d4c7d6ab44c2ca335a5
11,touch,B3-I,train_003756_touch_DYC322,rsplit=1.200000;wprior=2.000000;gblock=0.000000,DYC322,DJYC322,0.0,0.8571428571428572,2,,0.109375,849.4722107425332,37.23841905593872,afdca580032370fb6a9afac470974ba82fa7a18c847f1a9ee1351786b8b3e726
11,touch,B3-I,train_003459_touch_UKG218,rsplit=1.200000;wprior=2.000000;gblock=0.000000,UKG218,UKG218,1.0,1.0,0,,0.0,699.9418148770928,0.461542047560215,1f008166b2cf422a6b4d33053fe82ddedf7309aae2759d104f1f93e38b7a75d6
11,touch,B3-I,train_000597_touch_ECT152,rsplit=1.200000;wprior=2.000000;gblock=0.000000,ECT152,ECT152,1.0,1.0,0,,0.0,644.1358020529151,14.033542945981026,6d59de061c0115e5d010392be24c6ebba23e9cf2d9394def5a3284d56f2bb35a
11,touch,B3-I,train_000300_touch_OSC962,rsplit=1.200000;wprior=2.000000;gblock=0.000000,OSC962,CSC962,0.0,0.8333333333333334,0,,0.0,608.7906118482351,14.72762506455183,63de56615b998f821dcfdb3dde1b02a4adfb49d40e3297a89b54ecd07e9cf278
11,touch,B3-I,train_002991_touch_YVL084,rsplit=1.200000;wprior=2.000000;gblock=0.000000,YVL084,YL084,0.0,0.8333333333333334,0,,0.027777777777777776,566.9039571657777,12.488261796534061,a1c3e733baf34f9e48c99e9cbd4f71a96eef1ea041a4e29158cbcf1840a80760
11,touch,B3-R0,train_001200_touch_KVA912,rsplit=1.226774;wprior=2.000000;gblock=0.003347,KVA912,KA912,0.0,0.8333333333333334,1,,0.10185185185185186,621.9341699033976,61.168636195361614,38ff2639cde953b90f0963f838a7004b4387ac491a604f4fccc1fdacf917e186
11,touch,B3-R0,train_000084_touch_OMU173,rsplit=1.226774;wprior=2.000000;gblock=0.003347,OMU173,0U173,0.0,0.6666666666666667,0,,0.027777777777777776,785.3375989943743,94.39313039183617,3dce8a78e29bece8055bcc8babbad33cd89e89d579f4490e340c9fb6cc4c6b58
11,touch,B3-R0,train_002244_touch_LUK282,rsplit=1.226774;wprior=2.000000;gblock=0.003347,LUK282,LK2,0.0,0.5,3,,0.16666666666666666,347.13997039943933,60.361129231750965,826195e0951b11c2354f8dda7601521b031e5dfb0c68fcf93130eddb899f68be
11,touch,B3-R0,train_001317_touch_ZYM334,rsplit=1.226774;wprior=2.000000;gblock=0.003347,ZYM334,ZYM334,1.0,1.0,0,,0.0,613.9625273644924,17.959432676434517,e4932291a0e3d34231508dbc08947b470f42ea495387042473364cbbdb984660
11,touch,B3-R0,train_000543_touch_SVL915,rsplit=1.226774;wprior=2.000000;gblock=0.003347,SVL915,S91,0.0,0.5,3,,0.16666666666666666,344.08715181052685,54.46507688611746,fcebc8c0c9d9706be8660ed4e5db028da258e0ca014b4251650ab9d1d693fac3
11,touch,B3-R0,train_003936_touch_CMQ158,rsplit=1.226774;wprior=2.000000;gblock=0.003347,CMQ158,CMQ158,1.0,1.0,0,,0.0,949.5620261877775,87.3116459697485,728bf98042b21afa1fec3c8601d9798e5b2196adac249b0ac62cfa0dedcda39f
11,touch,B3-R0,test_004350_touch_ZGL471,rsplit=1.226774;wprior=2.000000;gblock=0.003347,ZGL471,ZGL471,1.0,1.0,0,,0.0,612.7592623233795,0.5145417526364326,bdb77428fe1da23631059002d128b4abf2af310cae6030b072271138ce62b155
11,touch,B3-R0,train_002163_touch_VKF561,rsplit=1.226774;wprior=2.000000;gblock=0.003347,VKF561,VKF561,1.0,1.0,0,,0.0,774.6685640886426,32.016489654779434,80581b614474f920727813c5ae06fdfdb0375ebca736a0ddef822054cc8f19bf
11,touch,B3-R0,train_003315_touch_AVC559,rsplit=1.226774;wprior=2.000000;gblock=0.003347,AVC559,AVC559,1.0,1.0,0,,0.03771271271271271,768.1789379566908,40.67361168563366,acbb9f29ed5e360108fad9fe5b753b9462a0e607fc331c0ae612eab82d6acf07
11,touch,B3-R0,train_000687_touch_RFE239,rsplit=1.226774;wprior=2.000000;gblock=0.003347,RFE239,RFE239,1.0,1.0,0,,0.0,781.934404745698,0.3968598321080208,b1005ef830ff072072412d0ef60556f9b47cdaea6f9323531cbf32b896a07313
11,touch,B3-R0,train_003756_touch_DYC322,rsplit=1.226774;wprior=2.000000;gblock=0.003347,DYC322,DYC322,1.0,1.0,0,,0.038396990740740745,678.4915747120976,87.37919386476278,d74d5d0ff9b0e780a31c105e458561e19ba2f394787596af5c4b09e70466a096
11,touch,B3-R0,train_003459_touch_UKG218,rsplit=1.226774;wprior=2.000000;gblock=0.003347,UKG218,UKG218,1.0,1.0,0,,0.0,642.5655242055655,0.4780534654855728,98d6c7dc8e4d96670871cbbc739b4288b8924f33d711a4c3a8ab219750b19675
11,touch,B3-R0,train_000597_touch_ECT152,rsplit=1.226774;wprior=2.000000;gblock=0.003347,ECT152,ECT152,1.0,1.0,0,,0.0,607.3589734733105,0.48977602273225784,26c0d8dcd2a3eb6050587c602032fa81598a3eaa1506cab3fe487a92fcbbcd6a
11,touch,B3-R0,train_000300_touch_OSC962,rsplit=1.226774;wprior=2.000000;gblock=0.003347,OSC962,OC962,0.0,0.8333333333333334,1,,0.05555555555555555,525.4812492057681,12.455319985747337,f5f162dbba6acf6fd3a789933a03f92c08136d4e47fbd98b657ac4f28b553167
11,touch,B3-R0,train_002991_touch_YVL084,rsplit=1.226774;wprior=2.000000;gblock=0.003347,YVL084,YL084,0.0,0.8333333333333334,0,,0.027777777777777776,546.5305307880044,0.4718620330095291,4651bb0033b9747244a12796be377f7050f5eba8c52c45a8aa541751ff3b8960
12,clean,B0,train_000531_clean_HLS547,rsplit=1.600000;wprior=2.000000;gblock=0.050000,HLS547,HLS547,1.0,1.0,0,,0.0,586.9060717523098,0.45563187450170517,d4c373eefc0603eacb6915724e2c77ff4fa58b07f60ec7d78d87ceb2956a24ab
12,clean,B0,train_003708_clean_JXS349,rsplit=1.600000;wprior=2.000000;gblock=0.050000,JXS349,JXS349,1.0,1.0,0,,0.0,559.553355909884,0.464598648250103,748c46560d51533bf1a44e2ef3a5297f4c86389716d7af7e394af90f3ed165cd
12,clean,B0,train_002835_clean_NSE987,rsplit=1.600000;wprior=2.000000;gblock=0.050000,NSE987,NSE987,1.0,1.0,0,,0.0,587.0186751708388,0.4752893000841141,1e24a6d04d6fe96b73b82cf95372fd979a9b3ec30aeefb2d649f4355ad4f92f2
12,clean,B0,train_003465_clean_XJK859,rsplit=1.600000;wprior=2.000000;gblock=0.050000,XJK859,4JK859,0.0,0.8333333333333334,0,,0.0,543.5133511200547,0.46313460916280746,0c4c064531b5b0beba0c62613f5742e5a48ff06a5e912992ba40c3e972a6a2be
12,clean,B0,train_001404_clean_PGQ211,rsplit=1.600000;wprior=2.000000;gblock=0.050000,PGQ211,DGQ211,0.0,0.8333333333333334,0,,0.0,602.9789261519909,0.4717418923974037,85816b816c980f0b7e002ef4b9898f42dffb076a82c0d3766d6f474f6256830a
12,clean,B0,test_004590_clean_KBU797,rsplit=1.600000;wprior=2.000000;gblock=0.050000,KBU797,KBU797,1.0,1.0,0,,0.0,555.2051672711968,0.46610087156295776,afcf90afd30e413de200c465e47f0be5e32587ff7d9ecebba3ed50c70eacf812
12,clean,B0,train_001917_clean_ATX939,rsplit=1.600000;wprior=2.000000;gblock=0.050000,ATX939,AT4939,0.0,0.8333333333333334,0,,0.0,566.2736566737294,0.48906542360782623,604b764c4a022781c513afd53cfe39aaab966c74bb61e9303a05ac0e267c139c
12,clean,B0,train_003654_clean_UFD418,rsplit=1.600000;wprior=2.000000;gblock=0.050000,UFD418,UFD418,1.0,1.0,0,,0.0,599.9015914276242,0.4755184054374695,5123bffa6f47cdc92bf707bb598bb1e74c369b6d222337307e5958ccd3f43338
12,clean,B0,train_002349_clean_KWG699,rsplit=1.600000;wprior=2.000000;gblock=0.050000,KWG699,4WG6,0.0,0.5,0,,0.05555555555555555,627.9862802475691,24.936980567872524,643c483d1999471838f1418bbaf742ee62c53a44f7e3d318b8df26b8f7fdae56
12,clean,B0,train_000765_clean_ESY695,rsplit=1.600000;wprior=2.000000;gblock=0.050000,ESY695,ESY695,1.0,1.0,0,,0.0,585.5971248820424,0.48794224858283997,85eaa6f184d8a5879d682644817a82e4b0f70e25f642dafbb72ff00b49536954
12,clean,B0,test_004842_clean_ZJD077,rsplit=1.600000;wprior=2.000000;gblock=0.050000,ZJD077,ZJD077,1.0,1.0,0,,0.0,555.3938718512654,0.4294915124773979,ecd3a5ee852bb22beafcde5c9fab744416e14a5c882fc32a865107a11610080b
12,clean,B0,train_003663_clean_RJE503,rsplit=1.600000;wprior=2.000000;gblock=0.050000,RJE503,RJE503,1.0,1.0,0,,0.0,580.3980706259608,0.4727337509393692,75ff083085a79fd4463a0d7e01d57771c8dbc65163ea46e13b30fd19bb0761c3
12,clean,B0,train_000621_clean_NRR827,rsplit=1.600000;wprior=2.000000;gblock=0.050000,NRR827,N827,0.0,0.6666666666666667,0,,0.05555555555555555,554.3721038848162,0.4817405715584755,9efd1e275c8fc2dca71153cbf5037209e747298f5bd9d266b3080161239ac02b
12,clean,B0,train_003258_clean_AGY638,rsplit=1.600000;wprior=2.000000;gblock=0.050000,AGY638,AGY638,1.0,1.0,0,,0.0,541.9664066284895,0.4723621532320976,c22a95ba8dccadc812ffdd1b8bf7b74c23f951cba52fc5732fcf6d42bb5dbfc8
12,clean,B0,train_003573_clean_VPN500,rsplit=1.600000;wprior=2.000000;gblock=0.050000,VPN500,VDN500,0.0,0.8333333333333334,0,,0.0,553.2864732667804,0.4871813580393791,1649e8dc99365552a0d8626eb077ad5bc2daea620b3f27bc059cd51c208c4d40
12,clean,B1,train_000531_clean_HLS547,rsplit=1.200000;wprior=2.000000;gblock=0.000000,HLS547,HLS547,1.0,1.0,0,,0.0,562.0432822033763,0.49410387873649597,97a994894da44bbefb335363bd0b563046a6e1761ab10fc34bad7aabf8981614
12,clean,B1,train_003708_clean_JXS349,rsplit=1.200000;wprior=2.000000;gblock=0.000000,JXS349,JXS349,1.0,1.0,0,,0.0,571.8567566946149,0.48955436795949936,221dd6f440da1f12a97e24b5f7346f2460a2ba5f40bfae9a012aeffd8a8ebedd
12,clean,B1,train_002835_clean_NSE987,rsplit=1.200000;wprior=2.000000;gblock=0.000000,NSE987,NSE987,1.0,1.0,0,,0.0,576.7215630039573,0.5335276946425438,6c5057f50b73060afd64a2cf93bf19217cf424dbc0fa5912e14cf458b3c83e1b
12,clean,B1,train_003465_clean_XJK859,rsplit=1.200000;wprior=2.000000;gblock=0.000000,XJK859,4JK859,0.0,0.8333333333333334,0,,0.0,571.2031424045563,0.4988936707377434,c65ee0f466bd9a2a54c55fcb59c84620b4bddadd53257465c5a40e4daac658e5
12,clean,B1,train_001404_clean_PGQ211,rsplit=1.200000;wprior=2.000000;gblock=0.000000,PGQ211,DGQ211,0.0,0.8333333333333334,0,,0.0,584.8182234913111,37.453255616128445,0d9bc4ba0d92f636ad82cf118fbd7cd6b212deb414658ab17e6bcf14351b09b9
12,clean,B1,test_004590_clean_KBU797,rsplit=1.200000;wprior=2.000000;gblock=0.000000,KBU797,KBU797,1.0,1.0,0,,0.0,568.781316280365,0.45126304030418396,e7206e34ff67e3a9fac0e5369f824c3af13023df1fc1f62d2a0d6c539652b793
12,clean,B1,train_001917_clean_ATX939,rsplit=1.200000;wprior=2.000000;gblock=0.000000,ATX939,AT4939,0.0,0.8333333333333334,0,,0.0,555.8070745319128,0.5811378359794617,5f070bf2ac9e583dd5007bb551816cb0253693d803fc44df689f784f4e2dfc0c
12,clean,B1,train_003654_clean_UFD418,rsplit=1.200000;wprior=2.000000;gblock=0.000000,UFD418,UFD418,1.0,1.0,0,,0.0,576.4415729790926,0.48692990094423294,945250d1600f9dbc2b7a54d01188eaf5d59c939355020fc4c3a1e0cda2f3de93
12,clean,B1,train_002349_clean_KWG699,rsplit=1.200000;wprior=2.000000;gblock=0.000000,KWG699,4WG6,0.0,0.5,0,,0.05555555555555555,586.8332432582974,21.357374265789986,9d40e9d601112cd969d1dc91757d1a9fcea4627b051c9344c9d6d511d8ecbc94
12,clean,B1,train_000765_clean_ESY695,rsplit=1.200000;wprior=2.000000;gblock=0.000000,ESY695,ESY695,1.0,1.0,0,,0.0,565.6408006325364,0.44680479913949966,b268af41e10959459bd06f398f19781ed921c7475b39a785b5373fe41025e51d
12,clean,B1,test_004842_clean_ZJD077,rsplit=1.200000;wprior=2.000000;gblock=0.000000,ZJD077,ZJD077,1.0,1.0,0,,0.0,576.1267282068729,11.11835241317749,101cf9f8c18a816d4f99b4cc3094c8b0c27edec8da3ec9ab018a8b95ce1350d3
12,clean,B1,train_003663_clean_RJE503,rsplit=1.200000;wprior=2.000000;gblock=0.000000,RJE503,RJE503,1.0,1.0,0,,0.0,560.9327536076307,0.4720129072666168,71652e62091f8d04321b3ef2f20cd6fd6dc5b2c40ce9e66a3f6427d0ee368f0b
12,clean,B1,train_000621_clean_NRR827,rsplit=1.200000;wprior=2.000000;gblock=0.000000,NRR827,N827,0.0,0.6666666666666667,0,,0.05555555555555555,567.1504531055689,0.48950500786304474,119323904d58a2f99750fe16f7a37cf2e54282888d9cf49695c9062265bb3fb5
12,clean,B1,train_003258_clean_AGY638,rsplit=1.200000;wprior=2.000000;gblock=0.000000,AGY638,AGY638,1.0,1.0,0,,0.0,554.2430272325873,0.459558330476284,73149674f99573a2d5523ebc44fd75e14b57df27bb5f51a8995e3723cd35aa2c
12,clean,B1,train_003573_clean_VPN500,rsplit=1.200000;wprior=2.000000;gblock=0.000000,VPN500,VDN500,0.0,0.8333333333333334,0,,0.0,555.1493223756552,10.14183834195137,9d218fc7e07b86e3fb57169f2e907aa0ccf08b65ef982d11b84de8e4836decb8
12,clean,B2,train_000531_clean_HLS547,rsplit=1.226774;wprior=2.000000;gblock=0.003347,HLS547,HLS547,1.0,1.0,0,,0.0,602.5450685992837,0.5866484716534615,e597a0a4a3bf139b4c756cef1c0817c07a497cee45967341fcb5b3605470edff
12,clean,B2,train_003708_clean_JXS349,rsplit=1.226774;wprior=2.000000;gblock=0.003347,JXS349,JXS349,1.0,1.0,0,,0.0,571.9182752072811,0.46589039266109467,d6963f6da82f8f53fd0cda3c4630df9b74dd7b5c89159d52a925999c1e81f8fa
12,clean,B2,train_002835_clean_NSE987,rsplit=1.226774;wprior=2.000000;gblock=0.003347,NSE987,NSE987,1.0,1.0,0,,0.0,575.2673037350178,0.4471447318792343,22a839142bc7de7be3714bc8171dd177564726fb87e69076bdb843d7fc729107
12,clean,B2,train_003465_clean_XJK859,rsplit=1.226774;wprior=2.000000;gblock=0.003347,XJK859,4JK859,0.0,0.8333333333333334,0,,0.0,571.883687749505,0.5039619281888008,cc668be2a1da637417baecd0076974fcca08c46d4443366bcc2cafee97275586
12,clean,B2,train_001404_clean_PGQ211,rsplit=1.226774;wprior=2.000000;gblock=0.003347,PGQ211,DGQ211,0.0,0.8333333333333334,0,,0.0,572.2613018006086,28.953490778803825,3ab44232c381623f418f0e1c5f3b81e22d403aa5a35de74879f73dc227da0e97
12,clean,B2,test_004590_clean_KBU797,rsplit=1.226774;wprior=2.000000;gblock=0.003347,KBU797,KBU797,1.0,1.0,0,,0.0,569.2358370870352,0.5572941154241562,2f6fc411bb51efcf302bb1fb470ae7b656a735bfa1a8fe834273289a291e6b0c
12,clean,B2,train_001917_clean_ATX939,rsplit=1.226774;wprior=2.000000;gblock=0.003347,ATX939,AT4939,0.0,0.8333333333333334,0,,0.0,599.639574997127,0.46852603554725647,dd6cfeeb5e201024a6dce590a20b42f921d3e4dddfe2f79dcc40af7faaf11039
12,clean,B2,train_003654_clean_UFD418,rsplit=1.226774;wprior=2.000000;gblock=0.003347,UFD418,UFD418,1.0,1.0,0,,0.0,553.7775093689561,0.5105640739202499,d0f99b526005e03ec08be7b72d13320544c5a26acca95f1d0be0e7a092674e51
12,clean,B2,train_002349_clean_KWG699,rsplit=1.226774;wprior=2.000000;gblock=0.003347,KWG699,4WG6,0.0,0.5,0,,0.05555555555555555,604.2170580476522,22.5792545825243,8a975a8513d8c8c1534e6edd010eefcd006677a18098d5db4daf1234afa98020
12,clean,B2,train_000765_clean_ESY695,rsplit=1.226774;wprior=2.000000;gblock=0.003347,ESY695,ESY695,1.0,1.0,0,,0.0,606.4830999821424,0.4318263381719589,2bb5fe7727d419d6cef4bdb4bbfd41839390955aa4e9ec30e9b8f3ed22675a60
12,clean,B2,test_004842_clean_ZJD077,rsplit=1.226774;wprior=2.000000;gblock=0.003347,ZJD077,ZJD077,1.0,1.0,0,,0.0,558.7339382618666,0.5041835829615593,c645c8a26cb83ebdb3e8aa92fa053bc44a16d64cb5fdd15fb5f3e6f42621eb44
12,clean,B2,train_003663_clean_RJE503,rsplit=1.226774;wprior=2.000000;gblock=0.003347,RJE503,RJE503,1.0,1.0,0,,0.0,552.1664647385478,0.6144409999251366,fe4162b033e5c1fbae53b17a56de0ea5116f901834c6c6bee2bfc03440385cb4
12,clean,B2,train_000621_clean_NRR827,rsplit=1.226774;wprior=2.000000;gblock=0.003347,NRR827,N827,0.0,0.6666666666666667,0,,0.05555555555555555,571.0119633004069,0.5596969276666641,3a92b7f747de51a7f101b23138c12a26ac3636039ebabf7ee8ca6f3050a66ea6
12,clean,B2,train_003258_clean_AGY638,rsplit=1.226774;wprior=2.000000;gblock=0.003347,AGY638,AGY638,1.0,1.0,0,,0.0,549.2679756134748,0.5023088306188583,10496c2fa6cfea009d67b4a4dd911e014e0805c1c63ad3529b955bc5df2870b3
12,clean,B2,train_003573_clean_VPN500,rsplit=1.226774;wprior=2.000000;gblock=0.003347,VPN500,VDN500,0.0,0.8333333333333334,0,,0.0,553.2764326781034,0.473925843834877,1b30b175eaa9a413cd5892022f224b80e681de2dccb270f3731401662a2e1da7
12,clean,B3,train_000531_clean_HLS547,rsplit=1.226774;wprior=2.000000;gblock=0.003347,HLS547,HLS547,1.0,1.0,0,,0.0,602.5450685992837,0.5866484716534615,e597a0a4a3bf139b4c756cef1c0817c07a497cee45967341fcb5b3605470edff
12,clean,B3,train_003708_clean_JXS349,rsplit=1.226774;wprior=2.000000;gblock=0.003347,JXS349,JXS349,1.0,1.0,0,,0.0,571.9182752072811,0.46589039266109467,d6963f6da82f8f53fd0cda3c4630df9b74dd7b5c89159d52a925999c1e81f8fa
12,clean,B3,train_002835_clean_NSE987,rsplit=1.226774;wprior=2.000000;gblock=0.003347,NSE987,NSE987,1.0,1.0,0,,0.0,575.2673037350178,0.4471447318792343,22a839142bc7de7be3714bc8171dd177564726fb87e69076bdb843d7fc729107
12,clean,B3,train_003465_clean_XJK859,rsplit=1.226774;wprior=2.000000;gblock=0.003347,XJK859,4JK859,0.0,0.8333333333333334,0,,0.0,571.883687749505,0.5039619281888008,cc668be2a1da637417baecd0076974fcca08c46d4443366bcc2cafee97275586
12,clean,B3,train_001404_clean_PGQ211,rsplit=1.226774;wprior=2.000000;gblock=0.003347,PGQ211,DGQ211,0.0,0.8333333333333334,0,,0.0,572.2613018006086,28.953490778803825,3ab44232c381623f418f0e1c5f3b81e22d403aa5a35de74879f73dc227da0e97
12,clean,B3,test_004590_clean_KBU797,rsplit=1.226774;wprior=2.000000;gblock=0.003347,KBU797,KBU797,1.0,1.0,0,,0.0,569.2358370870352,0.5572941154241562,2f6fc411bb51efcf302bb1fb470ae7b656a735bfa1a8fe834273289a291e6b0c
12,clean,B3,train_001917_clean_ATX939,rsplit=1.226774;wprior=2.000000;gblock=0.003347,ATX939,AT4939,0.0,0.8333333333333334,0,,0.0,599.639574997127,0.46852603554725647,dd6cfeeb5e201024a6dce590a20b42f921d3e4dddfe2f79dcc40af7faaf11039
12,clean,B3,train_003654_clean_UFD418,rsplit=1.226774;wprior=2.000000;gblock=0.003347,UFD418,UFD418,1.0,1.0,0,,0.0,553.7775093689561,0.5105640739202499,d0f99b526005e03ec08be7b72d13320544c5a26acca95f1d0be0e7a092674e51
12,clean,B3,train_002349_clean_KWG699,rsplit=1.226774;wprior=2.000000;gblock=0.003347,KWG699,4WG6,0.0,0.5,0,,0.05555555555555555,604.2170580476522,22.5792545825243,8a975a8513d8c8c1534e6edd010eefcd006677a18098d5db4daf1234afa98020
12,clean,B3,train_000765_clean_ESY695,rsplit=1.226774;wprior=2.000000;gblock=0.003347,ESY695,ESY695,1.0,1.0,0,,0.0,606.4830999821424,0.4318263381719589,2bb5fe7727d419d6cef4bdb4bbfd41839390955aa4e9ec30e9b8f3ed22675a60
12,clean,B3,test_004842_clean_ZJD077,rsplit=1.226774;wprior=2.000000;gblock=0.003347,ZJD077,ZJD077,1.0,1.0,0,,0.0,558.7339382618666,0.5041835829615593,c645c8a26cb83ebdb3e8aa92fa053bc44a16d64cb5fdd15fb5f3e6f42621eb44
12,clean,B3,train_003663_clean_RJE503,rsplit=1.226774;wprior=2.000000;gblock=0.003347,RJE503,RJE503,1.0,1.0,0,,0.0,552.1664647385478,0.6144409999251366,fe4162b033e5c1fbae53b17a56de0ea5116f901834c6c6bee2bfc03440385cb4
12,clean,B3,train_000621_clean_NRR827,rsplit=1.226774;wprior=2.000000;gblock=0.003347,NRR827,N827,0.0,0.6666666666666667,0,,0.05555555555555555,571.0119633004069,0.5596969276666641,3a92b7f747de51a7f101b23138c12a26ac3636039ebabf7ee8ca6f3050a66ea6
12,clean,B3,train_003258_clean_AGY638,rsplit=1.226774;wprior=2.000000;gblock=0.003347,AGY638,AGY638,1.0,1.0,0,,0.0,549.2679756134748,0.5023088306188583,10496c2fa6cfea009d67b4a4dd911e014e0805c1c63ad3529b955bc5df2870b3
12,clean,B3,train_003573_clean_VPN500,rsplit=1.226774;wprior=2.000000;gblock=0.003347,VPN500,VDN500,0.0,0.8333333333333334,0,,0.0,553.2764326781034,0.473925843834877,1b30b175eaa9a413cd5892022f224b80e681de2dccb270f3731401662a2e1da7
12,clean,B3-I,train_000531_clean_HLS547,rsplit=1.200000;wprior=2.000000;gblock=0.000000,HLS547,HLS547,1.0,1.0,0,,0.0,562.0432822033763,0.49410387873649597,97a994894da44bbefb335363bd0b563046a6e1761ab10fc34bad7aabf8981614
12,clean,B3-I,train_003708_clean_JXS349,rsplit=1.200000;wprior=2.000000;gblock=0.000000,JXS349,JXS349,1.0,1.0,0,,0.0,571.8567566946149,0.48955436795949936,221dd6f440da1f12a97e24b5f7346f2460a2ba5f40bfae9a012aeffd8a8ebedd
12,clean,B3-I,train_002835_clean_NSE987,rsplit=1.200000;wprior=2.000000;gblock=0.000000,NSE987,NSE987,1.0,1.0,0,,0.0,576.7215630039573,0.5335276946425438,6c5057f50b73060afd64a2cf93bf19217cf424dbc0fa5912e14cf458b3c83e1b
12,clean,B3-I,train_003465_clean_XJK859,rsplit=1.200000;wprior=2.000000;gblock=0.000000,XJK859,4JK859,0.0,0.8333333333333334,0,,0.0,571.2031424045563,0.4988936707377434,c65ee0f466bd9a2a54c55fcb59c84620b4bddadd53257465c5a40e4daac658e5
12,clean,B3-I,train_001404_clean_PGQ211,rsplit=1.200000;wprior=2.000000;gblock=0.000000,PGQ211,DGQ211,0.0,0.8333333333333334,0,,0.0,584.8182234913111,37.453255616128445,0d9bc4ba0d92f636ad82cf118fbd7cd6b212deb414658ab17e6bcf14351b09b9
12,clean,B3-I,test_004590_clean_KBU797,rsplit=1.200000;wprior=2.000000;gblock=0.000000,KBU797,KBU797,1.0,1.0,0,,0.0,568.781316280365,0.45126304030418396,e7206e34ff67e3a9fac0e5369f824c3af13023df1fc1f62d2a0d6c539652b793
12,clean,B3-I,train_001917_clean_ATX939,rsplit=1.200000;wprior=2.000000;gblock=0.000000,ATX939,AT4939,0.0,0.8333333333333334,0,,0.0,555.8070745319128,0.5811378359794617,5f070bf2ac9e583dd5007bb551816cb0253693d803fc44df689f784f4e2dfc0c
12,clean,B3-I,train_003654_clean_UFD418,rsplit=1.200000;wprior=2.000000;gblock=0.000000,UFD418,UFD418,1.0,1.0,0,,0.0,576.4415729790926,0.48692990094423294,945250d1600f9dbc2b7a54d01188eaf5d59c939355020fc4c3a1e0cda2f3de93
12,clean,B3-I,train_002349_clean_KWG699,rsplit=1.200000;wprior=2.000000;gblock=0.000000,KWG699,4WG6,0.0,0.5,0,,0.05555555555555555,586.8332432582974,21.357374265789986,9d40e9d601112cd969d1dc91757d1a9fcea4627b051c9344c9d6d511d8ecbc94
12,clean,B3-I,train_000765_clean_ESY695,rsplit=1.200000;wprior=2.000000;gblock=0.000000,ESY695,ESY695,1.0,1.0,0,,0.0,565.6408006325364,0.44680479913949966,b268af41e10959459bd06f398f19781ed921c7475b39a785b5373fe41025e51d
12,clean,B3-I,test_004842_clean_ZJD077,rsplit=1.200000;wprior=2.000000;gblock=0.000000,ZJD077,ZJD077,1.0,1.0,0,,0.0,576.1267282068729,11.11835241317749,101cf9f8c18a816d4f99b4cc3094c8b0c27edec8da3ec9ab018a8b95ce1350d3
12,clean,B3-I,train_003663_clean_RJE503,rsplit=1.200000;wprior=2.000000;gblock=0.000000,RJE503,RJE503,1.0,1.0,0,,0.0,560.9327536076307,0.4720129072666168,71652e62091f8d04321b3ef2f20cd6fd6dc5b2c40ce9e66a3f6427d0ee368f0b
12,clean,B3-I,train_000621_clean_NRR827,rsplit=1.200000;wprior=2.000000;gblock=0.000000,NRR827,N827,0.0,0.6666666666666667,0,,0.05555555555555555,567.1504531055689,0.48950500786304474,119323904d58a2f99750fe16f7a37cf2e54282888d9cf49695c9062265bb3fb5
12,clean,B3-I,train_003258_clean_AGY638,rsplit=1.200000;wprior=2.000000;gblock=0.000000,AGY638,AGY638,1.0,1.0,0,,0.0,554.2430272325873,0.459558330476284,73149674f99573a2d5523ebc44fd75e14b57df27bb5f51a8995e3723cd35aa2c
12,clean,B3-I,train_003573_clean_VPN500,rsplit=1.200000;wprior=2.000000;gblock=0.000000,VPN500,VDN500,0.0,0.8333333333333334,0,,0.0,555.1493223756552,10.14183834195137,9d218fc7e07b86e3fb57169f2e907aa0ccf08b65ef982d11b84de8e4836decb8
12,clean,B3-R0,train_000531_clean_HLS547,rsplit=1.226774;wprior=2.000000;gblock=0.003347,HLS547,HLS547,1.0,1.0,0,,0.0,602.5450685992837,0.5866484716534615,e597a0a4a3bf139b4c756cef1c0817c07a497cee45967341fcb5b3605470edff
12,clean,B3-R0,train_003708_clean_JXS349,rsplit=1.226774;wprior=2.000000;gblock=0.003347,JXS349,JXS349,1.0,1.0,0,,0.0,571.9182752072811,0.46589039266109467,d6963f6da82f8f53fd0cda3c4630df9b74dd7b5c89159d52a925999c1e81f8fa
12,clean,B3-R0,train_002835_clean_NSE987,rsplit=1.226774;wprior=2.000000;gblock=0.003347,NSE987,NSE987,1.0,1.0,0,,0.0,575.2673037350178,0.4471447318792343,22a839142bc7de7be3714bc8171dd177564726fb87e69076bdb843d7fc729107
12,clean,B3-R0,train_003465_clean_XJK859,rsplit=1.226774;wprior=2.000000;gblock=0.003347,XJK859,4JK859,0.0,0.8333333333333334,0,,0.0,571.883687749505,0.5039619281888008,cc668be2a1da637417baecd0076974fcca08c46d4443366bcc2cafee97275586
12,clean,B3-R0,train_001404_clean_PGQ211,rsplit=1.226774;wprior=2.000000;gblock=0.003347,PGQ211,DGQ211,0.0,0.8333333333333334,0,,0.0,572.2613018006086,28.953490778803825,3ab44232c381623f418f0e1c5f3b81e22d403aa5a35de74879f73dc227da0e97
12,clean,B3-R0,test_004590_clean_KBU797,rsplit=1.226774;wprior=2.000000;gblock=0.003347,KBU797,KBU797,1.0,1.0,0,,0.0,569.2358370870352,0.5572941154241562,2f6fc411bb51efcf302bb1fb470ae7b656a735bfa1a8fe834273289a291e6b0c
12,clean,B3-R0,train_001917_clean_ATX939,rsplit=1.226774;wprior=2.000000;gblock=0.003347,ATX939,AT4939,0.0,0.8333333333333334,0,,0.0,599.639574997127,0.46852603554725647,dd6cfeeb5e201024a6dce590a20b42f921d3e4dddfe2f79dcc40af7faaf11039
12,clean,B3-R0,train_003654_clean_UFD418,rsplit=1.226774;wprior=2.000000;gblock=0.003347,UFD418,UFD418,1.0,1.0,0,,0.0,553.7775093689561,0.5105640739202499,d0f99b526005e03ec08be7b72d13320544c5a26acca95f1d0be0e7a092674e51
12,clean,B3-R0,train_002349_clean_KWG699,rsplit=1.226774;wprior=2.000000;gblock=0.003347,KWG699,4WG6,0.0,0.5,0,,0.05555555555555555,604.2170580476522,22.5792545825243,8a975a8513d8c8c1534e6edd010eefcd006677a18098d5db4daf1234afa98020
12,clean,B3-R0,train_000765_clean_ESY695,rsplit=1.226774;wprior=2.000000;gblock=0.003347,ESY695,ESY695,1.0,1.0,0,,0.0,606.4830999821424,0.4318263381719589,2bb5fe7727d419d6cef4bdb4bbfd41839390955aa4e9ec30e9b8f3ed22675a60
12,clean,B3-R0,test_004842_clean_ZJD077,rsplit=1.226774;wprior=2.000000;gblock=0.003347,ZJD077,ZJD077,1.0,1.0,0,,0.0,558.7339382618666,0.5041835829615593,c645c8a26cb83ebdb3e8aa92fa053bc44a16d64cb5fdd15fb5f3e6f42621eb44
12,clean,B3-R0,train_003663_clean_RJE503,rsplit=1.226774;wprior=2.000000;gblock=0.003347,RJE503,RJE503,1.0,1.0,0,,0.0,552.1664647385478,0.6144409999251366,fe4162b033e5c1fbae53b17a56de0ea5116f901834c6c6bee2bfc03440385cb4
12,clean,B3-R0,train_000621_clean_NRR827,rsplit=1.226774;wprior=2.000000;gblock=0.003347,NRR827,N827,0.0,0.6666666666666667,0,,0.05555555555555555,571.0119633004069,0.5596969276666641,3a92b7f747de51a7f101b23138c12a26ac3636039ebabf7ee8ca6f3050a66ea6
12,clean,B3-R0,train_003258_clean_AGY638,rsplit=1.226774;wprior=2.000000;gblock=0.003347,AGY638,AGY638,1.0,1.0,0,,0.0,549.2679756134748,0.5023088306188583,10496c2fa6cfea009d67b4a4dd911e014e0805c1c63ad3529b955bc5df2870b3
12,clean,B3-R0,train_003573_clean_VPN500,rsplit=1.226774;wprior=2.000000;gblock=0.003347,VPN500,VDN500,0.0,0.8333333333333334,0,,0.0,553.2764326781034,0.473925843834877,1b30b175eaa9a413cd5892022f224b80e681de2dccb270f3731401662a2e1da7
13,broken,B0,train_002578_broken_PXP217,rsplit=1.600000;wprior=2.000000;gblock=0.050000,PXP217,FXVD217,0.0,0.5714285714285714,1,,0.25,925.9048765525222,0.49131643027067184,8b9bd100a8951c38b3f22c41bcec534a30e35138d99133a3af4e32be0c297450
13,broken,B0,train_000697_broken_IKQ880,rsplit=1.600000;wprior=2.000000;gblock=0.050000,IKQ880,4Q8,0.0,0.33333333333333337,0,,0.08400537634408602,594.0680196508765,0.46402495354413986,2adcbf1e63e8274699ac7790c26910bb780f49fb96dbd650fe91625e542ce9e3
13,broken,B0,train_002200_broken_TPZ935,rsplit=1.600000;wprior=2.000000;gblock=0.050000,TPZ935,TDZ935,0.0,0.8333333333333334,0,,0.0,607.1654045954347,0.4737935960292816,7e1eef18be38d1bd13a349b802eb9a7c6380810a77d08ffb310fd9d18e09c328
13,broken,B0,test_004063_broken_BAY484,rsplit=1.600000;wprior=2.000000;gblock=0.050000,BAY484,BAY481,0.0,0.8333333333333334,1,,0.028968253968253966,733.9915130287409,0.4818988963961601,90c4e90da47394f808f8d2759c99bd3fdf1b094256322e8c1c45e62318606792
13,broken,B0,train_002209_broken_EBU949,rsplit=1.600000;wprior=2.000000;gblock=0.050000,EBU949,E8U949,0.0,0.8333333333333334,0,,0.0,556.210950948298,0.4659285768866539,0959c44fa34e8a055deeb0bd1a086acd811a5a3aa84fcc43bb0b66a67401106d
13,broken,B0,train_001633_broken_JFZ155,rsplit=1.600000;wprior=2.000000;gblock=0.050000,JFZ155,JFZ155,1.0,1.0,0,,0.0,571.9305751845241,0.47824252396821976,02565c064e1ce403e84661ed5e51dcb9dc2803303d5154822126c602f3aed415
13,broken,B0,train_001201_broken_PKH957,rsplit=1.600000;wprior=2.000000;gblock=0.050000,PKH957,D4HC57,0.0,0.5,1,,0.05555555555555555,822.3178396001458,0.4747658967971802,8b5d1d00ae2cd95dbfcda60967d284bd2252a23ad3cc0b89e652e9f48142364d
13,broken,B0,test_004864_broken_PZZ933,rsplit=1.600000;wprior=2.000000;gblock=0.050000,PZZ933,PZZ933,1.0,1.0,0,,0.0,573.1001915410161,0.57931337505579,b03f8e18d9b3d84f66c8d281071b8ddb84cb68757f1140452e18e911f356a546
13,broken,B0,train_002569_broken_LZP141,rsplit=1.600000;wprior=2.000000;gblock=0.050000,LZP141,LZP14,0.0,0.8333333333333334,1,,0.08333333333333333,724.2498928681016,0.5693836137652397,7689fb2c5a9b5fe5459bca025ba97f0276a29cb94d83fdb6c155a71400c14d9d
13,broken,B0,test_004576_broken_ZSW456,rsplit=1.600000;wprior=2.000000;gblock=0.050000,ZSW456,7SW41E6,0.0,0.5714285714285714,4,,0.3516666666666666,1027.9296087101102,15.207516960799694,825b2f2edb4e82dbaaaac4b71f54f7d70595685f1be9cad74cc56467676ba137
13,broken,B0,train_001147_broken_TWV838,rsplit=1.600000;wprior=2.000000;gblock=0.050000,TWV838,1BWV838,0.0,0.7142857142857143,1,,0.056746031746031746,760.8184209093451,18.76371819525957,3774da9cdd6bfefd708c26cf1adf2c7c0c080ef73cd709b1c9576179841971f8
13,broken,B0,train_001417_broken_JGN913,rsplit=1.600000;wprior=2.000000;gblock=0.050000,JGN913,JPN913,0.0,0.8333333333333334,1,,0.05555555555555555,696.2662981823087,0.4422450438141823,ab4598b33e637f97766a75c85e3b22d33bff5bb31b047e6f0f509f503e3e41de
13,broken,B0,train_002371_broken_FXM808,rsplit=1.600000;wprior=2.000000;gblock=0.050000,FXM808,F4M808,0.0,0.8333333333333334,0,,0.0,609.686054289341,0.4819389432668686,2892967eb09e8edfdcd7aedf9008604bb1f597d79ded391178bb973badbdaaa1
13,broken,B0,train_002272_broken_TBM010,rsplit=1.600000;wprior=2.000000;gblock=0.050000,TBM010,TBA401,0.0,0.5,1,,0.027777777777777776,663.5671015828848,0.4376359283924103,72efa5786260dde4159cb1c48af4532aff9c3baba7d1e01af65155ee050519e6
13,broken,B0,train_001714_broken_MXZ215,rsplit=1.600000;wprior=2.000000;gblock=0.050000,MXZ215,MX2L5,0.0,0.6666666666666667,3,,0.3421296296296296,817.793888039887,10.792405344545841,e9b74bd47eb727e6ef18346928bc211b8ac03ceeaa5df8c26189316d345dc7af
13,broken,B1,train_002578_broken_PXP217,rsplit=1.600000;wprior=2.000000;gblock=0.000000,PXP217,FXVD217,0.0,0.5714285714285714,1,,0.25,639.6546419709921,0.527484342455864,0287919effb60c144bcab413e86fba92195f040deb6fdb0794e4a551bda89334
13,broken,B1,train_000697_broken_IKQ880,rsplit=1.600000;wprior=2.000000;gblock=0.000000,IKQ880,4Q8,0.0,0.33333333333333337,0,,0.08400537634408602,562.2035264968872,0.5278261378407478,5efabf0b86b47faea8a4bcdeb666fe269575338b671838e495666b86807ea163
13,broken,B1,train_002200_broken_TPZ935,rsplit=1.600000;wprior=2.000000;gblock=0.000000,TPZ935,TDZ935,0.0,0.8333333333333334,0,,0.0,555.2812721580267,0.5592759698629379,00eb98f025435c40851cf67b9409cde5c8741876be5bbd1faa7f70a83105d0cc
13,broken,B1,test_004063_broken_BAY484,rsplit=1.600000;wprior=2.000000;gblock=0.000000,BAY484,BAY481,0.0,0.8333333333333334,1,,0.028968253968253966,770.357827655971,0.4721609875559807,552c553b7642f3cb2726fc39e7252325a8a36e52408659ddbf366d7b99006d39
13,broken,B1,train_002209_broken_EBU949,rsplit=1.600000;wprior=2.000000;gblock=0.000000,EBU949,E8U949,0.0,0.8333333333333334,0,,0.0,582.8907936811447,0.46924594789743423,0010f64617bd5f7ab2146710eb2e7b96d5c2e61ce9ae64f1cbc4fa1a762299ad
13,broken,B1,train_001633_broken_JFZ155,rsplit=1.600000;wprior=2.000000;gblock=0.000000,JFZ155,JFZ155,1.0,1.0,0,,0.0,565.2811741456389,0.5042115226387978,24c2fc013a2b8a928761a65ac2d1469cc7deaa89fc3d8aaea3fde5937c1a5713
13,broken,B1,train_001201_broken_PKH957,rsplit=1.600000;wprior=2.000000;gblock=0.000000,PKH957,D4HC57,0.0,0.5,1,,0.05555555555555555,647.7730618789792,0.4753274843096733,dee55229d914d19f11547f2db8f0791ddcb25f830ae3d0449f508630abdeb6c5
13,broken,B1,test_004864_broken_PZZ933,rsplit=1.600000;wprior=2.000000;gblock=0.000000,PZZ933,PZZ933,1.0,1.0,0,,0.0,590.3011159971356,0.5619600415229797,fad30ce2ae3ff56dca8396743d387ef80a42ca42caa487b1c33fe575a78f0c7a
13,broken,B1,train_002569_broken_LZP141,rsplit=1.600000;wprior=2.000000;gblock=0.000000,LZP141,LZP14,0.0,0.8333333333333334,1,,0.08333333333333333,704.8406759276986,0.48057734966278076,06bbe2ef3b8fc8305e03e7b58eb3fc5f0071b82d0a4847632ce02671046c3351
13,broken,B1,test_004576_broken_ZSW456,rsplit=1.600000;wprior=2.000000;gblock=0.000000,ZSW456,7SW41E6,0.0,0.5714285714285714,4,,0.3516666666666666,965.2960738167167,14.732652343809605,fcca37d0368b89e7f19c58b3e5f333db19be66f3e80bfda229bac334cc9bf364
13,broken,B1,train_001147_broken_TWV838,rsplit=1.600000;wprior=2.000000;gblock=0.000000,TWV838,1BWV838,0.0,0.7142857142857143,1,,0.056746031746031746,755.6761056184769,11.687475256621838,588717d3491ddfc7b02fbe8abaaf4f4d1dddb8aa26525b9e6cb24bc67aadfdae
13,broken,B1,train_001417_broken_JGN913,rsplit=1.600000;wprior=2.000000;gblock=0.000000,JGN913,JPN913,0.0,0.8333333333333334,1,,0.05555555555555555,722.1577642485499,0.5107643082737923,ae5143e214bd88a02182c7917fdaa262a6e3187714db0f45ebc90e1737cb1a65
13,broken,B1,train_002371_broken_FXM808,rsplit=1.600000;wprior=2.000000;gblock=0.000000,FXM808,F4M808,0.0,0.8333333333333334,0,,0.0,621.6950230300426,0.4218555986881256,bad0af447b16385859a9148a7b36dfe21231b6004c3efed6c6c35249f0f3645e
13,broken,B1,train_002272_broken_TBM010,rsplit=1.600000;wprior=2.000000;gblock=0.000000,TBM010,TBA401,0.0,0.5,1,,0.027777777777777776,647.8202547878027,0.5116062238812447,3773fb5537265a157b0417539198db22e0f1509c968372ecd49752663f518530
13,broken,B1,train_001714_broken_MXZ215,rsplit=1.600000;wprior=2.000000;gblock=0.000000,MXZ215,MX2L5,0.0,0.6666666666666667,3,,0.3421296296296296,831.3856068998575,10.63772477209568,579042b47934dcb9fbd61b912ce8a4bee3e308dccf112a33f9bed7982b9451e0
13,broken,B2,train_002578_broken_PXP217,rsplit=1.600000;wprior=2.000000;gblock=0.000000,PXP217,FXVD217,0.0,0.5714285714285714,1,,0.25,639.6546419709921,0.527484342455864,0287919effb60c144bcab413e86fba92195f040deb6fdb0794e4a551bda89334
13,broken,B2,train_000697_broken_IKQ880,rsplit=1.600000;wprior=2.000000;gblock=0.000000,IKQ880,4Q8,0.0,0.33333333333333337,0,,0.08400537634408602,562.2035264968872,0.5278261378407478,5efabf0b86b47faea8a4bcdeb666fe269575338b671838e495666b86807ea163
13,broken,B2,train_002200_broken_TPZ935,rsplit=1.600000;wprior=2.000000;gblock=0.000000,TPZ935,TDZ935,0.0,0.8333333333333334,0,,0.0,555.2812721580267,0.5592759698629379,00eb98f025435c40851cf67b9409cde5c8741876be5bbd1faa7f70a83105d0cc
13,broken,B2,test_004063_broken_BAY484,rsplit=1.600000;wprior=2.000000;gblock=0.000000,BAY484,BAY481,0.0,0.8333333333333334,1,,0.028968253968253966,770.357827655971,0.4721609875559807,552c553b7642f3cb2726fc39e7252325a8a36e52408659ddbf366d7b99006d39
13,broken,B2,train_002209_broken_EBU949,rsplit=1.600000;wprior=2.000000;gblock=0.000000,EBU949,E8U949,0.0,0.8333333333333334,0,,0.0,582.8907936811447,0.46924594789743423,0010f64617bd5f7ab2146710eb2e7b96d5c2e61ce9ae64f1cbc4fa1a762299ad
13,broken,B2,train_001633_broken_JFZ155,rsplit=1.600000;wprior=2.000000;gblock=0.000000,JFZ155,JFZ155,1.0,1.0,0,,0.0,565.2811741456389,0.5042115226387978,24c2fc013a2b8a928761a65ac2d1469cc7deaa89fc3d8aaea3fde5937c1a5713
13,broken,B2,train_001201_broken_PKH957,rsplit=1.600000;wprior=2.000000;gblock=0.000000,PKH957,D4HC57,0.0,0.5,1,,0.05555555555555555,647.7730618789792,0.4753274843096733,dee55229d914d19f11547f2db8f0791ddcb25f830ae3d0449f508630abdeb6c5
13,broken,B2,test_004864_broken_PZZ933,rsplit=1.600000;wprior=2.000000;gblock=0.000000,PZZ933,PZZ933,1.0,1.0,0,,0.0,590.3011159971356,0.5619600415229797,fad30ce2ae3ff56dca8396743d387ef80a42ca42caa487b1c33fe575a78f0c7a
13,broken,B2,train_002569_broken_LZP141,rsplit=1.600000;wprior=2.000000;gblock=0.000000,LZP141,LZP14,0.0,0.8333333333333334,1,,0.08333333333333333,704.8406759276986,0.48057734966278076,06bbe2ef3b8fc8305e03e7b58eb3fc5f0071b82d0a4847632ce02671046c3351
13,broken,B2,test_004576_broken_ZSW456,rsplit=1.600000;wprior=2.000000;gblock=0.000000,ZSW456,7SW41E6,0.0,0.5714285714285714,4,,0.3516666666666666,965.2960738167167,14.732652343809605,fcca37d0368b89e7f19c58b3e5f333db19be66f3e80bfda229bac334cc9bf364
13,broken,B2,train_001147_broken_TWV838,rsplit=1.600000;wprior=2.000000;gblock=0.000000,TWV838,1BWV838,0.0,0.7142857142857143,1,,0.056746031746031746,755.6761056184769,11.687475256621838,588717d3491ddfc7b02fbe8abaaf4f4d1dddb8aa26525b9e6cb24bc67aadfdae
13,broken,B2,train_001417_broken_JGN913,rsplit=1.600000;wprior=2.000000;gblock=0.000000,JGN913,JPN913,0.0,0.8333333333333334,1,,0.05555555555555555,722.1577642485499,0.5107643082737923,ae5143e214bd88a02182c7917fdaa262a6e3187714db0f45ebc90e1737cb1a65
13,broken,B2,train_002371_broken_FXM808,rsplit=1.600000;wprior=2.000000;gblock=0.000000,FXM808,F4M808,0.0,0.8333333333333334,0,,0.0,621.6950230300426,0.4218555986881256,bad0af447b16385859a9148a7b36dfe21231b6004c3efed6c6c35249f0f3645e
13,broken,B2,train_002272_broken_TBM010,rsplit=1.600000;wprior=2.000000;gblock=0.000000,TBM010,TBA401,0.0,0.5,1,,0.027777777777777776,647.8202547878027,0.5116062238812447,3773fb5537265a157b0417539198db22e0f1509c968372ecd49752663f518530
13,broken,B2,train_001714_broken_MXZ215,rsplit=1.600000;wprior=2.000000;gblock=0.000000,MXZ215,MX2L5,0.0,0.6666666666666667,3,,0.3421296296296296,831.3856068998575,10.63772477209568,579042b47934dcb9fbd61b912ce8a4bee3e308dccf112a33f9bed7982b9451e0
13,broken,B3,train_002578_broken_PXP217,rsplit=1.600000;wprior=2.000000;gblock=0.000000,PXP217,FXVD217,0.0,0.5714285714285714,1,,0.25,639.6546419709921,0.527484342455864,0287919effb60c144bcab413e86fba92195f040deb6fdb0794e4a551bda89334
13,broken,B3,train_000697_broken_IKQ880,rsplit=1.600000;wprior=2.000000;gblock=0.000000,IKQ880,4Q8,0.0,0.33333333333333337,0,,0.08400537634408602,562.2035264968872,0.5278261378407478,5efabf0b86b47faea8a4bcdeb666fe269575338b671838e495666b86807ea163
13,broken,B3,train_002200_broken_TPZ935,rsplit=1.600000;wprior=2.000000;gblock=0.000000,TPZ935,TDZ935,0.0,0.8333333333333334,0,,0.0,555.2812721580267,0.5592759698629379,00eb98f025435c40851cf67b9409cde5c8741876be5bbd1faa7f70a83105d0cc
13,broken,B3,test_004063_broken_BAY484,rsplit=1.600000;wprior=2.000000;gblock=0.000000,BAY484,BAY481,0.0,0.8333333333333334,1,,0.028968253968253966,770.357827655971,0.4721609875559807,552c553b7642f3cb2726fc39e7252325a8a36e52408659ddbf366d7b99006d39
13,broken,B3,train_002209_broken_EBU949,rsplit=1.600000;wprior=2.000000;gblock=0.000000,EBU949,E8U949,0.0,0.8333333333333334,0,,0.0,582.8907936811447,0.46924594789743423,0010f64617bd5f7ab2146710eb2e7b96d5c2e61ce9ae64f1cbc4fa1a762299ad
13,broken,B3,train_001633_broken_JFZ155,rsplit=1.600000;wprior=2.000000;gblock=0.000000,JFZ155,JFZ155,1.0,1.0,0,,0.0,565.2811741456389,0.5042115226387978,24c2fc013a2b8a928761a65ac2d1469cc7deaa89fc3d8aaea3fde5937c1a5713
13,broken,B3,train_001201_broken_PKH957,rsplit=1.600000;wprior=2.000000;gblock=0.000000,PKH957,D4HC57,0.0,0.5,1,,0.05555555555555555,647.7730618789792,0.4753274843096733,dee55229d914d19f11547f2db8f0791ddcb25f830ae3d0449f508630abdeb6c5
13,broken,B3,test_004864_broken_PZZ933,rsplit=1.600000;wprior=2.000000;gblock=0.000000,PZZ933,PZZ933,1.0,1.0,0,,0.0,590.3011159971356,0.5619600415229797,fad30ce2ae3ff56dca8396743d387ef80a42ca42caa487b1c33fe575a78f0c7a
13,broken,B3,train_002569_broken_LZP141,rsplit=1.600000;wprior=2.000000;gblock=0.000000,LZP141,LZP14,0.0,0.8333333333333334,1,,0.08333333333333333,704.8406759276986,0.48057734966278076,06bbe2ef3b8fc8305e03e7b58eb3fc5f0071b82d0a4847632ce02671046c3351
13,broken,B3,test_004576_broken_ZSW456,rsplit=1.600000;wprior=2.000000;gblock=0.000000,ZSW456,7SW41E6,0.0,0.5714285714285714,4,,0.3516666666666666,965.2960738167167,14.732652343809605,fcca37d0368b89e7f19c58b3e5f333db19be66f3e80bfda229bac334cc9bf364
13,broken,B3,train_001147_broken_TWV838,rsplit=1.600000;wprior=2.000000;gblock=0.000000,TWV838,1BWV838,0.0,0.7142857142857143,1,,0.056746031746031746,755.6761056184769,11.687475256621838,588717d3491ddfc7b02fbe8abaaf4f4d1dddb8aa26525b9e6cb24bc67aadfdae
13,broken,B3,train_001417_broken_JGN913,rsplit=1.600000;wprior=2.000000;gblock=0.000000,JGN913,JPN913,0.0,0.8333333333333334,1,,0.05555555555555555,722.1577642485499,0.5107643082737923,ae5143e214bd88a02182c7917fdaa262a6e3187714db0f45ebc90e1737cb1a65
13,broken,B3,train_002371_broken_FXM808,rsplit=1.600000;wprior=2.000000;gblock=0.000000,FXM808,F4M808,0.0,0.8333333333333334,0,,0.0,621.6950230300426,0.4218555986881256,bad0af447b16385859a9148a7b36dfe21231b6004c3efed6c6c35249f0f3645e
13,broken,B3,train_002272_broken_TBM010,rsplit=1.600000;wprior=2.000000;gblock=0.000000,TBM010,TBA401,0.0,0.5,1,,0.027777777777777776,647.8202547878027,0.5116062238812447,3773fb5537265a157b0417539198db22e0f1509c968372ecd49752663f518530
13,broken,B3,train_001714_broken_MXZ215,rsplit=1.600000;wprior=2.000000;gblock=0.000000,MXZ215,MX2L5,0.0,0.6666666666666667,3,,0.3421296296296296,831.3856068998575,10.63772477209568,579042b47934dcb9fbd61b912ce8a4bee3e308dccf112a33f9bed7982b9451e0
13,broken,B3-I,train_002578_broken_PXP217,rsplit=1.600000;wprior=2.000000;gblock=0.000000,PXP217,FXVD217,0.0,0.5714285714285714,1,,0.25,639.6546419709921,0.527484342455864,0287919effb60c144bcab413e86fba92195f040deb6fdb0794e4a551bda89334
13,broken,B3-I,train_000697_broken_IKQ880,rsplit=1.600000;wprior=2.000000;gblock=0.000000,IKQ880,4Q8,0.0,0.33333333333333337,0,,0.08400537634408602,562.2035264968872,0.5278261378407478,5efabf0b86b47faea8a4bcdeb666fe269575338b671838e495666b86807ea163
13,broken,B3-I,train_002200_broken_TPZ935,rsplit=1.600000;wprior=2.000000;gblock=0.000000,TPZ935,TDZ935,0.0,0.8333333333333334,0,,0.0,555.2812721580267,0.5592759698629379,00eb98f025435c40851cf67b9409cde5c8741876be5bbd1faa7f70a83105d0cc
13,broken,B3-I,test_004063_broken_BAY484,rsplit=1.600000;wprior=2.000000;gblock=0.000000,BAY484,BAY481,0.0,0.8333333333333334,1,,0.028968253968253966,770.357827655971,0.4721609875559807,552c553b7642f3cb2726fc39e7252325a8a36e52408659ddbf366d7b99006d39
13,broken,B3-I,train_002209_broken_EBU949,rsplit=1.600000;wprior=2.000000;gblock=0.000000,EBU949,E8U949,0.0,0.8333333333333334,0,,0.0,582.8907936811447,0.46924594789743423,0010f64617bd5f7ab2146710eb2e7b96d5c2e61ce9ae64f1cbc4fa1a762299ad
13,broken,B3-I,train_001633_broken_JFZ155,rsplit=1.600000;wprior=2.000000;gblock=0.000000,JFZ155,JFZ155,1.0,1.0,0,,0.0,565.2811741456389,0.5042115226387978,24c2fc013a2b8a928761a65ac2d1469cc7deaa89fc3d8aaea3fde5937c1a5713
13,broken,B3-I,train_001201_broken_PKH957,rsplit=1.600000;wprior=2.000000;gblock=0.000000,PKH957,D4HC57,0.0,0.5,1,,0.05555555555555555,647.7730618789792,0.4753274843096733,dee55229d914d19f11547f2db8f0791ddcb25f830ae3d0449f508630abdeb6c5
13,broken,B3-I,test_004864_broken_PZZ933,rsplit=1.600000;wprior=2.000000;gblock=0.000000,PZZ933,PZZ933,1.0,1.0,0,,0.0,590.3011159971356,0.5619600415229797,fad30ce2ae3ff56dca8396743d387ef80a42ca42caa487b1c33fe575a78f0c7a
13,broken,B3-I,train_002569_broken_LZP141,rsplit=1.600000;wprior=2.000000;gblock=0.000000,LZP141,LZP14,0.0,0.8333333333333334,1,,0.08333333333333333,704.8406759276986,0.48057734966278076,06bbe2ef3b8fc8305e03e7b58eb3fc5f0071b82d0a4847632ce02671046c3351
13,broken,B3-I,test_004576_broken_ZSW456,rsplit=1.600000;wprior=2.000000;gblock=0.000000,ZSW456,7SW41E6,0.0,0.5714285714285714,4,,0.3516666666666666,965.2960738167167,14.732652343809605,fcca37d0368b89e7f19c58b3e5f333db19be66f3e80bfda229bac334cc9bf364
13,broken,B3-I,train_001147_broken_TWV838,rsplit=1.600000;wprior=2.000000;gblock=0.000000,TWV838,1BWV838,0.0,0.7142857142857143,1,,0.056746031746031746,755.6761056184769,11.687475256621838,588717d3491ddfc7b02fbe8abaaf4f4d1dddb8aa26525b9e6cb24bc67aadfdae
13,broken,B3-I,train_001417_broken_JGN913,rsplit=1.600000;wprior=2.000000;gblock=0.000000,JGN913,JPN913,0.0,0.8333333333333334,1,,0.05555555555555555,722.1577642485499,0.5107643082737923,ae5143e214bd88a02182c7917fdaa262a6e3187714db0f45ebc90e1737cb1a65
13,broken,B3-I,train_002371_broken_FXM808,rsplit=1.600000;wprior=2.000000;gblock=0.000000,FXM808,F4M808,0.0,0.8333333333333334,0,,0.0,621.6950230300426,0.4218555986881256,bad0af447b16385859a9148a7b36dfe21231b6004c3efed6c6c35249f0f3645e
13,broken,B3-I,train_002272_broken_TBM010,rsplit=1.600000;wprior=2.000000;gblock=0.000000,TBM010,TBA401,0.0,0.5,1,,0.027777777777777776,647.8202547878027,0.5116062238812447,3773fb5537265a157b0417539198db22e0f1509c968372ecd49752663f518530
13,broken,B3-I,train_001714_broken_MXZ215,rsplit=1.600000;wprior=2.000000;gblock=0.000000,MXZ215,MX2L5,0.0,0.6666666666666667,3,,0.3421296296296296,831.3856068998575,10.63772477209568,579042b47934dcb9fbd61b912ce8a4bee3e308dccf112a33f9bed7982b9451e0
13,broken,B3-R0,train_002578_broken_PXP217,rsplit=1.600000;wprior=2.000000;gblock=0.000000,PXP217,FXVD217,0.0,0.5714285714285714,1,,0.25,639.6546419709921,0.527484342455864,0287919effb60c144bcab413e86fba92195f040deb6fdb0794e4a551bda89334
13,broken,B3-R0,train_000697_broken_IKQ880,rsplit=1.600000;wprior=2.000000;gblock=0.000000,IKQ880,4Q8,0.0,0.33333333333333337,0,,0.08400537634408602,562.2035264968872,0.5278261378407478,5efabf0b86b47faea8a4bcdeb666fe269575338b671838e495666b86807ea163
13,broken,B3-R0,train_002200_broken_TPZ935,rsplit=1.600000;wprior=2.000000;gblock=0.000000,TPZ935,TDZ935,0.0,0.8333333333333334,0,,0.0,555.2812721580267,0.5592759698629379,00eb98f025435c40851cf67b9409cde5c8741876be5bbd1faa7f70a83105d0cc
13,broken,B3-R0,test_004063_broken_BAY484,rsplit=1.600000;wprior=2.000000;gblock=0.000000,BAY484,BAY481,0.0,0.8333333333333334,1,,0.028968253968253966,770.357827655971,0.4721609875559807,552c553b7642f3cb2726fc39e7252325a8a36e52408659ddbf366d7b99006d39
13,broken,B3-R0,train_002209_broken_EBU949,rsplit=1.600000;wprior=2.000000;gblock=0.000000,EBU949,E8U949,0.0,0.8333333333333334,0,,0.0,582.8907936811447,0.46924594789743423,0010f64617bd5f7ab2146710eb2e7b96d5c2e61ce9ae64f1cbc4fa1a762299ad
13,broken,B3-R0,train_001633_broken_JFZ155,rsplit=1.600000;wprior=2.000000;gblock=0.000000,JFZ155,JFZ155,1.0,1.0,0,,0.0,565.2811741456389,0.5042115226387978,24c2fc013a2b8a928761a65ac2d1469cc7deaa89fc3d8aaea3fde5937c1a5713
13,broken,B3-R0,train_001201_broken_PKH957,rsplit=1.600000;wprior=2.000000;gblock=0.000000,PKH957,D4HC57,0.0,0.5,1,,0.05555555555555555,647.7730618789792,0.4753274843096733,dee55229d914d19f11547f2db8f0791ddcb25f830ae3d0449f508630abdeb6c5
13,broken,B3-R0,test_004864_broken_PZZ933,rsplit=1.600000;wprior=2.000000;gblock=0.000000,PZZ933,PZZ933,1.0,1.0,0,,0.0,590.3011159971356,0.5619600415229797,fad30ce2ae3ff56dca8396743d387ef80a42ca42caa487b1c33fe575a78f0c7a
13,broken,B3-R0,train_002569_broken_LZP141,rsplit=1.600000;wprior=2.000000;gblock=0.000000,LZP141,LZP14,0.0,0.8333333333333334,1,,0.08333333333333333,704.8406759276986,0.48057734966278076,06bbe2ef3b8fc8305e03e7b58eb3fc5f0071b82d0a4847632ce02671046c3351
13,broken,B3-R0,test_004576_broken_ZSW456,rsplit=1.600000;wprior=2.000000;gblock=0.000000,ZSW456,7SW41E6,0.0,0.5714285714285714,4,,0.3516666666666666,965.2960738167167,14.732652343809605,fcca37d0368b89e7f19c58b3e5f333db19be66f3e80bfda229bac334cc9bf364
13,broken,B3-R0,train_001147_broken_TWV838,rsplit=1.600000;wprior=2.000000;gblock=0.000000,TWV838,1BWV838,0.0,0.7142857142857143,1,,0.056746031746031746,755.6761056184769,11.687475256621838,588717d3491ddfc7b02fbe8abaaf4f4d1dddb8aa26525b9e6cb24bc67aadfdae
13,broken,B3-R0,train_001417_broken_JGN913,rsplit=1.600000;wprior=2.000000;gblock=0.000000,JGN913,JPN913,0.0,0.8333333333333334,1,,0.05555555555555555,722.1577642485499,0.5107643082737923,ae5143e214bd88a02182c7917fdaa262a6e3187714db0f45ebc90e1737cb1a65
13,broken,B3-R0,train_002371_broken_FXM808,rsplit=1.600000;wprior=2.000000;gblock=0.000000,FXM808,F4M808,0.0,0.8333333333333334,0,,0.0,621.6950230300426,0.4218555986881256,bad0af447b16385859a9148a7b36dfe21231b6004c3efed6c6c35249f0f3645e
13,broken,B3-R0,train_002272_broken_TBM010,rsplit=1.600000;wprior=2.000000;gblock=0.000000,TBM010,TBA401,0.0,0.5,1,,0.027777777777777776,647.8202547878027,0.5116062238812447,3773fb5537265a157b0417539198db22e0f1509c968372ecd49752663f518530
13,broken,B3-R0,train_001714_broken_MXZ215,rsplit=1.600000;wprior=2.000000;gblock=0.000000,MXZ215,MX2L5,0.0,0.6666666666666667,3,,0.3421296296296296,831.3856068998575,10.63772477209568,579042b47934dcb9fbd61b912ce8a4bee3e308dccf112a33f9bed7982b9451e0
14,clean,B0,train_002367_clean_EVV665,rsplit=1.600000;wprior=2.000000;gblock=0.050000,EVV665,EVV665,1.0,1.0,0,,0.0,580.8818219229579,0.4639364778995514,9013a60c2c2536cf748fd9eb8ff3d7bad578607fb497df03c91e9b686e9132e0
14,clean,B0,train_001674_clean_ELK744,rsplit=1.600000;wprior=2.000000;gblock=0.050000,ELK744,ELK744,1.0,1.0,0,,0.0,561.1500833183527,0.4692552611231804,a8732facddb143245352cb6bc98caa5540d9af34144df0bc2cfaafc9b3002bdc
14,clean,B0,train_001431_clean_ZDF872,rsplit=1.600000;wprior=2.000000;gblock=0.050000,ZDF872,ZDF872,1.0,1.0,0,,0.0,569.5454087108374,0.47786254435777664,d24727b864b10bf523dafb794a91e37fe5d1bc34f414c88eb586af8b9bf12653
14,clean,B0,train_000702_clean_EXM229,rsplit=1.600000;wprior=2.000000;gblock=0.050000,EXM229,EXM229,1.0,1.0,0,,0.0,564.8100404068828,0.46697165817022324,4c4d29847ee69bac64e156d65e6fe9641397ad53f8ea87d5f1d0812422142e23
14,clean,B0,train_000000_clean_UPW443,rsplit=1.600000;wprior=2.000000;gblock=0.050000,UPW443,UPW443,1.0,1.0,0,,0.0,601.138224825263,14.34103213250637,c8ae38d3e233077aedb465231bc88e310f2f26127e450834778e8a4e462317dc
14,clean,B0,test_004905_clean_TXS733,rsplit=1.600000;wprior=2.000000;gblock=0.050000,TXS733,T4S733,0.0,0.8333333333333334,0,,0.0,571.7798639088869,0.4685940220952034,487fccfb8044dcbc5c7c54832e7da7c65506a35a41ee01dac14156f039bcd716
14,clean,B0,train_001044_clean_LGG702,rsplit=1.600000;wprior=2.000000;gblock=0.050000,LGG702,LGG702,1.0,1.0,0,,0.0,569.4921249523759,0.48143789172172546,a99028c9fbf1545d6c54eaf42eb6d5e59fbde457850d4c1a938b8c0d50eb4489
14,clean,B0,train_001368_clean_RON944,rsplit=1.600000;wprior=2.000000;gblock=0.050000,RON944,N944,0.0,0.6666666666666667,0,,0.05555555555555555,601.9140593707561,0.4800260066986084,084c05929d1bab1d53d3a4573a7d8bc136b7b92e16977e3d644cf846fc611697
14,clean,B0,train_000009_clean_IRB207,rsplit=1.600000;wprior=2.000000;gblock=0.050000,IRB207,IRB207,1.0,1.0,0,,0.0022569444444444455,572.2359251230955,0.48661790788173676,c4d3c84e9785afc33adcdfbf71f71130c71f58b688914ed1a2b5c90cf6133a50
14,clean,B0,train_000342_clean_TMI702,rsplit=1.600000;wprior=2.000000;gblock=0.050000,TMI702,TM702,0.0,0.8333333333333334,0,,0.029132457580733444,605.3082067519426,0.4791952669620514,682251370bc31f592444fded4bc193cc84efb007729f3df8c8b1a27b5907ec20
14,clean,B0,train_002799_clean_WIQ324,rsplit=1.600000;wprior=2.000000;gblock=0.050000,WIQ324,WQ324,0.0,0.8333333333333334,0,,0.029406130268199233,578.3642521128058,16.210290603339672,b5cf25b5a69aa253a01359082d8388646571cb57462b73c3af595e3bdc89ffa7
14,clean,B0,train_000081_clean_FRU969,rsplit=1.600000;wprior=2.000000;gblock=0.050000,FRU969,FRU969,1.0,1.0,0,,0.0,552.4991620332003,0.46245381236076355,886c0c09172d2c45a5c4bb34b582e7e68a49d8d9751d2ce46b7b84e447e7e37d
14,clean,B0,train_000729_clean_GVI106,rsplit=1.600000;wprior=2.000000;gblock=0.050000,GVI106,GV106,0.0,0.8333333333333334,0,,0.029166666666666664,573.2782939448953,0.47292280942201614,9aa41d4ff0ebd130808070e6411a1784c322fb1f0d693af1cf867c59433c89ca
14,clean,B0,test_004545_clean_AGJ448,rsplit=1.600000;wprior=2.000000;gblock=0.050000,AGJ448,AGJ448,1.0,1.0,0,,0.0,649.5833303779364,0.4482259973883629,432dfd78c95d98cdf3c221600d9f9028972ef0b5f4257e620117fba5b8af73c4
14,clean,B0,train_001611_clean_ASX854,rsplit=1.600000;wprior=2.000000;gblock=0.050000,ASX854,ASX854,1.0,1.0,0,,0.0,548.9566447213292,0.4563303664326668,1af57240c99cf184aedcc47affe50263a962256c47c3c8adf19b1d0284a9c6ff
14,clean,B1,train_002367_clean_EVV665,rsplit=1.600000;wprior=2.000000;gblock=0.000000,EVV665,EVV665,1.0,1.0,0,,0.0,556.6615806892514,0.4660487174987793,4c78a6a1f8ccba39c6f942ab0f8c0980cd00bf9daf204b47939fc1e7151d1915
14,clean,B1,train_001674_clean_ELK744,rsplit=1.600000;wprior=2.000000;gblock=0.000000,ELK744,ELK744,1.0,1.0,0,,0.0,566.2783570587635,0.5756756290793419,4bff422bc275ad2f38fcc74e5f837c111d819b398a6100f0645b0ba8ad6a9b9c
14,clean,B1,train_001431_clean_ZDF872,rsplit=1.600000;wprior=2.000000;gblock=0.000000,ZDF872,ZDF872,1.0,1.0,0,,0.0,576.0083487257361,0.4628831520676613,dcf6fea78cea700f96f5d070c3c0b8892f28a2388671792f4bf4f86cb3f850cf
14,clean,B1,train_000702_clean_EXM229,rsplit=1.600000;wprior=2.000000;gblock=0.000000,EXM229,EXM229,1.0,1.0,0,,0.0,557.7964009717107,0.5333563312888145,dd62fe2578f7aa7bad2b1ecefb96d011536e6abe98ed557da2260feba6c5bbec
14,clean,B1,train_000000_clean_UPW443,rsplit=1.600000;wprior=2.000000;gblock=0.000000,UPW443,UPW443,1.0,1.0,0,,0.0,583.3233036100864,15.793555416166782,deb7a4799d6791521adf7ea7f357d0a47ed9b333ecf7c140d97ffbe31c4f0e3f
14,clean,B1,test_004905_clean_TXS733,rsplit=1.600000;wprior=2.000000;gblock=0.000000,TXS733,T4S733,0.0,0.8333333333333334,0,,0.0,568.5936557129025,0.5769487470388412,2b40d98728e839d0ca49579bb32e7b3e9f8d82ae7c77e713117e8a08dfcc6048
14,clean,B1,train_001044_clean_LGG702,rsplit=1.600000;wprior=2.000000;gblock=0.000000,LGG702,LGG702,1.0,1.0,0,,0.0,560.774328187108,0.47327298671007156,e62930a6defb11758c24304f62cecbb216e99d61fa6e84bc00d73883b9899a66
14,clean,B1,train_001368_clean_RON944,rsplit=1.600000;wprior=2.000000;gblock=0.000000,RON944,N944,0.0,0.6666666666666667,0,,0.05555555555555555,558.9674925431609,0.4773018881678581,a32d41baf8f5ce9fe15976acf46c276b81dbd6b618f651a6da6da91ba50d3897
14,clean,B1,train_000009_clean_IRB207,rsplit=1.600000;wprior=2.000000;gblock=0.000000,IRB207,IRB207,1.0,1.0,0,,0.0022569444444444455,547.5972257554531,0.36757346242666245,98d2fa39c7181d92dda92408d84e0578dbec38a5b0e5698c0d5530eae1501cc2
14,clean,B1,train_000342_clean_TMI702,rsplit=1.600000;wprior=2.000000;gblock=0.000000,TMI702,TM702,0.0,0.8333333333333334,0,,0.029132457580733444,560.7294868677855,0.4694359377026558,ee236f8cddc1568da4cb3531102bd2df89c23dba1246200d4e311f4c6afb1ae5
14,clean,B1,train_002799_clean_WIQ324,rsplit=1.600000;wprior=2.000000;gblock=0.000000,WIQ324,WQ324,0.0,0.8333333333333334,0,,0.029406130268199233,582.5599543750286,16.17666706442833,740cd91e2b631493e6bc68ea83789e66a2d40cd4a21de13162a5d6894b474a50
14,clean,B1,train_000081_clean_FRU969,rsplit=1.600000;wprior=2.000000;gblock=0.000000,FRU969,FRU969,1.0,1.0,0,,0.0,555.7092344388366,0.469026155769825,27ad9d9e50193ac44195cb36c7761cfd1c0d94259de971384e25e56aebb0bd73
14,clean,B1,train_000729_clean_GVI106,rsplit=1.600000;wprior=2.000000;gblock=0.000000,GVI106,GV106,0.0,0.8333333333333334,0,,0.029166666666666664,559.2954820021987,0.47521665692329407,fb01466d9db99744b04ece0517d2cf4c9b65028ccd752fc8d2e6715afab68031
14,clean,B1,test_004545_clean_AGJ448,rsplit=1.600000;wprior=2.000000;gblock=0.000000,AGJ448,AGJ448,1.0,1.0,0,,0.0,547.152386046946,0.5928687751293182,0df3d1f96511ce34052ff31c0d704b8819153bbf0bde58b74dc08293785041f8
14,clean,B1,train_001611_clean_ASX854,rsplit=1.600000;wprior=2.000000;gblock=0.000000,ASX854,ASX854,1.0,1.0,0,,0.0,560.6851242482662,0.4727020859718323,719dff6b0ac5224a3e79e50021b6d1a7dbc9f8276bf130fa150b02480d5dd8f6
14,clean,B2,train_002367_clean_EVV665,rsplit=1.600000;wprior=2.000000;gblock=0.000000,EVV665,EVV665,1.0,1.0,0,,0.0,556.6615806892514,0.4660487174987793,4c78a6a1f8ccba39c6f942ab0f8c0980cd00bf9daf204b47939fc1e7151d1915
14,clean,B2,train_001674_clean_ELK744,rsplit=1.600000;wprior=2.000000;gblock=0.000000,ELK744,ELK744,1.0,1.0,0,,0.0,566.2783570587635,0.5756756290793419,4bff422bc275ad2f38fcc74e5f837c111d819b398a6100f0645b0ba8ad6a9b9c
14,clean,B2,train_001431_clean_ZDF872,rsplit=1.600000;wprior=2.000000;gblock=0.000000,ZDF872,ZDF872,1.0,1.0,0,,0.0,576.0083487257361,0.4628831520676613,dcf6fea78cea700f96f5d070c3c0b8892f28a2388671792f4bf4f86cb3f850cf
14,clean,B2,train_000702_clean_EXM229,rsplit=1.600000;wprior=2.000000;gblock=0.000000,EXM229,EXM229,1.0,1.0,0,,0.0,557.7964009717107,0.5333563312888145,dd62fe2578f7aa7bad2b1ecefb96d011536e6abe98ed557da2260feba6c5bbec
14,clean,B2,train_000000_clean_UPW443,rsplit=1.600000;wprior=2.000000;gblock=0.000000,UPW443,UPW443,1.0,1.0,0,,0.0,583.3233036100864,15.793555416166782,deb7a4799d6791521adf7ea7f357d0a47ed9b333ecf7c140d97ffbe31c4f0e3f
14,clean,B2,test_004905_clean_TXS733,rsplit=1.600000;wprior=2.000000;gblock=0.000000,TXS733,T4S733,0.0,0.8333333333333334,0,,0.0,568.5936557129025,0.5769487470388412,2b40d98728e839d0ca49579bb32e7b3e9f8d82ae7c77e713117e8a08dfcc6048
14,clean,B2,train_001044_clean_LGG702,rsplit=1.600000;wprior=2.000000;gblock=0.000000,LGG702,LGG702,1.0,1.0,0,,0.0,560.774328187108,0.47327298671007156,e62930a6defb11758c24304f62cecbb216e99d61fa6e84bc00d73883b9899a66
14,clean,B2,train_001368_clean_RON944,rsplit=1.600000;wprior=2.000000;gblock=0.000000,RON944,N944,0.0,0.6666666666666667,0,,0.05555555555555555,558.9674925431609,0.4773018881678581,a32d41baf8f5ce9fe15976acf46c276b81dbd6b618f651a6da6da91ba50d3897
14,clean,B2,train_000009_clean_IRB207,rsplit=1.600000;wprior=2.000000;gblock=0.000000,IRB207,IRB207,1.0,1.0,0,,0.0022569444444444455,547.5972257554531,0.36757346242666245,98d2fa39c7181d92dda92408d84e0578dbec38a5b0e5698c0d5530eae1501cc2
14,clean,B2,train_000342_clean_TMI702,rsplit=1.600000;wprior=2.000000;gblock=0.000000,TMI702,TM702,0.0,0.8333333333333334,0,,0.029132457580733444,560.7294868677855,0.4694359377026558,ee236f8cddc1568da4cb3531102bd2df89c23dba1246200d4e311f4c6afb1ae5
14,clean,B2,train_002799_clean_WIQ324,rsplit=1.600000;wprior=2.000000;gblock=0.000000,WIQ324,WQ324,0.0,0.8333333333333334,0,,0.029406130268199233,582.5599543750286,16.17666706442833,740cd91e2b631493e6bc68ea83789e66a2d40cd4a21de13162a5d6894b474a50
14,clean,B2,train_000081_clean_FRU969,rsplit=1.600000;wprior=2.000000;gblock=0.000000,FRU969,FRU969,1.0,1.0,0,,0.0,555.7092344388366,0.469026155769825,27ad9d9e50193ac44195cb36c7761cfd1c0d94259de971384e25e56aebb0bd73
14,clean,B2,train_000729_clean_GVI106,rsplit=1.600000;wprior=2.000000;gblock=0.000000,GVI106,GV106,0.0,0.8333333333333334,0,,0.029166666666666664,559.2954820021987,0.47521665692329407,fb01466d9db99744b04ece0517d2cf4c9b65028ccd752fc8d2e6715afab68031
14,clean,B2,test_004545_clean_AGJ448,rsplit=1.600000;wprior=2.000000;gblock=0.000000,AGJ448,AGJ448,1.0,1.0,0,,0.0,547.152386046946,0.5928687751293182,0df3d1f96511ce34052ff31c0d704b8819153bbf0bde58b74dc08293785041f8
14,clean,B2,train_001611_clean_ASX854,rsplit=1.600000;wprior=2.000000;gblock=0.000000,ASX854,ASX854,1.0,1.0,0,,0.0,560.6851242482662,0.4727020859718323,719dff6b0ac5224a3e79e50021b6d1a7dbc9f8276bf130fa150b02480d5dd8f6
14,clean,B3,train_002367_clean_EVV665,rsplit=1.600000;wprior=2.000000;gblock=0.000000,EVV665,EVV665,1.0,1.0,0,,0.0,556.6615806892514,0.4660487174987793,4c78a6a1f8ccba39c6f942ab0f8c0980cd00bf9daf204b47939fc1e7151d1915
14,clean,B3,train_001674_clean_ELK744,rsplit=1.600000;wprior=2.000000;gblock=0.000000,ELK744,ELK744,1.0,1.0,0,,0.0,566.2783570587635,0.5756756290793419,4bff422bc275ad2f38fcc74e5f837c111d819b398a6100f0645b0ba8ad6a9b9c
14,clean,B3,train_001431_clean_ZDF872,rsplit=1.600000;wprior=2.000000;gblock=0.000000,ZDF872,ZDF872,1.0,1.0,0,,0.0,576.0083487257361,0.4628831520676613,dcf6fea78cea700f96f5d070c3c0b8892f28a2388671792f4bf4f86cb3f850cf
14,clean,B3,train_000702_clean_EXM229,rsplit=1.600000;wprior=2.000000;gblock=0.000000,EXM229,EXM229,1.0,1.0,0,,0.0,557.7964009717107,0.5333563312888145,dd62fe2578f7aa7bad2b1ecefb96d011536e6abe98ed557da2260feba6c5bbec
14,clean,B3,train_000000_clean_UPW443,rsplit=1.600000;wprior=2.000000;gblock=0.000000,UPW443,UPW443,1.0,1.0,0,,0.0,583.3233036100864,15.793555416166782,deb7a4799d6791521adf7ea7f357d0a47ed9b333ecf7c140d97ffbe31c4f0e3f
14,clean,B3,test_004905_clean_TXS733,rsplit=1.600000;wprior=2.000000;gblock=0.000000,TXS733,T4S733,0.0,0.8333333333333334,0,,0.0,568.5936557129025,0.5769487470388412,2b40d98728e839d0ca49579bb32e7b3e9f8d82ae7c77e713117e8a08dfcc6048
14,clean,B3,train_001044_clean_LGG702,rsplit=1.600000;wprior=2.000000;gblock=0.000000,LGG702,LGG702,1.0,1.0,0,,0.0,560.774328187108,0.47327298671007156,e62930a6defb11758c24304f62cecbb216e99d61fa6e84bc00d73883b9899a66
14,clean,B3,train_001368_clean_RON944,rsplit=1.600000;wprior=2.000000;gblock=0.000000,RON944,N944,0.0,0.6666666666666667,0,,0.05555555555555555,558.9674925431609,0.4773018881678581,a32d41baf8f5ce9fe15976acf46c276b81dbd6b618f651a6da6da91ba50d3897
14,clean,B3,train_000009_clean_IRB207,rsplit=1.600000;wprior=2.000000;gblock=0.000000,IRB207,IRB207,1.0,1.0,0,,0.0022569444444444455,547.5972257554531,0.36757346242666245,98d2fa39c7181d92dda92408d84e0578dbec38a5b0e5698c0d5530eae1501cc2
14,clean,B3,train_000342_clean_TMI702,rsplit=1.600000;wprior=2.000000;gblock=0.000000,TMI702,TM702,0.0,0.8333333333333334,0,,0.029132457580733444,560.7294868677855,0.4694359377026558,ee236f8cddc1568da4cb3531102bd2df89c23dba1246200d4e311f4c6afb1ae5
14,clean,B3,train_002799_clean_WIQ324,rsplit=1.600000;wprior=2.000000;gblock=0.000000,WIQ324,WQ324,0.0,0.8333333333333334,0,,0.029406130268199233,582.5599543750286,16.17666706442833,740cd91e2b631493e6bc68ea83789e66a2d40cd4a21de13162a5d6894b474a50
14,clean,B3,train_000081_clean_FRU969,rsplit=1.600000;wprior=2.000000;gblock=0.000000,FRU969,FRU969,1.0,1.0,0,,0.0,555.7092344388366,0.469026155769825,27ad9d9e50193ac44195cb36c7761cfd1c0d94259de971384e25e56aebb0bd73
14,clean,B3,train_000729_clean_GVI106,rsplit=1.600000;wprior=2.000000;gblock=0.000000,GVI106,GV106,0.0,0.8333333333333334,0,,0.029166666666666664,559.2954820021987,0.47521665692329407,fb01466d9db99744b04ece0517d2cf4c9b65028ccd752fc8d2e6715afab68031
14,clean,B3,test_004545_clean_AGJ448,rsplit=1.600000;wprior=2.000000;gblock=0.000000,AGJ448,AGJ448,1.0,1.0,0,,0.0,547.152386046946,0.5928687751293182,0df3d1f96511ce34052ff31c0d704b8819153bbf0bde58b74dc08293785041f8
14,clean,B3,train_001611_clean_ASX854,rsplit=1.600000;wprior=2.000000;gblock=0.000000,ASX854,ASX854,1.0,1.0,0,,0.0,560.6851242482662,0.4727020859718323,719dff6b0ac5224a3e79e50021b6d1a7dbc9f8276bf130fa150b02480d5dd8f6
14,clean,B3-I,train_002367_clean_EVV665,rsplit=1.600000;wprior=2.000000;gblock=0.000000,EVV665,EVV665,1.0,1.0,0,,0.0,556.6615806892514,0.4660487174987793,4c78a6a1f8ccba39c6f942ab0f8c0980cd00bf9daf204b47939fc1e7151d1915
14,clean,B3-I,train_001674_clean_ELK744,rsplit=1.600000;wprior=2.000000;gblock=0.000000,ELK744,ELK744,1.0,1.0,0,,0.0,566.2783570587635,0.5756756290793419,4bff422bc275ad2f38fcc74e5f837c111d819b398a6100f0645b0ba8ad6a9b9c
14,clean,B3-I,train_001431_clean_ZDF872,rsplit=1.600000;wprior=2.000000;gblock=0.000000,ZDF872,ZDF872,1.0,1.0,0,,0.0,576.0083487257361,0.4628831520676613,dcf6fea78cea700f96f5d070c3c0b8892f28a2388671792f4bf4f86cb3f850cf
14,clean,B3-I,train_000702_clean_EXM229,rsplit=1.600000;wprior=2.000000;gblock=0.000000,EXM229,EXM229,1.0,1.0,0,,0.0,557.7964009717107,0.5333563312888145,dd62fe2578f7aa7bad2b1ecefb96d011536e6abe98ed557da2260feba6c5bbec
14,clean,B3-I,train_000000_clean_UPW443,rsplit=1.600000;wprior=2.000000;gblock=0.000000,UPW443,UPW443,1.0,1.0,0,,0.0,583.3233036100864,15.793555416166782,deb7a4799d6791521adf7ea7f357d0a47ed9b333ecf7c140d97ffbe31c4f0e3f
14,clean,B3-I,test_004905_clean_TXS733,rsplit=1.600000;wprior=2.000000;gblock=0.000000,TXS733,T4S733,0.0,0.8333333333333334,0,,0.0,568.5936557129025,0.5769487470388412,2b40d98728e839d0ca49579bb32e7b3e9f8d82ae7c77e713117e8a08dfcc6048
14,clean,B3-I,train_001044_clean_LGG702,rsplit=1.600000;wprior=2.000000;gblock=0.000000,LGG702,LGG702,1.0,1.0,0,,0.0,560.774328187108,0.47327298671007156,e62930a6defb11758c24304f62cecbb216e99d61fa6e84bc00d73883b9899a66
14,clean,B3-I,train_001368_clean_RON944,rsplit=1.600000;wprior=2.000000;gblock=0.000000,RON944,N944,0.0,0.6666666666666667,0,,0.05555555555555555,558.9674925431609,0.4773018881678581,a32d41baf8f5ce9fe15976acf46c276b81dbd6b618f651a6da6da91ba50d3897
14,clean,B3-I,train_000009_clean_IRB207,rsplit=1.600000;wprior=2.000000;gblock=0.000000,IRB207,IRB207,1.0,1.0,0,,0.0022569444444444455,547.5972257554531,0.36757346242666245,98d2fa39c7181d92dda92408d84e0578dbec38a5b0e5698c0d5530eae1501cc2
14,clean,B3-I,train_000342_clean_TMI702,rsplit=1.600000;wprior=2.000000;gblock=0.000000,TMI702,TM702,0.0,0.8333333333333334,0,,0.029132457580733444,560.7294868677855,0.4694359377026558,ee236f8cddc1568da4cb3531102bd2df89c23dba1246200d4e311f4c6afb1ae5
14,clean,B3-I,train_002799_clean_WIQ324,rsplit=1.600000;wprior=2.000000;gblock=0.000000,WIQ324,WQ324,0.0,0.8333333333333334,0,,0.029406130268199233,582.5599543750286,16.17666706442833,740cd91e2b631493e6bc68ea83789e66a2d40cd4a21de13162a5d6894b474a50
14,clean,B3-I,train_000081_clean_FRU969,rsplit=1.600000;wprior=2.000000;gblock=0.000000,FRU969,FRU969,1.0,1.0,0,,0.0,555.7092344388366,0.469026155769825,27ad9d9e50193ac44195cb36c7761cfd1c0d94259de971384e25e56aebb0bd73
14,clean,B3-I,train_000729_clean_GVI106,rsplit=1.600000;wprior=2.000000;gblock=0.000000,GVI106,GV106,0.0,0.8333333333333334,0,,0.029166666666666664,559.2954820021987,0.47521665692329407,fb01466d9db99744b04ece0517d2cf4c9b65028ccd752fc8d2e6715afab68031
14,clean,B3-I,test_004545_clean_AGJ448,rsplit=1.600000;wprior=2.000000;gblock=0.000000,AGJ448,AGJ448,1.0,1.0,0,,0.0,547.152386046946,0.5928687751293182,0df3d1f96511ce34052ff31c0d704b8819153bbf0bde58b74dc08293785041f8
14,clean,B3-I,train_001611_clean_ASX854,rsplit=1.600000;wprior=2.000000;gblock=0.000000,ASX854,ASX854,1.0,1.0,0,,0.0,560.6851242482662,0.4727020859718323,719dff6b0ac5224a3e79e50021b6d1a7dbc9f8276bf130fa150b02480d5dd8f6
14,clean,B3-R0,train_002367_clean_EVV665,rsplit=1.600000;wprior=2.000000;gblock=0.000000,EVV665,EVV665,1.0,1.0,0,,0.0,556.6615806892514,0.4660487174987793,4c78a6a1f8ccba39c6f942ab0f8c0980cd00bf9daf204b47939fc1e7151d1915
14,clean,B3-R0,train_001674_clean_ELK744,rsplit=1.600000;wprior=2.000000;gblock=0.000000,ELK744,ELK744,1.0,1.0,0,,0.0,566.2783570587635,0.5756756290793419,4bff422bc275ad2f38fcc74e5f837c111d819b398a6100f0645b0ba8ad6a9b9c
14,clean,B3-R0,train_001431_clean_ZDF872,rsplit=1.600000;wprior=2.000000;gblock=0.000000,ZDF872,ZDF872,1.0,1.0,0,,0.0,576.0083487257361,0.4628831520676613,dcf6fea78cea700f96f5d070c3c0b8892f28a2388671792f4bf4f86cb3f850cf
14,clean,B3-R0,train_000702_clean_EXM229,rsplit=1.600000;wprior=2.000000;gblock=0.000000,EXM229,EXM229,1.0,1.0,0,,0.0,557.7964009717107,0.5333563312888145,dd62fe2578f7aa7bad2b1ecefb96d011536e6abe98ed557da2260feba6c5bbec
14,clean,B3-R0,train_000000_clean_UPW443,rsplit=1.600000;wprior=2.000000;gblock=0.000000,UPW443,UPW443,1.0,1.0,0,,0.0,583.3233036100864,15.793555416166782,deb7a4799d6791521adf7ea7f357d0a47ed9b333ecf7c140d97ffbe31c4f0e3f
14,clean,B3-R0,test_004905_clean_TXS733,rsplit=1.600000;wprior=2.000000;gblock=0.000000,TXS733,T4S733,0.0,0.8333333333333334,0,,0.0,568.5936557129025,0.5769487470388412,2b40d98728e839d0ca49579bb32e7b3e9f8d82ae7c77e713117e8a08dfcc6048
14,clean,B3-R0,train_001044_clean_LGG702,rsplit=1.600000;wprior=2.000000;gblock=0.000000,LGG702,LGG702,1.0,1.0,0,,0.0,560.774328187108,0.47327298671007156,e62930a6defb11758c24304f62cecbb216e99d61fa6e84bc00d73883b9899a66
14,clean,B3-R0,train_001368_clean_RON944,rsplit=1.600000;wprior=2.000000;gblock=0.000000,RON944,N944,0.0,0.6666666666666667,0,,0.05555555555555555,558.9674925431609,0.4773018881678581,a32d41baf8f5ce9fe15976acf46c276b81dbd6b618f651a6da6da91ba50d3897
14,clean,B3-R0,train_000009_clean_IRB207,rsplit=1.600000;wprior=2.000000;gblock=0.000000,IRB207,IRB207,1.0,1.0,0,,0.0022569444444444455,547.5972257554531,0.36757346242666245,98d2fa39c7181d92dda92408d84e0578dbec38a5b0e5698c0d5530eae1501cc2
14,clean,B3-R0,train_000342_clean_TMI702,rsplit=1.600000;wprior=2.000000;gblock=0.000000,TMI702,TM702,0.0,0.8333333333333334,0,,0.029132457580733444,560.7294868677855,0.4694359377026558,ee236f8cddc1568da4cb3531102bd2df89c23dba1246200d4e311f4c6afb1ae5
14,clean,B3-R0,train_002799_clean_WIQ324,rsplit=1.600000;wprior=2.000000;gblock=0.000000,WIQ324,WQ324,0.0,0.8333333333333334,0,,0.029406130268199233,582.5599543750286,16.17666706442833,740cd91e2b631493e6bc68ea83789e66a2d40cd4a21de13162a5d6894b474a50
14,clean,B3-R0,train_000081_clean_FRU969,rsplit=1.600000;wprior=2.000000;gblock=0.000000,FRU969,FRU969,1.0,1.0,0,,0.0,555.7092344388366,0.469026155769825,27ad9d9e50193ac44195cb36c7761cfd1c0d94259de971384e25e56aebb0bd73
14,clean,B3-R0,train_000729_clean_GVI106,rsplit=1.600000;wprior=2.000000;gblock=0.000000,GVI106,GV106,0.0,0.8333333333333334,0,,0.029166666666666664,559.2954820021987,0.47521665692329407,fb01466d9db99744b04ece0517d2cf4c9b65028ccd752fc8d2e6715afab68031
14,clean,B3-R0,test_004545_clean_AGJ448,rsplit=1.600000;wprior=2.000000;gblock=0.000000,AGJ448,AGJ448,1.0,1.0,0,,0.0,547.152386046946,0.5928687751293182,0df3d1f96511ce34052ff31c0d704b8819153bbf0bde58b74dc08293785041f8
14,clean,B3-R0,train_001611_clean_ASX854,rsplit=1.600000;wprior=2.000000;gblock=0.000000,ASX854,ASX854,1.0,1.0,0,,0.0,560.6851242482662,0.4727020859718323,719dff6b0ac5224a3e79e50021b6d1a7dbc9f8276bf130fa150b02480d5dd8f6
15,combo,B0,train_002951_combo_UFC607,rsplit=1.600000;wprior=2.000000;gblock=0.050000,UFC607,U607,0.0,0.6666666666666667,0,,0.05555555555555555,578.2323936000466,0.48189982771873474,705bb4fe1e85f47b88d31ffe470f79ff3ee6a6f1921fa232a517a6beb0e9ca7b
15,combo,B0,train_003653_combo_VJC050,rsplit=1.600000;wprior=2.000000;gblock=0.050000,VJC050,V050,0.0,0.6666666666666667,1,,0.08333333333333333,486.9282217696309,14.632536098361015,02871d7d58a4558c73ab836e89c00bf33033721cc40ae5e134c1e0996f23763e
15,combo,B0,train_001934_combo_QNQ797,rsplit=1.600000;wprior=2.000000;gblock=0.050000,QNQ797,Q79I,0.0,0.5,2,,0.1111111111111111,405.65789584070444,22.091064602136612,bb816a6ff6b3143dd41dec380f912efd9dc438422471db1f674f14f183646191
15,combo,B0,train_003113_combo_FYE782,rsplit=1.600000;wprior=2.000000;gblock=0.050000,FYE782,FYE82,0.0,0.8333333333333334,0,,0.027777777777777776,616.6857583448291,0.4616016522049904,257ec145c8300c0545b093bfd05bc5699853665122da73e643d8bfc08804ddc8
15,combo,B0,train_003347_combo_CXI107,rsplit=1.600000;wprior=2.000000;gblock=0.050000,CXI107,CX107,0.0,0.8333333333333334,0,,0.027777777777777776,687.106360681355,0.48226024955511093,26a6001611bf178cb1539f61158839091326e5f769fafd83bedf6156c648d474
15,combo,B0,train_001790_combo_HDK447,rsplit=1.600000;wprior=2.000000;gblock=0.050000,HDK447,HDK4,0.0,0.6666666666666667,1,,0.125,527.4057993665338,18.906674347817898,de3fa6f1d7d0cacfd08d50e33a3d680771066ce4411bf251645a0eed70e99b73
15,combo,B0,train_000377_combo_BDU946,rsplit=1.600000;wprior=2.000000;gblock=0.050000,BDU946,BDU96,0.0,0.8333333333333334,1,,0.05555555555555555,529.720064252615,19.82739195227623,a185b6d8dad13e7a37cfc077d5a1ae445931d2cef8c77630afb627dbaeed6388
15,combo,B0,train_002438_combo_YGF065,rsplit=1.600000;wprior=2.000000;gblock=0.050000,YGF065,YGF065,1.0,1.0,0,,0.0,561.5752479061484,0.4709996283054352,447652f65713d46ddc09c322e848828f4f72397f34a52a524d676ce7e2bb3b14
15,combo,B0,train_000629_combo_PKU027,rsplit=1.600000;wprior=2.000000;gblock=0.050000,PKU027,PKU027,1.0,1.0,0,,0.0,708.5452862083912,0.4104943946003914,ffbecab90504475e0f395afa5cfb3a1788f2560d0a041f601d191e14fe076fc7
15,combo,B0,test_004616_combo_WVO656,rsplit=1.600000;wprior=2.000000;gblock=0.050000,WVO656,W656,0.0,0.6666666666666667,1,,0.08333333333333333,573.1532108038664,14.794031158089638,d96784b470538b4f9c81f2ba9b6e2d121d54e4812fc58bd1abf41074e13c9772
15,combo,B0,test_004274_combo_CJJ061,rsplit=1.600000;wprior=2.000000;gblock=0.050000,CJJ061,C01,0.0,0.5,3,,0.16666666666666666,326.14148035645485,0.4857173189520836,558e443246b0440f43747719292ce32d3be00c7282991ec15da3cfea09b7c18f
15,combo,B0,train_002006_combo_DDG110,rsplit=1.600000;wprior=2.000000;gblock=0.050000,DDG110,DDT10,0.0,0.6666666666666667,1,,0.05555555555555555,499.73238725215197,17.006056383252144,31697adcdb5b1fc23f690f467eaa92267293089dfa23ccf14497b46027191ccf
15,combo,B0,train_002627_combo_XHT365,rsplit=1.600000;wprior=2.000000;gblock=0.050000,XHT365,XH365,0.0,0.8333333333333334,1,,0.09722222222222221,497.09821678698063,19.691345281898975,2bf12a34f50773b0285cd4ef6f41bead45b54885b6b2d1730f5f61281c3e429d
15,combo,B0,train_000845_combo_GJT984,rsplit=1.600000;wprior=2.000000;gblock=0.050000,GJT984,GT98,0.0,0.6666666666666667,1,,0.08333333333333333,494.90481801331043,14.589875936508179,bd18dbb9e11c7054e2ea5d48aa3fca9995e1fc06bfbca3ffffcc95c2184051cf
15,combo,B0,train_001493_combo_NJD571,rsplit=1.600000;wprior=2.000000;gblock=0.050000,NJD571,ND571,0.0,0.8333333333333334,0,,0.027777777777777776,545.409107580781,0.4701167345046997,5bfb681273674cde5bcae0997f24814d13d976e3e7d1d90cfe3d53c419f8481f
15,combo,B1,train_002951_combo_UFC607,rsplit=1.200000;wprior=2.000000;gblock=0.000000,UFC607,U607,0.0,0.6666666666666667,0,,0.05555555555555555,639.4082317128778,0.48863235861063004,e8012d95ad07335bba443ead44b7dd175f41086324fa0038065712f284154a9c
15,combo,B1,train_003653_combo_VJC050,rsplit=1.200000;wprior=2.000000;gblock=0.000000,VJC050,VJ050,0.0,0.8333333333333334,0,,0.027777777777777776,576.614037156105,16.864129342138767,9b92fd2a8d27d513adb9d68cc0d71ad5107c3323be738d849a0457aff6c3b5c5
15,combo,B1,train_001934_combo_QNQ797,rsplit=1.200000;wprior=2.000000;gblock=0.000000,QNQ797,QN79I,0.0,0.6666666666666667,1,,0.05555555555555555,519.5288471877575,25.290854275226593,b815f8ec59e164295d239f276075ffc10f74432a316591c31284228026cfd222
15,combo,B1,train_003113_combo_FYE782,rsplit=1.200000;wprior=2.000000;gblock=0.000000,FYE782,FYE82,0.0,0.8333333333333334,0,,0.027777777777777776,672.7875405922532,15.724919736385345,fae87ddde1ce0dd71f9f806d648f9fc9c238e0d404bd47af94ee76a8c1fefe45
15,combo,B1,train_003347_combo_CXI107,rsplit=1.200000;wprior=2.000000;gblock=0.000000,CXI107,CX107,0.0,0.8333333333333334,0,,0.027777777777777776,995.1083287596703,39.56424258649349,ae5a46a52874930b04dccf4c2d71cdc3e1d287c0f76aa06fd02b50a52a5c5dd4
15,combo,B1,train_001790_combo_HDK447,rsplit=1.200000;wprior=2.000000;gblock=0.000000,HDK447,HDK44,0.0,0.8333333333333334,0,,0.027777777777777776,591.8735563755035,19.42375022917986,863e282cfa9be3ad0e6de27254963a5c2beae66f3a8c84060a1cf03475e724af
15,combo,B1,train_000377_combo_BDU946,rsplit=1.200000;wprior=2.000000;gblock=0.000000,BDU946,BDU946,1.0,1.0,0,,0.0,717.8551992401481,10.071808472275734,dbb7521d0b43ceb11e736b2b6ff69c216652cfa6a0f732aacf620a0aa35f42ae
15,combo,B1,train_002438_combo_YGF065,rsplit=1.200000;wprior=2.000000;gblock=0.000000,YGF065,YGF065,1.0,1.0,0,,0.0,652.8907660394907,44.2689023911953,6825ede744577dcc953b3ebb5189831ff3815a523afde16f7693d7d558da3f69
15,combo,B1,train_000629_combo_PKU027,rsplit=1.200000;wprior=2.000000;gblock=0.000000,PKU027,PKU027,1.0,1.0,0,,0.0,677.6301320642233,0.452323816716671,1764b6e7c1ef94570a11b09183b49826122b3a617a7c6cd4b2636719eed1c471
15,combo,B1,test_004616_combo_WVO656,rsplit=1.200000;wprior=2.000000;gblock=0.000000,WVO656,WV656,0.0,0.8333333333333334,0,,0.027777777777777776,712.2786790132523,54.825455881655216,a33470aee13133895a2d048e64d99d6a00e944d5a304aa08c71454f0fef95d5e
15,combo,B1,test_004274_combo_CJJ061,rsplit=1.200000;wprior=2.000000;gblock=0.000000,CJJ061,C01,0.0,0.5,3,,0.16666666666666666,388.64000886678696,0.46286359429359436,04205ee361b9ee984599d023395c5c1f042c9f92ccf187dcfc0e9d6b6c8dc030
15,combo,B1,train_002006_combo_DDG110,rsplit=1.200000;wprior=2.000000;gblock=0.000000,DDG110,D1T10,0.0,0.5,0,,0.027777777777777776,607.2119483724236,14.635743573307991,b27a8358a8a17098c37a6348e80952cbb06da5b43f81422f7d0ebcf7ffb866d9
15,combo,B1,train_002627_combo_XHT365,rsplit=1.200000;wprior=2.000000;gblock=0.000000,XHT365,XHT365,1.0,1.0,0,,0.0,591.3592083379626,49.29840471595526,e697005737bac113f72b9ae50e5fa686d52a990e9afea4e4cc51a2e5af3a3ffe
15,combo,B1,train_000845_combo_GJT984,rsplit=1.200000;wprior=2.000000;gblock=0.000000,GJT984,GT984,0.0,0.8333333333333334,0,,0.027777777777777776,584.9416442215443,21.72080520540476,0c7f710e19468779d7803aaa159bbd50f090b4145be8b93305e7711a7a4a1645
15,combo,B1,train_001493_combo_NJD571,rsplit=1.200000;wprior=2.000000;gblock=0.000000,NJD571,ND571,0.0,0.8333333333333334,0,,0.027777777777777776,597.7166956290603,54.05324883759022,720a35542949a1ce809666d59752ceaf958c0450e87b895800a700dae283e2b2
15,combo,B2,train_002951_combo_UFC607,rsplit=1.200000;wprior=2.000000;gblock=0.000000,UFC607,U607,0.0,0.6666666666666667,0,,0.05555555555555555,639.4082317128778,0.48863235861063004,e8012d95ad07335bba443ead44b7dd175f41086324fa0038065712f284154a9c
15,combo,B2,train_003653_combo_VJC050,rsplit=1.200000;wprior=2.000000;gblock=0.000000,VJC050,VJ050,0.0,0.8333333333333334,0,,0.027777777777777776,576.614037156105,16.864129342138767,9b92fd2a8d27d513adb9d68cc0d71ad5107c3323be738d849a0457aff6c3b5c5
15,combo,B2,train_001934_combo_QNQ797,rsplit=1.200000;wprior=2.000000;gblock=0.000000,QNQ797,QN79I,0.0,0.6666666666666667,1,,0.05555555555555555,519.5288471877575,25.290854275226593,b815f8ec59e164295d239f276075ffc10f74432a316591c31284228026cfd222
15,combo,B2,train_003113_combo_FYE782,rsplit=1.200000;wprior=2.000000;gblock=0.000000,FYE782,FYE82,0.0,0.8333333333333334,0,,0.027777777777777776,672.7875405922532,15.724919736385345,fae87ddde1ce0dd71f9f806d648f9fc9c238e0d404bd47af94ee76a8c1fefe45
15,combo,B2,train_003347_combo_CXI107,rsplit=1.200000;wprior=2.000000;gblock=0.000000,CXI107,CX107,0.0,0.8333333333333334,0,,0.027777777777777776,995.1083287596703,39.56424258649349,ae5a46a52874930b04dccf4c2d71cdc3e1d287c0f76aa06fd02b50a52a5c5dd4
15,combo,B2,train_001790_combo_HDK447,rsplit=1.200000;wprior=2.000000;gblock=0.000000,HDK447,HDK44,0.0,0.8333333333333334,0,,0.027777777777777776,591.8735563755035,19.42375022917986,863e282cfa9be3ad0e6de27254963a5c2beae66f3a8c84060a1cf03475e724af
15,combo,B2,train_000377_combo_BDU946,rsplit=1.200000;wprior=2.000000;gblock=0.000000,BDU946,BDU946,1.0,1.0,0,,0.0,717.8551992401481,10.071808472275734,dbb7521d0b43ceb11e736b2b6ff69c216652cfa6a0f732aacf620a0aa35f42ae
15,combo,B2,train_002438_combo_YGF065,rsplit=1.200000;wprior=2.000000;gblock=0.000000,YGF065,YGF065,1.0,1.0,0,,0.0,652.8907660394907,44.2689023911953,6825ede744577dcc953b3ebb5189831ff3815a523afde16f7693d7d558da3f69
15,combo,B2,train_000629_combo_PKU027,rsplit=1.200000;wprior=2.000000;gblock=0.000000,PKU027,PKU027,1.0,1.0,0,,0.0,677.6301320642233,0.452323816716671,1764b6e7c1ef94570a11b09183b49826122b3a617a7c6cd4b2636719eed1c471
15,combo,B2,test_004616_combo_WVO656,rsplit=1.200000;wprior=2.000000;gblock=0.000000,WVO656,WV656,0.0,0.8333333333333334,0,,0.027777777777777776,712.2786790132523,54.825455881655216,a33470aee13133895a2d048e64d99d6a00e944d5a304aa08c71454f0fef95d5e
15,combo,B2,test_004274_combo_CJJ061,rsplit=1.200000;wprior=2.000000;gblock=0.000000,CJJ061,C01,0.0,0.5,3,,0.16666666666666666,388.64000886678696,0.46286359429359436,04205ee361b9ee984599d023395c5c1f042c9f92ccf187dcfc0e9d6b6c8dc030
15,combo,B2,train_002006_combo_DDG110,rsplit=1.200000;wprior=2.000000;gblock=0.000000,DDG110,D1T10,0.0,0.5,0,,0.027777777777777776,607.2119483724236,14.635743573307991,b27a8358a8a17098c37a6348e80952cbb06da5b43f81422f7d0ebcf7ffb866d9
15,combo,B2,train_002627_combo_XHT365,rsplit=1.200000;wprior=2.000000;gblock=0.000000,XHT365,XHT365,1.0,1.0,0,,0.0,591.3592083379626,49.29840471595526,e697005737bac113f72b9ae50e5fa686d52a990e9afea4e4cc51a2e5af3a3ffe
15,combo,B2,train_000845_combo_GJT984,rsplit=1.200000;wprior=2.000000;gblock=0.000000,GJT984,GT984,0.0,0.8333333333333334,0,,0.027777777777777776,584.9416442215443,21.72080520540476,0c7f710e19468779d7803aaa159bbd50f090b4145be8b93305e7711a7a4a1645
15,combo,B2,train_001493_combo_NJD571,rsplit=1.200000;wprior=2.000000;gblock=0.000000,NJD571,ND571,0.0,0.8333333333333334,0,,0.027777777777777776,597.7166956290603,54.05324883759022,720a35542949a1ce809666d59752ceaf958c0450e87b895800a700dae283e2b2
15,combo,B3,train_002951_combo_UFC607,rsplit=1.200000;wprior=2.000000;gblock=0.000000,UFC607,U607,0.0,0.6666666666666667,0,,0.05555555555555555,639.4082317128778,0.48863235861063004,e8012d95ad07335bba443ead44b7dd175f41086324fa0038065712f284154a9c
15,combo,B3,train_003653_combo_VJC050,rsplit=1.200000;wprior=2.000000;gblock=0.000000,VJC050,VJ050,0.0,0.8333333333333334,0,,0.027777777777777776,576.614037156105,16.864129342138767,9b92fd2a8d27d513adb9d68cc0d71ad5107c3323be738d849a0457aff6c3b5c5
15,combo,B3,train_001934_combo_QNQ797,rsplit=1.200000;wprior=2.000000;gblock=0.000000,QNQ797,QN79I,0.0,0.6666666666666667,1,,0.05555555555555555,519.5288471877575,25.290854275226593,b815f8ec59e164295d239f276075ffc10f74432a316591c31284228026cfd222
15,combo,B3,train_003113_combo_FYE782,rsplit=1.200000;wprior=2.000000;gblock=0.000000,FYE782,FYE82,0.0,0.8333333333333334,0,,0.027777777777777776,672.7875405922532,15.724919736385345,fae87ddde1ce0dd71f9f806d648f9fc9c238e0d404bd47af94ee76a8c1fefe45
15,combo,B3,train_003347_combo_CXI107,rsplit=1.200000;wprior=2.000000;gblock=0.000000,CXI107,CX107,0.0,0.8333333333333334,0,,0.027777777777777776,995.1083287596703,39.56424258649349,ae5a46a52874930b04dccf4c2d71cdc3e1d287c0f76aa06fd02b50a52a5c5dd4
15,combo,B3,train_001790_combo_HDK447,rsplit=1.200000;wprior=2.000000;gblock=0.000000,HDK447,HDK44,0.0,0.8333333333333334,0,,0.027777777777777776,591.8735563755035,19.42375022917986,863e282cfa9be3ad0e6de27254963a5c2beae66f3a8c84060a1cf03475e724af
15,combo,B3,train_000377_combo_BDU946,rsplit=1.200000;wprior=2.000000;gblock=0.000000,BDU946,BDU946,1.0,1.0,0,,0.0,717.8551992401481,10.071808472275734,dbb7521d0b43ceb11e736b2b6ff69c216652cfa6a0f732aacf620a0aa35f42ae
15,combo,B3,train_002438_combo_YGF065,rsplit=1.200000;wprior=2.000000;gblock=0.000000,YGF065,YGF065,1.0,1.0,0,,0.0,652.8907660394907,44.2689023911953,6825ede744577dcc953b3ebb5189831ff3815a523afde16f7693d7d558da3f69
15,combo,B3,train_000629_combo_PKU027,rsplit=1.200000;wprior=2.000000;gblock=0.000000,PKU027,PKU027,1.0,1.0,0,,0.0,677.6301320642233,0.452323816716671,1764b6e7c1ef94570a11b09183b49826122b3a617a7c6cd4b2636719eed1c471
15,combo,B3,test_004616_combo_WVO656,rsplit=1.200000;wprior=2.000000;gblock=0.000000,WVO656,WV656,0.0,0.8333333333333334,0,,0.027777777777777776,712.2786790132523,54.825455881655216,a33470aee13133895a2d048e64d99d6a00e944d5a304aa08c71454f0fef95d5e
15,combo,B3,test_004274_combo_CJJ061,rsplit=1.200000;wprior=2.000000;gblock=0.000000,CJJ061,C01,0.0,0.5,3,,0.16666666666666666,388.64000886678696,0.46286359429359436,04205ee361b9ee984599d023395c5c1f042c9f92ccf187dcfc0e9d6b6c8dc030
15,combo,B3,train_002006_combo_DDG110,rsplit=1.200000;wprior=2.000000;gblock=0.000000,DDG110,D1T10,0.0,0.5,0,,0.027777777777777776,607.2119483724236,14.635743573307991,b27a8358a8a17098c37a6348e80952cbb06da5b43f81422f7d0ebcf7ffb866d9
15,combo,B3,train_002627_combo_XHT365,rsplit=1.200000;wprior=2.000000;gblock=0.000000,XHT365,XHT365,1.0,1.0,0,,0.0,591.3592083379626,49.29840471595526,e697005737bac113f72b9ae50e5fa686d52a990e9afea4e4cc51a2e5af3a3ffe
15,combo,B3,train_000845_combo_GJT984,rsplit=1.200000;wprior=2.000000;gblock=0.000000,GJT984,GT984,0.0,0.8333333333333334,0,,0.027777777777777776,584.9416442215443,21.72080520540476,0c7f710e19468779d7803aaa159bbd50f090b4145be8b93305e7711a7a4a1645
15,combo,B3,train_001493_combo_NJD571,rsplit=1.200000;wprior=2.000000;gblock=0.000000,NJD571,ND571,0.0,0.8333333333333334,0,,0.027777777777777776,597.7166956290603,54.05324883759022,720a35542949a1ce809666d59752ceaf958c0450e87b895800a700dae283e2b2
15,combo,B3-I,train_002951_combo_UFC607,rsplit=1.200000;wprior=2.000000;gblock=0.000000,UFC607,U607,0.0,0.6666666666666667,0,,0.05555555555555555,639.4082317128778,0.48863235861063004,e8012d95ad07335bba443ead44b7dd175f41086324fa0038065712f284154a9c
15,combo,B3-I,train_003653_combo_VJC050,rsplit=1.200000;wprior=2.000000;gblock=0.000000,VJC050,VJ050,0.0,0.8333333333333334,0,,0.027777777777777776,576.614037156105,16.864129342138767,9b92fd2a8d27d513adb9d68cc0d71ad5107c3323be738d849a0457aff6c3b5c5
15,combo,B3-I,train_001934_combo_QNQ797,rsplit=1.200000;wprior=2.000000;gblock=0.000000,QNQ797,QN79I,0.0,0.6666666666666667,1,,0.05555555555555555,519.5288471877575,25.290854275226593,b815f8ec59e164295d239f276075ffc10f74432a316591c31284228026cfd222
15,combo,B3-I,train_003113_combo_FYE782,rsplit=1.200000;wprior=2.000000;gblock=0.000000,FYE782,FYE82,0.0,0.8333333333333334,0,,0.027777777777777776,672.7875405922532,15.724919736385345,fae87ddde1ce0dd71f9f806d648f9fc9c238e0d404bd47af94ee76a8c1fefe45
15,combo,B3-I,train_003347_combo_CXI107,rsplit=1.200000;wprior=2.000000;gblock=0.000000,CXI107,CX107,0.0,0.8333333333333334,0,,0.027777777777777776,995.1083287596703,39.56424258649349,ae5a46a52874930b04dccf4c2d71cdc3e1d287c0f76aa06fd02b50a52a5c5dd4
15,combo,B3-I,train_001790_combo_HDK447,rsplit=1.200000;wprior=2.000000;gblock=0.000000,HDK447,HDK44,0.0,0.8333333333333334,0,,0.027777777777777776,591.8735563755035,19.42375022917986,863e282cfa9be3ad0e6de27254963a5c2beae66f3a8c84060a1cf03475e724af
15,combo,B3-I,train_000377_combo_BDU946,rsplit=1.200000;wprior=2.000000;gblock=0.000000,BDU946,BDU946,1.0,1.0,0,,0.0,717.8551992401481,10.071808472275734,dbb7521d0b43ceb11e736b2b6ff69c216652cfa6a0f732aacf620a0aa35f42ae
15,combo,B3-I,train_002438_combo_YGF065,rsplit=1.200000;wprior=2.000000;gblock=0.000000,YGF065,YGF065,1.0,1.0,0,,0.0,652.8907660394907,44.2689023911953,6825ede744577dcc953b3ebb5189831ff3815a523afde16f7693d7d558da3f69
15,combo,B3-I,train_000629_combo_PKU027,rsplit=1.200000;wprior=2.000000;gblock=0.000000,PKU027,PKU027,1.0,1.0,0,,0.0,677.6301320642233,0.452323816716671,1764b6e7c1ef94570a11b09183b49826122b3a617a7c6cd4b2636719eed1c471
15,combo,B3-I,test_004616_combo_WVO656,rsplit=1.200000;wprior=2.000000;gblock=0.000000,WVO656,WV656,0.0,0.8333333333333334,0,,0.027777777777777776,712.2786790132523,54.825455881655216,a33470aee13133895a2d048e64d99d6a00e944d5a304aa08c71454f0fef95d5e
15,combo,B3-I,test_004274_combo_CJJ061,rsplit=1.200000;wprior=2.000000;gblock=0.000000,CJJ061,C01,0.0,0.5,3,,0.16666666666666666,388.64000886678696,0.46286359429359436,04205ee361b9ee984599d023395c5c1f042c9f92ccf187dcfc0e9d6b6c8dc030
15,combo,B3-I,train_002006_combo_DDG110,rsplit=1.200000;wprior=2.000000;gblock=0.000000,DDG110,D1T10,0.0,0.5,0,,0.027777777777777776,607.2119483724236,14.635743573307991,b27a8358a8a17098c37a6348e80952cbb06da5b43f81422f7d0ebcf7ffb866d9
15,combo,B3-I,train_002627_combo_XHT365,rsplit=1.200000;wprior=2.000000;gblock=0.000000,XHT365,XHT365,1.0,1.0,0,,0.0,591.3592083379626,49.29840471595526,e697005737bac113f72b9ae50e5fa686d52a990e9afea4e4cc51a2e5af3a3ffe
15,combo,B3-I,train_000845_combo_GJT984,rsplit=1.200000;wprior=2.000000;gblock=0.000000,GJT984,GT984,0.0,0.8333333333333334,0,,0.027777777777777776,584.9416442215443,21.72080520540476,0c7f710e19468779d7803aaa159bbd50f090b4145be8b93305e7711a7a4a1645
15,combo,B3-I,train_001493_combo_NJD571,rsplit=1.200000;wprior=2.000000;gblock=0.000000,NJD571,ND571,0.0,0.8333333333333334,0,,0.027777777777777776,597.7166956290603,54.05324883759022,720a35542949a1ce809666d59752ceaf958c0450e87b895800a700dae283e2b2
15,combo,B3-R0,train_002951_combo_UFC607,rsplit=1.200000;wprior=2.000000;gblock=0.000000,UFC607,U607,0.0,0.6666666666666667,0,,0.05555555555555555,639.4082317128778,0.48863235861063004,e8012d95ad07335bba443ead44b7dd175f41086324fa0038065712f284154a9c
15,combo,B3-R0,train_003653_combo_VJC050,rsplit=1.200000;wprior=2.000000;gblock=0.000000,VJC050,VJ050,0.0,0.8333333333333334,0,,0.027777777777777776,576.614037156105,16.864129342138767,9b92fd2a8d27d513adb9d68cc0d71ad5107c3323be738d849a0457aff6c3b5c5
15,combo,B3-R0,train_001934_combo_QNQ797,rsplit=1.200000;wprior=2.000000;gblock=0.000000,QNQ797,QN79I,0.0,0.6666666666666667,1,,0.05555555555555555,519.5288471877575,25.290854275226593,b815f8ec59e164295d239f276075ffc10f74432a316591c31284228026cfd222
15,combo,B3-R0,train_003113_combo_FYE782,rsplit=1.200000;wprior=2.000000;gblock=0.000000,FYE782,FYE82,0.0,0.8333333333333334,0,,0.027777777777777776,672.7875405922532,15.724919736385345,fae87ddde1ce0dd71f9f806d648f9fc9c238e0d404bd47af94ee76a8c1fefe45
15,combo,B3-R0,train_003347_combo_CXI107,rsplit=1.200000;wprior=2.000000;gblock=0.000000,CXI107,CX107,0.0,0.8333333333333334,0,,0.027777777777777776,995.1083287596703,39.56424258649349,ae5a46a52874930b04dccf4c2d71cdc3e1d287c0f76aa06fd02b50a52a5c5dd4
15,combo,B3-R0,train_001790_combo_HDK447,rsplit=1.200000;wprior=2.000000;gblock=0.000000,HDK447,HDK44,0.0,0.8333333333333334,0,,0.027777777777777776,591.8735563755035,19.42375022917986,863e282cfa9be3ad0e6de27254963a5c2beae66f3a8c84060a1cf03475e724af
15,combo,B3-R0,train_000377_combo_BDU946,rsplit=1.200000;wprior=2.000000;gblock=0.000000,BDU946,BDU946,1.0,1.0,0,,0.0,717.8551992401481,10.071808472275734,dbb7521d0b43ceb11e736b2b6ff69c216652cfa6a0f732aacf620a0aa35f42ae
15,combo,B3-R0,train_002438_combo_YGF065,rsplit=1.200000;wprior=2.000000;gblock=0.000000,YGF065,YGF065,1.0,1.0,0,,0.0,652.8907660394907,44.2689023911953,6825ede744577dcc953b3ebb5189831ff3815a523afde16f7693d7d558da3f69
15,combo,B3-R0,train_000629_combo_PKU027,rsplit=1.200000;wprior=2.000000;gblock=0.000000,PKU027,PKU027,1.0,1.0,0,,0.0,677.6301320642233,0.452323816716671,1764b6e7c1ef94570a11b09183b49826122b3a617a7c6cd4b2636719eed1c471
15,combo,B3-R0,test_004616_combo_WVO656,rsplit=1.200000;wprior=2.000000;gblock=0.000000,WVO656,WV656,0.0,0.8333333333333334,0,,0.027777777777777776,712.2786790132523,54.825455881655216,a33470aee13133895a2d048e64d99d6a00e944d5a304aa08c71454f0fef95d5e
15,combo,B3-R0,test_004274_combo_CJJ061,rsplit=1.200000;wprior=2.000000;gblock=0.000000,CJJ061,C01,0.0,0.5,3,,0.16666666666666666,388.64000886678696,0.46286359429359436,04205ee361b9ee984599d023395c5c1f042c9f92ccf187dcfc0e9d6b6c8dc030
15,combo,B3-R0,train_002006_combo_DDG110,rsplit=1.200000;wprior=2.000000;gblock=0.000000,DDG110,D1T10,0.0,0.5,0,,0.027777777777777776,607.2119483724236,14.635743573307991,b27a8358a8a17098c37a6348e80952cbb06da5b43f81422f7d0ebcf7ffb866d9
15,combo,B3-R0,train_002627_combo_XHT365,rsplit=1.200000;wprior=2.000000;gblock=0.000000,XHT365,XHT365,1.0,1.0,0,,0.0,591.3592083379626,49.29840471595526,e697005737bac113f72b9ae50e5fa686d52a990e9afea4e4cc51a2e5af3a3ffe
15,combo,B3-R0,train_000845_combo_GJT984,rsplit=1.200000;wprior=2.000000;gblock=0.000000,GJT984,GT984,0.0,0.8333333333333334,0,,0.027777777777777776,584.9416442215443,21.72080520540476,0c7f710e19468779d7803aaa159bbd50f090b4145be8b93305e7711a7a4a1645
15,combo,B3-R0,train_001493_combo_NJD571,rsplit=1.200000;wprior=2.000000;gblock=0.000000,NJD571,ND571,0.0,0.8333333333333334,0,,0.027777777777777776,597.7166956290603,54.05324883759022,720a35542949a1ce809666d59752ceaf958c0450e87b895800a700dae283e2b2
16,clean,B0,train_003726_clean_GJQ937,rsplit=1.600000;wprior=2.000000;gblock=0.050000,GJQ937,GJ937,0.0,0.8333333333333334,0,,0.027777777777777776,551.1038415133953,0.5775103345513344,23d69caf247967308eb5cdf925f7f1dac5009a9ec3ee995c727da8c18e62e4b9
16,clean,B0,train_001521_clean_CEW745,rsplit=1.600000;wprior=2.000000;gblock=0.050000,CEW745,CEW745,1.0,1.0,0,,0.0,581.4676694571972,15.868770889937878,60c6d4936dc3a02e8333edb355b106526c69727bab8caf2b6c299dd59df78e66
16,clean,B0,train_001332_clean_HHW030,rsplit=1.600000;wprior=2.000000;gblock=0.050000,HHW030,HHW030,1.0,1.0,0,,0.0,609.3372413888574,30.533107928931713,8ba4a4dd5b75137bf36ce32c82bfac3849624864caf158dbc3fc81a2edb93bbd
16,clean,B0,train_002736_clean_HPZ644,rsplit=1.600000;wprior=2.000000;gblock=0.050000,HPZ644,HPZ644,1.0,1.0,0,,0.0,613.7786451727152,0.47385506331920624,acc26be51cc23de674c2848394aa64327560237460375e41cf61770848b259ab
16,clean,B0,train_001269_clean_DUW739,rsplit=1.600000;wprior=2.000000;gblock=0.050000,DUW739,DUW739,1.0,1.0,0,,0.0,582.8420538455248,16.304492950439453,4eb29a04004783dd1a3a7c12aa9ed3e32b7924346fa9d54b9877e00f78b8262f
16,clean,B0,train_002547_clean_NPK320,rsplit=1.600000;wprior=2.000000;gblock=0.050000,NPK320,NK32,0.0,0.6666666666666667,0,,0.05555555555555555,559.191576205194,0.4695262759923935,8de5df911ab883f7353b23b7bcce7b6079625707e888ebb1e22694502f362fc0
16,clean,B0,train_001728_clean_KER117,rsplit=1.600000;wprior=2.000000;gblock=0.050000,KER117,KER117,1.0,1.0,0,,0.0,563.2419614121318,0.4816986620426178,f56e87eb6b7b2599d143cde167f2ddcb0406f34af0b0f3584bc6a1653a23faf5
16,clean,B0,test_004860_clean_HLA083,rsplit=1.600000;wprior=2.000000;gblock=0.050000,HLA083,HLA83,0.0,0.8333333333333334,0,,0.027777777777777776,570.791476406157,0.5272049456834793,6bc62b3222020538461017b9642e4efa1beb0d046a51d1eb5cc1d2bdc5fe288c
16,clean,B0,train_002691_clean_JSS473,rsplit=1.600000;wprior=2.000000;gblock=0.050000,JSS473,JSS473,1.0,1.0,0,,0.0,631.4175566658378,0.4216264933347702,1ea69f126d6860a6d6ad1b51755f9e7243aeaf47762349d83597b1899652a260
16,clean,B0,train_001179_clean_ACS339,rsplit=1.600000;wprior=2.000000;gblock=0.050000,ACS339,ACS339,1.0,1.0,0,,0.0,570.9246536716819,0.5209231749176979,d7e516b522330809aa14493f3fb9134ca03d4186217632b2779004acc1c3035e
16,clean,B0,test_004329_clean_WFL422,rsplit=1.600000;wprior=2.000000;gblock=0.050000,WFL422,WFL422,1.0,1.0,0,,0.0,569.8508061468601,15.919415280222893,0beccfad12f3844d6a35ae6ea183a81d54ca115513f942623d87b4e03005827c
16,clean,B0,train_003177_clean_PBR910,rsplit=1.600000;wprior=2.000000;gblock=0.050000,PBR910,DBR910,0.0,0.8333333333333334,0,,0.0,576.3705521821976,0.4707183688879013,be163edb294dfe886fa598017084bc03b23502d657c6078a39f04ffe13696d12
16,clean,B0,test_004995_clean_LPD562,rsplit=1.600000;wprior=2.000000;gblock=0.050000,LPD562,LDD562,0.0,0.8333333333333334,0,,0.0,555.3716477006674,0.4688352346420288,387164e94f23afedbe8f7df66b40f3807c16902b977c4b433852b0236653f07a
16,clean,B0,train_003249_clean_GFV723,rsplit=1.600000;wprior=2.000000;gblock=0.050000,GFV723,GFV723,1.0,1.0,0,,0.0,564.0977174043655,0.47342386096715927,5f881e18cb50a78650fac5e2e75dc2d00eabaf13b2a5c6742e5a96f260fe03bc
16,clean,B0,train_003933_clean_URB635,rsplit=1.600000;wprior=2.000000;gblock=0.050000,URB635,URB35,0.0,0.8333333333333334,0,,0.027777777777777776,573.6803440377116,0.46370550990104675,5b1d331301dae91ed2b7db4260933930851a54224742ed616f7a56a2d18ca08f
16,clean,B1,train_003726_clean_GJQ937,rsplit=1.200000;wprior=2.000000;gblock=0.000000,GJQ937,GJ937,0.0,0.8333333333333334,0,,0.027777777777777776,610.6528770178556,64.23235218971968,e33f696a6dd0d3b8ab0af777199df67b9f34fd57933378832a92914d8a55c464
16,clean,B1,train_001521_clean_CEW745,rsplit=1.200000;wprior=2.000000;gblock=0.000000,CEW745,CEW745,1.0,1.0,0,,0.0,584.8366916179657,19.66824196279049,5f8d9f9d825b23c70ed3570400dab75dd6f3c0982f1c4f9278e5d74717de1831
16,clean,B1,train_001332_clean_HHW030,rsplit=1.200000;wprior=2.000000;gblock=0.000000,HHW030,HHW030,1.0,1.0,0,,0.0,589.7372914478183,20.097090862691402,68f0e2404292a36ec2a29240b410cf1df8e6f2696edc5573aab83edb5cce9cca
16,clean,B1,train_002736_clean_HPZ644,rsplit=1.200000;wprior=2.000000;gblock=0.000000,HPZ644,HPZ644,1.0,1.0,0,,0.0,572.0023987814784,0.469256192445755,34a52e40d1d2046c811afceff9c16d4d551e4abc10a54b332fe6d4144ce7735a
16,clean,B1,train_001269_clean_DUW739,rsplit=1.200000;wprior=2.000000;gblock=0.000000,DUW739,DUW739,1.0,1.0,0,,0.0,571.6171497479081,19.508179277181625,2f2068cc32209e0253e869a156a87e40959cb3bacc7cca3fa8eb5d7f1c8194a4
16,clean,B1,train_002547_clean_NPK320,rsplit=1.200000;wprior=2.000000;gblock=0.000000,NPK320,NK32,0.0,0.6666666666666667,0,,0.05555555555555555,562.8015222027898,0.46699121594429016,5eab7cd6cac4d74d41bcc6d5201f14918c62b4c1ea052bcc3d5b1c32bb68f33b
16,clean,B1,train_001728_clean_KER117,rsplit=1.200000;wprior=2.000000;gblock=0.000000,KER117,KER117,1.0,1.0,0,,0.0,564.6087825298309,13.964165933430195,73693b746647cb34f1d5631465ab6d03edceb248e905019c5768b7ddbdd7f54a
16,clean,B1,test_004860_clean_HLA083,rsplit=1.200000;wprior=2.000000;gblock=0.000000,HLA083,HLA83,0.0,0.8333333333333334,0,,0.027777777777777776,580.0399892032146,12.248187325894833,724c17662881a2623155a1a8b1b30b086044ccc642603b8d133f363b71851dc4
16,clean,B1,train_002691_clean_JSS473,rsplit=1.200000;wprior=2.000000;gblock=0.000000,JSS473,JSS473,1.0,1.0,0,,0.0,590.728085488081,0.4180893301963806,5c0505e381edb31098dbe91ebb59cef6926b0ea944a25edb716043aed72d6c16
16,clean,B1,train_001179_clean_ACS339,rsplit=1.200000;wprior=2.000000;gblock=0.000000,ACS339,ACS339,1.0,1.0,0,,0.0,564.6844608709216,14.938395470380783,fad64902d471592bce407d96eae8aa06419d0ffc511863794dd0e6d83248986d
16,clean,B1,test_004329_clean_WFL422,rsplit=1.200000;wprior=2.000000;gblock=0.000000,WFL422,WFL422,1.0,1.0,0,,0.0,573.5339028760791,17.646435648202896,51923a6f4c1c4cff10fe21f84ccf8961e4797112fc999c1cf9ebce14a263f9b5
16,clean,B1,train_003177_clean_PBR910,rsplit=1.200000;wprior=2.000000;gblock=0.000000,PBR910,DBR910,0.0,0.8333333333333334,0,,0.0,549.1212764754891,0.49092620611190796,18b0d1b8e2fc7bed876206c16cbe94000e68c8d37f4612c0927fdc0c475f3dbb
16,clean,B1,test_004995_clean_LPD562,rsplit=1.200000;wprior=2.000000;gblock=0.000000,LPD562,LDD562,0.0,0.8333333333333334,0,,0.0,563.6957250535488,10.750891640782356,aede5d94a18904a12aa1c41dc982a5450921f43b593cad5da2e3810bc9fa07cd
16,clean,B1,train_003249_clean_GFV723,rsplit=1.200000;wprior=2.000000;gblock=0.000000,GFV723,GFV723,1.0,1.0,0,,0.0,568.4029078111053,26.585998944938183,2590af83653f03263dde53079d7d2d5cfcd67093a396d6a640aac063c1bcf9c5
16,clean,B1,train_003933_clean_URB635,rsplit=1.200000;wprior=2.000000;gblock=0.000000,URB635,URB35,0.0,0.8333333333333334,0,,0.027777777777777776,552.0861204713583,0.5003344267606735,f90bbadb7f4655b682febaf1262e7bd6fff0ad2554cd5b07333e03200f77dc3a
16,clean,B2,train_003726_clean_GJQ937,rsplit=1.200000;wprior=2.000000;gblock=0.000000,GJQ937,GJ937,0.0,0.8333333333333334,0,,0.027777777777777776,610.6528770178556,64.23235218971968,e33f696a6dd0d3b8ab0af777199df67b9f34fd57933378832a92914d8a55c464
16,clean,B2,train_001521_clean_CEW745,rsplit=1.200000;wprior=2.000000;gblock=0.000000,CEW745,CEW745,1.0,1.0,0,,0.0,584.8366916179657,19.66824196279049,5f8d9f9d825b23c70ed3570400dab75dd6f3c0982f1c4f9278e5d74717de1831
16,clean,B2,train_001332_clean_HHW030,rsplit=1.200000;wprior=2.000000;gblock=0.000000,HHW030,HHW030,1.0,1.0,0,,0.0,589.7372914478183,20.097090862691402,68f0e2404292a36ec2a29240b410cf1df8e6f2696edc5573aab83edb5cce9cca
16,clean,B2,train_002736_clean_HPZ644,rsplit=1.200000;wprior=2.000000;gblock=0.000000,HPZ644,HPZ644,1.0,1.0,0,,0.0,572.0023987814784,0.469256192445755,34a52e40d1d2046c811afceff9c16d4d551e4abc10a54b332fe6d4144ce7735a
16,clean,B2,train_001269_clean_DUW739,rsplit=1.200000;wprior=2.000000;gblock=0.000000,DUW739,DUW739,1.0,1.0,0,,0.0,571.6171497479081,19.508179277181625,2f2068cc32209e0253e869a156a87e40959cb3bacc7cca3fa8eb5d7f1c8194a4
16,clean,B2,train_002547_clean_NPK320,rsplit=1.200000;wprior=2.000000;gblock=0.000000,NPK320,NK32,0.0,0.6666666666666667,0,,0.05555555555555555,562.8015222027898,0.46699121594429016,5eab7cd6cac4d74d41bcc6d5201f14918c62b4c1ea052bcc3d5b1c32bb68f33b
16,clean,B2,train_001728_clean_KER117,rsplit=1.200000;wprior=2.000000;gblock=0.000000,KER117,KER117,1.0,1.0,0,,0.0,564.6087825298309,13.964165933430195,73693b746647cb34f1d5631465ab6d03edceb248e905019c5768b7ddbdd7f54a
16,clean,B2,test_004860_clean_HLA083,rsplit=1.200000;wprior=2.000000;gblock=0.000000,HLA083,HLA83,0.0,0.8333333333333334,0,,0.027777777777777776,580.0399892032146,12.248187325894833,724c17662881a2623155a1a8b1b30b086044ccc642603b8d133f363b71851dc4
16,clean,B2,train_002691_clean_JSS473,rsplit=1.200000;wprior=2.000000;gblock=0.000000,JSS473,JSS473,1.0,1.0,0,,0.0,590.728085488081,0.4180893301963806,5c0505e381edb31098dbe91ebb59cef6926b0ea944a25edb716043aed72d6c16
16,clean,B2,train_001179_clean_ACS339,rsplit=1.200000;wprior=2.000000;gblock=0.000000,ACS339,ACS339,1.0,1.0,0,,0.0,564.6844608709216,14.938395470380783,fad64902d471592bce407d96eae8aa06419d0ffc511863794dd0e6d83248986d
16,clean,B2,test_004329_clean_WFL422,rsplit=1.200000;wprior=2.000000;gblock=0.000000,WFL422,WFL422,1.0,1.0,0,,0.0,573.5339028760791,17.646435648202896,51923a6f4c1c4cff10fe21f84ccf8961e4797112fc999c1cf9ebce14a263f9b5
16,clean,B2,train_003177_clean_PBR910,rsplit=1.200000;wprior=2.000000;gblock=0.000000,PBR910,DBR910,0.0,0.8333333333333334,0,,0.0,549.1212764754891,0.49092620611190796,18b0d1b8e2fc7bed876206c16cbe94000e68c8d37f4612c0927fdc0c475f3dbb
16,clean,B2,test_004995_clean_LPD562,rsplit=1.200000;wprior=2.000000;gblock=0.000000,LPD562,LDD562,0.0,0.8333333333333334,0,,0.0,563.6957250535488,10.750891640782356,aede5d94a18904a12aa1c41dc982a5450921f43b593cad5da2e3810bc9fa07cd
16,clean,B2,train_003249_clean_GFV723,rsplit=1.200000;wprior=2.000000;gblock=0.000000,GFV723,GFV723,1.0,1.0,0,,0.0,568.4029078111053,26.585998944938183,2590af83653f03263dde53079d7d2d5cfcd67093a396d6a640aac063c1bcf9c5
16,clean,B2,train_003933_clean_URB635,rsplit=1.200000;wprior=2.000000;gblock=0.000000,URB635,URB35,0.0,0.8333333333333334,0,,0.027777777777777776,552.0861204713583,0.5003344267606735,f90bbadb7f4655b682febaf1262e7bd6fff0ad2554cd5b07333e03200f77dc3a
16,clean,B3,train_003726_clean_GJQ937,rsplit=1.200000;wprior=2.000000;gblock=0.000000,GJQ937,GJ937,0.0,0.8333333333333334,0,,0.027777777777777776,610.6528770178556,64.23235218971968,e33f696a6dd0d3b8ab0af777199df67b9f34fd57933378832a92914d8a55c464
16,clean,B3,train_001521_clean_CEW745,rsplit=1.200000;wprior=2.000000;gblock=0.000000,CEW745,CEW745,1.0,1.0,0,,0.0,584.8366916179657,19.66824196279049,5f8d9f9d825b23c70ed3570400dab75dd6f3c0982f1c4f9278e5d74717de1831
16,clean,B3,train_001332_clean_HHW030,rsplit=1.200000;wprior=2.000000;gblock=0.000000,HHW030,HHW030,1.0,1.0,0,,0.0,589.7372914478183,20.097090862691402,68f0e2404292a36ec2a29240b410cf1df8e6f2696edc5573aab83edb5cce9cca
16,clean,B3,train_002736_clean_HPZ644,rsplit=1.200000;wprior=2.000000;gblock=0.000000,HPZ644,HPZ644,1.0,1.0,0,,0.0,572.0023987814784,0.469256192445755,34a52e40d1d2046c811afceff9c16d4d551e4abc10a54b332fe6d4144ce7735a
16,clean,B3,train_001269_clean_DUW739,rsplit=1.200000;wprior=2.000000;gblock=0.000000,DUW739,DUW739,1.0,1.0,0,,0.0,571.6171497479081,19.508179277181625,2f2068cc32209e0253e869a156a87e40959cb3bacc7cca3fa8eb5d7f1c8194a4
16,clean,B3,train_002547_clean_NPK320,rsplit=1.200000;wprior=2.000000;gblock=0.000000,NPK320,NK32,0.0,0.6666666666666667,0,,0.05555555555555555,562.8015222027898,0.46699121594429016,5eab7cd6cac4d74d41bcc6d5201f14918c62b4c1ea052bcc3d5b1c32bb68f33b
16,clean,B3,train_001728_clean_KER117,rsplit=1.200000;wprior=2.000000;gblock=0.000000,KER117,KER117,1.0,1.0,0,,0.0,564.6087825298309,13.964165933430195,73693b746647cb34f1d5631465ab6d03edceb248e905019c5768b7ddbdd7f54a
16,clean,B3,test_004860_clean_HLA083,rsplit=1.200000;wprior=2.000000;gblock=0.000000,HLA083,HLA83,0.0,0.8333333333333334,0,,0.027777777777777776,580.0399892032146,12.248187325894833,724c17662881a2623155a1a8b1b30b086044ccc642603b8d133f363b71851dc4
16,clean,B3,train_002691_clean_JSS473,rsplit=1.200000;wprior=2.000000;gblock=0.000000,JSS473,JSS473,1.0,1.0,0,,0.0,590.728085488081,0.4180893301963806,5c0505e381edb31098dbe91ebb59cef6926b0ea944a25edb716043aed72d6c16
16,clean,B3,train_001179_clean_ACS339,rsplit=1.200000;wprior=2.000000;gblock=0.000000,ACS339,ACS339,1.0,1.0,0,,0.0,564.6844608709216,14.938395470380783,fad64902d471592bce407d96eae8aa06419d0ffc511863794dd0e6d83248986d
16,clean,B3,test_004329_clean_WFL422,rsplit=1.200000;wprior=2.000000;gblock=0.000000,WFL422,WFL422,1.0,1.0,0,,0.0,573.5339028760791,17.646435648202896,51923a6f4c1c4cff10fe21f84ccf8961e4797112fc999c1cf9ebce14a263f9b5
16,clean,B3,train_003177_clean_PBR910,rsplit=1.200000;wprior=2.000000;gblock=0.000000,PBR910,DBR910,0.0,0.8333333333333334,0,,0.0,549.1212764754891,0.49092620611190796,18b0d1b8e2fc7bed876206c16cbe94000e68c8d37f4612c0927fdc0c475f3dbb
16,clean,B3,test_004995_clean_LPD562,rsplit=1.200000;wprior=2.000000;gblock=0.000000,LPD562,LDD562,0.0,0.8333333333333334,0,,0.0,563.6957250535488,10.750891640782356,aede5d94a18904a12aa1c41dc982a5450921f43b593cad5da2e3810bc9fa07cd
16,clean,B3,train_003249_clean_GFV723,rsplit=1.200000;wprior=2.000000;gblock=0.000000,GFV723,GFV723,1.0,1.0,0,,0.0,568.4029078111053,26.585998944938183,2590af83653f03263dde53079d7d2d5cfcd67093a396d6a640aac063c1bcf9c5
16,clean,B3,train_003933_clean_URB635,rsplit=1.200000;wprior=2.000000;gblock=0.000000,URB635,URB35,0.0,0.8333333333333334,0,,0.027777777777777776,552.0861204713583,0.5003344267606735,f90bbadb7f4655b682febaf1262e7bd6fff0ad2554cd5b07333e03200f77dc3a
16,clean,B3-I,train_003726_clean_GJQ937,rsplit=1.200000;wprior=2.000000;gblock=0.000000,GJQ937,GJ937,0.0,0.8333333333333334,0,,0.027777777777777776,610.6528770178556,64.23235218971968,e33f696a6dd0d3b8ab0af777199df67b9f34fd57933378832a92914d8a55c464
16,clean,B3-I,train_001521_clean_CEW745,rsplit=1.200000;wprior=2.000000;gblock=0.000000,CEW745,CEW745,1.0,1.0,0,,0.0,584.8366916179657,19.66824196279049,5f8d9f9d825b23c70ed3570400dab75dd6f3c0982f1c4f9278e5d74717de1831
16,clean,B3-I,train_001332_clean_HHW030,rsplit=1.200000;wprior=2.000000;gblock=0.000000,HHW030,HHW030,1.0,1.0,0,,0.0,589.7372914478183,20.097090862691402,68f0e2404292a36ec2a29240b410cf1df8e6f2696edc5573aab83edb5cce9cca
16,clean,B3-I,train_002736_clean_HPZ644,rsplit=1.200000;wprior=2.000000;gblock=0.000000,HPZ644,HPZ644,1.0,1.0,0,,0.0,572.0023987814784,0.469256192445755,34a52e40d1d2046c811afceff9c16d4d551e4abc10a54b332fe6d4144ce7735a
16,clean,B3-I,train_001269_clean_DUW739,rsplit=1.200000;wprior=2.000000;gblock=0.000000,DUW739,DUW739,1.0,1.0,0,,0.0,571.6171497479081,19.508179277181625,2f2068cc32209e0253e869a156a87e40959cb3bacc7cca3fa8eb5d7f1c8194a4
16,clean,B3-I,train_002547_clean_NPK320,rsplit=1.200000;wprior=2.000000;gblock=0.000000,NPK320,NK32,0.0,0.6666666666666667,0,,0.05555555555555555,562.8015222027898,0.46699121594429016,5eab7cd6cac4d74d41bcc6d5201f14918c62b4c1ea052bcc3d5b1c32bb68f33b
16,clean,B3-I,train_001728_clean_KER117,rsplit=1.200000;wprior=2.000000;gblock=0.000000,KER117,KER117,1.0,1.0,0,,0.0,564.6087825298309,13.964165933430195,73693b746647cb34f1d5631465ab6d03edceb248e905019c5768b7ddbdd7f54a
16,clean,B3-I,test_004860_clean_HLA083,rsplit=1.200000;wprior=2.000000;gblock=0.000000,HLA083,HLA83,0.0,0.8333333333333334,0,,0.027777777777777776,580.0399892032146,12.248187325894833,724c17662881a2623155a1a8b1b30b086044ccc642603b8d133f363b71851dc4
16,clean,B3-I,train_002691_clean_JSS473,rsplit=1.200000;wprior=2.000000;gblock=0.000000,JSS473,JSS473,1.0,1.0,0,,0.0,590.728085488081,0.4180893301963806,5c0505e381edb31098dbe91ebb59cef6926b0ea944a25edb716043aed72d6c16
16,clean,B3-I,train_001179_clean_ACS339,rsplit=1.200000;wprior=2.000000;gblock=0.000000,ACS339,ACS339,1.0,1.0,0,,0.0,564.6844608709216,14.938395470380783,fad64902d471592bce407d96eae8aa06419d0ffc511863794dd0e6d83248986d
16,clean,B3-I,test_004329_clean_WFL422,rsplit=1.200000;wprior=2.000000;gblock=0.000000,WFL422,WFL422,1.0,1.0,0,,0.0,573.5339028760791,17.646435648202896,51923a6f4c1c4cff10fe21f84ccf8961e4797112fc999c1cf9ebce14a263f9b5
16,clean,B3-I,train_003177_clean_PBR910,rsplit=1.200000;wprior=2.000000;gblock=0.000000,PBR910,DBR910,0.0,0.8333333333333334,0,,0.0,549.1212764754891,0.49092620611190796,18b0d1b8e2fc7bed876206c16cbe94000e68c8d37f4612c0927fdc0c475f3dbb
16,clean,B3-I,test_004995_clean_LPD562,rsplit=1.200000;wprior=2.000000;gblock=0.000000,LPD562,LDD562,0.0,0.8333333333333334,0,,0.0,563.6957250535488,10.750891640782356,aede5d94a18904a12aa1c41dc982a5450921f43b593cad5da2e3810bc9fa07cd
16,clean,B3-I,train_003249_clean_GFV723,rsplit=1.200000;wprior=2.000000;gblock=0.000000,GFV723,GFV723,1.0,1.0,0,,0.0,568.4029078111053,26.585998944938183,2590af83653f03263dde53079d7d2d5cfcd67093a396d6a640aac063c1bcf9c5
16,clean,B3-I,train_003933_clean_URB635,rsplit=1.200000;wprior=2.000000;gblock=0.000000,URB635,URB35,0.0,0.8333333333333334,0,,0.027777777777777776,552.0861204713583,0.5003344267606735,f90bbadb7f4655b682febaf1262e7bd6fff0ad2554cd5b07333e03200f77dc3a
16,clean,B3-R0,train_003726_clean_GJQ937,rsplit=1.200000;wprior=2.000000;gblock=0.000000,GJQ937,GJ937,0.0,0.8333333333333334,0,,0.027777777777777776,610.6528770178556,64.23235218971968,e33f696a6dd0d3b8ab0af777199df67b9f34fd57933378832a92914d8a55c464
16,clean,B3-R0,train_001521_clean_CEW745,rsplit=1.200000;wprior=2.000000;gblock=0.000000,CEW745,CEW745,1.0,1.0,0,,0.0,584.8366916179657,19.66824196279049,5f8d9f9d825b23c70ed3570400dab75dd6f3c0982f1c4f9278e5d74717de1831
16,clean,B3-R0,train_001332_clean_HHW030,rsplit=1.200000;wprior=2.000000;gblock=0.000000,HHW030,HHW030,1.0,1.0,0,,0.0,589.7372914478183,20.097090862691402,68f0e2404292a36ec2a29240b410cf1df8e6f2696edc5573aab83edb5cce9cca
16,clean,B3-R0,train_002736_clean_HPZ644,rsplit=1.200000;wprior=2.000000;gblock=0.000000,HPZ644,HPZ644,1.0,1.0,0,,0.0,572.0023987814784,0.469256192445755,34a52e40d1d2046c811afceff9c16d4d551e4abc10a54b332fe6d4144ce7735a
16,clean,B3-R0,train_001269_clean_DUW739,rsplit=1.200000;wprior=2.000000;gblock=0.000000,DUW739,DUW739,1.0,1.0,0,,0.0,571.6171497479081,19.508179277181625,2f2068cc32209e0253e869a156a87e40959cb3bacc7cca3fa8eb5d7f1c8194a4
16,clean,B3-R0,train_002547_clean_NPK320,rsplit=1.200000;wprior=2.000000;gblock=0.000000,NPK320,NK32,0.0,0.6666666666666667,0,,0.05555555555555555,562.8015222027898,0.46699121594429016,5eab7cd6cac4d74d41bcc6d5201f14918c62b4c1ea052bcc3d5b1c32bb68f33b
16,clean,B3-R0,train_001728_clean_KER117,rsplit=1.200000;wprior=2.000000;gblock=0.000000,KER117,KER117,1.0,1.0,0,,0.0,564.6087825298309,13.964165933430195,73693b746647cb34f1d5631465ab6d03edceb248e905019c5768b7ddbdd7f54a
16,clean,B3-R0,test_004860_clean_HLA083,rsplit=1.200000;wprior=2.000000;gblock=0.000000,HLA083,HLA83,0.0,0.8333333333333334,0,,0.027777777777777776,580.0399892032146,12.248187325894833,724c17662881a2623155a1a8b1b30b086044ccc642603b8d133f363b71851dc4
16,clean,B3-R0,train_002691_clean_JSS473,rsplit=1.200000;wprior=2.000000;gblock=0.000000,JSS473,JSS473,1.0,1.0,0,,0.0,590.728085488081,0.4180893301963806,5c0505e381edb31098dbe91ebb59cef6926b0ea944a25edb716043aed72d6c16
16,clean,B3-R0,train_001179_clean_ACS339,rsplit=1.200000;wprior=2.000000;gblock=0.000000,ACS339,ACS339,1.0,1.0,0,,0.0,564.6844608709216,14.938395470380783,fad64902d471592bce407d96eae8aa06419d0ffc511863794dd0e6d83248986d
16,clean,B3-R0,test_004329_clean_WFL422,rsplit=1.200000;wprior=2.000000;gblock=0.000000,WFL422,WFL422,1.0,1.0,0,,0.0,573.5339028760791,17.646435648202896,51923a6f4c1c4cff10fe21f84ccf8961e4797112fc999c1cf9ebce14a263f9b5
16,clean,B3-R0,train_003177_clean_PBR910,rsplit=1.200000;wprior=2.000000;gblock=0.000000,PBR910,DBR910,0.0,0.8333333333333334,0,,0.0,549.1212764754891,0.49092620611190796,18b0d1b8e2fc7bed876206c16cbe94000e68c8d37f4612c0927fdc0c475f3dbb
16,clean,B3-R0,test_004995_clean_LPD562,rsplit=1.200000;wprior=2.000000;gblock=0.000000,LPD562,LDD562,0.0,0.8333333333333334,0,,0.0,563.6957250535488,10.750891640782356,aede5d94a18904a12aa1c41dc982a5450921f43b593cad5da2e3810bc9fa07cd
16,clean,B3-R0,train_003249_clean_GFV723,rsplit=1.200000;wprior=2.000000;gblock=0.000000,GFV723,GFV723,1.0,1.0,0,,0.0,568.4029078111053,26.585998944938183,2590af83653f03263dde53079d7d2d5cfcd67093a396d6a640aac063c1bcf9c5
16,clean,B3-R0,train_003933_clean_URB635,rsplit=1.200000;wprior=2.000000;gblock=0.000000,URB635,URB35,0.0,0.8333333333333334,0,,0.027777777777777776,552.0861204713583,0.5003344267606735,f90bbadb7f4655b682febaf1262e7bd6fff0ad2554cd5b07333e03200f77dc3a
